1 0 move 57 13
1 1 move 51 5
1 2 move 21 16
1 3 move 40 9
1 4 move 40 14
2 0 move 56 13
2 1 move 50 5
2 2 move 20 16
2 3 move 40 10
2 4 move 40 15
3 0 move 55 13
3 1 move 49 5
3 2 move 19 16
3 3 move 40 11
3 4 move 40 16
4 0 move 54 13
4 1 move 48 5
4 2 move 19 17
4 3 dock 39 11
4 4 move 40 17
5 0 move 53 13
5 1 move 47 5
5 2 move 19 18
5 3 move 41 11
5 4 move 40 18
6 0 move 52 13
6 1 move 47 6
6 2 move 19 19
6 3 move 41 10
6 4 move 40 19
7 0 move 51 13
7 1 pick 46 6
7 2 move 19 20
7 3 move 41 9
7 4 move 40 20
8 0 move 50 13
8 1 pick 46 6
8 2 move 19 21
8 3 move 41 8
8 4 move 40 21
9 0 move 49 13
9 1 pick 46 6
9 2 move 19 22
9 3 move 41 7
9 4 move 40 22
10 0 move 48 13
10 1 move 47 7
10 2 move 19 23
10 3 move 41 6
10 4 move 40 23
11 0 move 47 13
11 1 pick 46 7
11 2 move 19 24
11 3 move 41 5
11 4 move 40 24
12 0 move 47 14
12 1 move 47 8
12 2 move 19 25
12 3 move 40 5
12 4 move 40 25
13 0 pick 46 14
13 1 move 47 9
13 2 move 19 26
13 3 move 39 5
13 4 move 40 26
14 0 move 47 15
14 1 move 47 10
14 2 move 19 27
14 3 undock 38 5
14 4 move 40 27
15 0 move 47 16
15 1 move 47 11
15 2 dock 18 27
15 3 move 40 5
15 4 move 40 28
16 0 move 46 16
16 1 move 47 12
16 2 move 20 27
16 3 move 40 6
16 4 dock 39 28
17 0 move 45 16
17 1 pick 46 12
17 2 move 20 28
17 3 move 40 7
17 4 move 41 28
18 0 move 44 16
18 1 move 47 13
18 2 move 20 29
18 3 move 40 8
18 4 move 41 29
19 0 move 44 15
19 1 move 47 14
19 2 move 20 30
19 3 dock 39 8
19 4 move 41 30
20 0 move 44 14
20 1 pick 46 14
20 2 move 20 31
20 3 move 41 8
20 4 move 41 31
21 0 move 44 13
21 1 move 48 14
21 2 move 20 32
21 3 move 41 7
21 4 move 41 32
22 0 move 44 12
22 1 move 49 14
22 2 move 19 32
22 3 move 41 6
22 4 move 40 32
23 0 move 44 11
23 1 move 50 14
23 2 move 18 32
23 3 move 41 5
23 4 move 39 32
24 0 pick 45 11
24 1 move 51 14
24 2 undock 17 32
24 3 move 40 5
24 4 undock 38 32
25 0 move 44 10
25 1 move 52 14
25 2 move 19 32
25 3 undock 39 5
25 4 move 40 32
26 0 pick 45 10
26 1 move 53 14
26 2 move 20 32
26 3 move 40 4
26 4 move 40 31
27 0 pick 45 10
27 1 move 54 14
27 2 move 21 32
27 3 move 39 4
27 4 move 40 30
28 0 pick 45 10
28 1 move 55 14
28 2 move 22 32
28 3 move 38 4
28 4 move 40 29
29 0 pick 45 10
29 1 move 56 14
29 2 move 23 32
29 3 move 37 4
29 4 dock 39 29
30 0 move 43 10
30 1 move 57 14
30 2 move 24 32
30 3 move 37 5
30 4 move 41 29
31 0 move 42 10
31 1 move 58 14
31 2 move 25 32
31 3 move 37 6
31 4 move 41 30
32 0 move 41 10
32 1 move 59 14
32 2 dock 25 31
32 3 move 37 7
32 4 move 41 31
33 0 move 40 10
33 1 fulfill 59 14
33 2 move 25 33
33 3 move 37 8
33 4 move 41 32
34 0 move 40 11
34 1 move 58 14
34 2 undock 25 32
34 3 move 37 9
34 4 move 40 32
35 0 move 40 12
35 1 move 57 14
35 2 dock 25 32
35 3 dock 38 9
35 4 undock 39 32
36 0 move 40 13
36 1 move 56 14
36 2 move 24 33
36 3 move 36 9
36 4 move 40 33
37 0 move 40 14
37 1 move 55 14
37 2 move 23 33
37 3 move 36 8
37 4 move 39 33
38 0 move 40 15
38 1 move 54 14
38 2 move 22 33
38 3 move 36 7
38 4 move 38 33
39 0 move 40 16
39 1 move 53 14
39 2 move 21 33
39 3 move 36 6
39 4 move 37 33
40 0 move 39 16
40 1 move 52 14
40 2 move 20 33
40 3 move 36 5
40 4 move 37 32
41 0 move 38 16
41 1 move 51 14
41 2 move 19 33
41 3 move 36 4
41 4 move 37 31
42 0 move 37 16
42 1 move 50 14
42 2 move 18 33
42 3 move 37 4
42 4 move 37 30
43 0 move 36 16
43 1 move 49 14
43 2 undock 18 32
43 3 undock 38 4
43 4 move 37 29
44 0 move 35 16
44 1 move 48 14
44 2 move 17 33
44 3 move 37 3
44 4 move 37 28
45 0 move 34 16
45 1 move 47 14
45 2 move 16 33
45 3 move 38 3
45 4 dock 38 28
46 0 move 33 16
46 1 move 47 15
46 2 move 16 32
46 3 move 39 3
46 4 move 36 28
47 0 move 33 17
47 1 move 47 16
47 2 move 16 31
47 3 move 39 4
47 4 move 36 29
48 0 move 33 18
48 1 move 46 16
48 2 move 16 30
48 3 move 40 4
48 4 move 36 30
49 0 move 33 19
49 1 move 45 16
49 2 move 16 29
49 3 move 40 5
49 4 move 36 31
50 0 move 33 20
50 1 move 44 16
50 2 dock 17 29
50 3 move 40 6
50 4 move 36 32
51 0 move 33 21
51 1 move 44 15
51 2 move 15 29
51 3 move 40 7
51 4 move 36 33
52 0 move 33 22
52 1 move 44 14
52 2 move 15 30
52 3 move 41 7
52 4 move 37 33
53 0 move 33 23
53 1 move 44 13
53 2 move 15 31
53 3 move 42 7
53 4 undock 38 33
54 0 pick 32 23
54 1 move 44 12
54 2 move 15 32
54 3 move 43 7
54 4 move 36 33
55 0 move 33 24
55 1 move 44 11
55 2 move 15 33
55 3 move 44 7
55 4 move 35 33
56 0 move 33 25
56 1 move 44 10
56 2 move 16 33
56 3 dock 45 7
56 4 move 34 33
57 0 move 33 26
57 1 pick 45 10
57 2 undock 17 33
57 3 move 43 7
57 4 move 33 33
58 0 move 33 27
58 1 pick 45 10
58 2 move 16 34
58 3 undock 44 7
58 4 move 32 33
59 0 move 33 28
59 1 pick 45 10
59 2 move 17 34
59 3 move 43 6
59 4 move 31 33
60 0 move 33 29
60 1 pick 45 10
60 2 move 18 34
60 3 move 44 6
60 4 move 30 33
61 0 move 33 30
61 1 pick 45 10
61 2 move 18 33
61 3 dock 44 7
61 4 move 29 33
62 0 move 33 31
62 1 move 44 9
62 2 move 19 33
62 3 move 43 6
62 4 move 28 33
63 0 move 33 32
63 1 move 44 8
63 2 move 19 32
63 3 move 42 6
63 4 move 27 33
64 0 move 33 33
64 1 move 44 7
64 2 move 19 31
64 3 move 41 6
64 4 move 26 33
65 0 move 33 34
65 1 move 44 6
65 2 move 19 30
65 3 move 40 6
65 4 move 26 32
66 0 move 33 35
66 1 move 44 5
66 2 move 19 29
66 3 move 40 5
66 4 move 26 31
67 0 move 33 36
67 1 move 44 4
67 2 move 19 28
67 3 move 40 4
67 4 move 26 30
68 0 move 33 37
68 1 move 44 3
68 2 move 19 27
68 3 move 40 3
68 4 move 26 29
69 0 move 33 38
69 1 move 44 2
69 2 move 19 26
69 3 move 39 3
69 4 move 26 28
70 0 move 33 39
70 1 move 44 1
70 2 dock 18 26
70 3 undock 39 4
70 4 dock 25 28
71 0 fulfill 33 39
71 1 move 44 0
71 2 move 20 26
71 3 move 38 3
71 4 move 27 28
72 0 move 32 39
72 1 fulfill 44 0
72 2 move 20 27
72 3 move 37 3
72 4 undock 26 28
73 0 move 31 39
73 1 move 44 1
73 2 move 20 28
73 3 move 37 4
73 4 move 27 29
74 0 move 31 38
74 1 move 44 2
74 2 move 20 29
74 3 move 37 5
74 4 move 26 29
75 0 move 31 37
75 1 move 44 3
75 2 move 20 30
75 3 move 37 6
75 4 dock 26 28
76 0 move 31 36
76 1 move 44 4
76 2 move 20 31
76 3 move 37 7
76 4 move 26 30
77 0 move 31 35
77 1 move 44 5
77 2 move 20 32
77 3 move 37 8
77 4 move 26 31
78 0 move 31 34
78 1 move 45 5
78 2 move 20 33
78 3 move 37 9
78 4 move 26 32
79 0 move 31 33
79 1 move 46 5
79 2 move 19 33
79 3 move 37 10
79 4 move 26 33
80 0 move 31 32
80 1 pick 46 6
80 2 undock 18 33
80 3 dock 38 10
80 4 move 26 34
81 0 pick 31 31
81 1 pick 46 6
81 2 move 19 34
81 3 move 36 10
81 4 move 27 34
82 0 pick 31 31
82 1 pick 46 6
82 2 move 18 34
82 3 move 36 9
82 4 move 28 34
83 0 move 32 32
83 1 pick 46 6
83 2 move 17 34
83 3 move 36 8
83 4 move 29 34
84 0 move 33 32
84 1 pick 46 6
84 2 move 16 34
84 3 move 36 7
84 4 move 30 34
85 0 move 34 32
85 1 pick 46 6
85 2 move 16 33
85 3 move 36 6
85 4 move 31 34
86 0 move 35 32
86 1 pick 46 6
86 2 move 16 32
86 3 move 36 5
86 4 move 32 34
87 0 move 36 32
87 1 pick 46 6
87 2 move 16 31
87 3 move 36 4
87 4 move 33 34
88 0 move 37 32
88 1 pick 46 6
88 2 move 16 30
88 3 move 36 3
88 4 move 34 34
89 0 pick 38 32
89 1 move 46 4
89 2 move 16 29
89 3 move 37 3
89 4 move 35 34
90 0 pick 38 32
90 1 move 46 3
90 2 move 16 28
90 3 undock 38 3
90 4 move 36 34
91 1 move 46 2
91 2 move 16 27
91 3 move 36 3
91 4 move 37 34
92 0 move 37 33
92 1 move 46 1
92 2 move 16 26
92 3 move 35 3
92 4 move 37 35
93 0 pick 38 33
93 1 move 46 0
93 2 move 16 25
93 3 move 34 3
93 4 move 38 35
94 0 pick 38 33
94 1 fulfill 46 0
94 2 move 16 24
94 3 move 33 3
94 4 move 39 35
95 0 pick 38 33
95 1 move 46 1
95 2 dock 17 24
95 3 move 33 4
95 4 move 39 34
96 0 pick 38 33
96 1 move 46 2
96 2 move 15 24
96 3 move 33 5
96 4 undock 39 33
97 0 move 37 34
97 1 move 46 3
97 2 move 15 25
97 3 move 33 6
97 4 move 38 34
98 0 move 38 34
98 1 move 46 4
98 2 move 15 26
98 3 move 33 7
98 4 move 37 34
99 0 move 39 34
99 1 move 46 5
99 2 move 15 27
99 3 move 33 8
99 4 move 37 33
100 0 move 40 34
100 1 pick 46 6
100 2 move 15 28
100 3 move 33 9
100 4 move 37 32
101 0 move 40 33
101 1 pick 46 6
101 2 move 15 29
101 3 move 33 10
101 4 move 37 31
102 0 move 40 32
102 1 pick 46 6
102 2 move 15 30
102 3 move 33 11
102 4 move 37 30
103 0 move 41 32
103 1 move 47 5
103 2 move 15 31
103 3 move 33 12
103 4 move 37 29
104 0 move 42 32
104 1 move 47 6
104 2 move 15 32
104 3 move 33 13
104 4 dock 38 29
105 0 move 43 32
105 1 move 47 7
105 2 move 15 33
105 3 move 33 14
105 4 move 36 29
106 0 move 44 32
106 1 move 47 8
106 2 move 15 34
106 3 dock 32 14
106 4 move 36 30
107 0 move 45 32
107 1 move 47 9
107 2 move 16 34
107 3 move 34 14
107 4 move 36 31
108 0 move 46 32
108 1 move 47 10
108 2 undock 17 34
108 3 undock 33 14
108 4 move 36 32
109 0 pick 46 31
109 1 move 47 11
109 2 move 15 34
109 3 move 34 13
109 4 move 36 33
110 0 move 47 32
110 1 move 47 12
110 2 move 14 34
110 3 move 33 13
110 4 move 36 34
111 0 move 47 31
111 1 move 47 13
111 2 move 13 34
111 3 dock 33 14
111 4 move 37 34
112 0 move 47 30
112 1 move 47 14
112 2 move 12 34
112 3 move 33 12
112 4 undock 38 34
113 0 move 47 29
113 1 pick 46 14
113 2 move 12 33
113 3 move 33 11
113 4 move 37 35
114 0 move 47 28
114 1 move 47 15
114 2 move 12 32
114 3 move 33 10
114 4 move 38 35
115 0 move 47 27
115 1 move 47 16
115 2 move 12 31
115 3 move 33 9
115 4 move 39 35
116 0 move 47 26
116 1 move 46 16
116 2 move 12 30
116 3 move 33 8
116 4 move 39 34
117 0 move 47 25
117 1 move 45 16
117 2 move 12 29
117 3 move 33 7
117 4 move 40 34
118 0 move 47 24
118 1 move 44 16
118 2 move 12 28
118 3 move 33 6
118 4 move 40 33
119 0 move 47 23
119 1 move 43 16
119 2 move 12 27
119 3 move 33 5
119 4 move 40 32
120 0 pick 46 23
120 1 move 42 16
120 2 move 12 26
120 3 move 33 4
120 4 move 40 31
121 0 move 48 23
121 1 move 41 16
121 2 move 12 25
121 3 move 33 3
121 4 move 40 30
122 0 move 49 23
122 1 move 40 16
122 2 move 12 24
122 3 move 33 2
122 4 move 40 29
123 0 move 50 23
123 1 move 39 16
123 2 move 12 23
123 3 move 34 2
123 4 move 41 29
124 0 move 51 23
124 1 move 38 16
124 2 move 12 22
124 3 move 35 2
124 4 move 42 29
125 0 move 52 23
125 1 move 37 16
125 2 move 12 21
125 3 move 36 2
125 4 move 43 29
126 0 move 53 23
126 1 move 37 15
126 2 move 12 20
126 3 move 37 2
126 4 move 44 29
127 0 move 54 23
127 1 move 37 14
127 2 move 12 19
127 3 move 37 1
127 4 dock 45 29
128 0 move 55 23
128 1 move 37 13
128 2 move 12 18
128 3 move 38 1
128 4 move 43 29
129 0 move 56 23
129 1 pick 38 13
129 2 move 12 17
129 3 move 39 1
129 4 undock 44 29
130 0 move 57 23
130 1 move 36 13
130 2 move 12 16
130 3 move 39 2
130 4 move 43 30
131 0 move 58 23
131 1 move 35 13
131 2 move 12 15
131 3 undock 39 3
131 4 move 44 30
132 0 move 59 23
132 1 move 34 13
132 2 dock 11 15
132 3 move 40 2
132 4 dock 44 29
133 0 fulfill 59 23
133 1 move 33 13
133 2 move 12 16
133 3 move 40 3
133 4 move 43 30
134 0 move 58 23
134 1 move 33 14
134 2 undock 11 16
134 3 move 40 4
134 4 move 42 30
135 0 move 57 23
135 1 move 33 15
135 2 move 12 17
135 3 move 40 5
135 4 move 41 30
136 0 move 56 23
136 1 move 33 16
136 2 move 11 17
136 3 move 40 6
136 4 move 40 30
137 0 move 55 23
137 1 move 33 17
137 2 dock 11 16
137 3 move 40 7
137 4 move 40 31
138 0 move 54 23
138 1 move 33 18
138 2 move 11 18
138 3 move 40 8
138 4 move 40 32
139 0 move 53 23
139 1 move 33 19
139 2 move 11 19
139 3 move 40 9
139 4 move 40 33
140 0 move 52 23
140 1 move 33 20
140 2 move 11 20
140 3 move 40 10
140 4 move 40 34
141 0 move 51 23
141 1 move 33 21
141 2 move 11 21
141 3 move 40 11
141 4 move 40 35
142 0 move 50 23
142 1 move 33 22
142 2 move 12 21
142 3 move 40 12
142 4 move 39 35
143 0 move 49 23
143 1 move 33 23
143 2 move 12 22
143 3 move 40 13
143 4 undock 39 34
144 0 move 48 23
144 1 pick 32 23
144 2 move 12 23
144 3 move 41 13
144 4 move 38 35
145 0 move 47 23
145 1 move 33 24
145 2 move 12 24
145 3 move 42 13
145 4 move 37 35
146 0 pick 46 23
146 1 move 33 25
146 2 move 12 25
146 3 move 43 13
146 4 move 37 34
147 0 move 47 24
147 1 move 33 26
147 2 move 12 26
147 3 move 44 13
147 4 move 37 33
148 0 move 47 25
148 1 move 33 27
148 2 move 12 27
148 3 dock 45 13
148 4 move 37 32
149 0 pick 46 25
149 1 move 33 28
149 2 move 12 28
149 3 move 43 13
149 4 move 37 31
150 0 move 47 24
150 1 move 33 29
150 2 move 12 29
150 3 undock 44 13
150 4 dock 38 31
151 0 move 47 23
151 1 move 33 30
151 2 move 12 30
151 3 move 43 12
151 4 move 36 31
152 0 move 47 22
152 1 move 33 31
152 2 move 12 31
152 3 move 44 12
152 4 move 36 32
153 0 move 47 21
153 1 move 33 32
153 2 move 12 32
153 3 dock 44 13
153 4 move 36 33
154 0 move 46 21
154 1 move 33 33
154 2 move 12 33
154 3 move 43 12
154 4 move 36 34
155 0 move 45 21
155 1 move 33 34
155 2 move 12 34
155 3 move 42 12
155 4 move 36 35
156 0 move 44 21
156 1 move 33 35
156 2 move 12 35
156 3 move 41 12
156 4 move 37 35
157 0 move 44 22
157 1 move 33 36
157 2 move 13 35
157 3 move 40 12
157 4 undock 38 35
158 0 move 44 23
158 1 move 33 37
158 2 move 14 35
158 3 move 40 11
158 4 move 37 36
159 0 move 44 24
159 1 move 33 38
159 2 move 15 35
159 3 move 40 10
159 4 move 38 36
160 0 pick 45 24
160 1 move 33 39
160 2 move 16 35
160 3 move 40 9
160 4 move 39 36
161 0 move 43 24
161 1 fulfill 33 39
161 2 move 16 36
161 3 move 40 8
161 4 move 39 35
162 0 move 42 24
162 1 move 33 38
162 2 move 17 36
162 3 move 40 7
162 4 move 40 35
163 0 move 41 24
163 1 move 33 37
163 2 move 18 36
163 3 move 40 6
163 4 move 40 34
164 0 move 40 24
164 1 move 33 36
164 2 move 18 35
164 3 move 40 5
164 4 move 40 33
165 0 pick 39 24
165 1 move 33 35
165 2 undock 18 34
165 3 move 40 4
165 4 move 40 32
166 0 pick 39 24
166 1 move 33 34
166 2 move 19 35
166 3 move 40 3
166 4 move 40 31
167 0 move 40 25
167 1 move 33 33
167 2 move 19 34
167 3 move 40 2
167 4 move 40 30
168 0 move 40 26
168 1 move 33 32
168 2 move 19 33
168 3 move 40 1
168 4 move 40 29
169 0 move 40 27
169 1 move 34 32
169 2 move 19 32
169 3 move 39 1
169 4 move 40 28
170 0 move 40 28
170 1 move 35 32
170 2 move 19 31
170 3 move 38 1
170 4 move 40 27
171 0 move 40 29
171 1 move 36 32
171 2 move 19 30
171 3 undock 38 2
171 4 move 40 26
172 0 move 40 30
172 1 move 37 32
172 2 move 19 29
172 3 move 39 1
172 4 dock 39 26
173 0 pick 39 30
173 1 pick 38 32
173 2 dock 18 29
173 3 move 39 2
173 4 move 41 26
174 0 pick 39 30
174 1 pick 38 32
174 2 move 20 29
174 3 move 40 2
174 4 move 41 27
175 0 move 40 31
175 1 pick 38 32
175 2 move 20 30
175 3 move 40 3
175 4 move 41 28
176 0 move 40 32
176 1 pick 38 32
176 2 move 20 31
176 3 move 40 4
176 4 move 41 29
177 0 move 40 33
177 1 pick 38 32
177 2 move 20 32
177 3 move 40 5
177 4 move 41 30
178 0 move 40 34
178 1 move 37 31
178 2 move 20 33
178 3 move 40 6
178 4 move 41 31
179 0 move 40 35
179 1 move 37 30
179 2 move 20 34
179 3 move 40 7
179 4 move 41 32
180 0 move 39 35
180 1 move 37 29
180 2 move 20 35
180 3 move 40 8
180 4 move 41 33
181 0 move 39 36
181 1 move 37 28
181 2 move 19 35
181 3 move 40 9
181 4 move 41 34
182 0 move 38 36
182 1 move 37 27
182 2 move 18 35
182 3 dock 39 9
182 4 move 41 35
183 0 move 37 36
183 1 move 37 26
183 2 undock 17 35
183 3 move 41 9
183 4 move 40 35
184 0 move 37 35
184 1 move 37 25
184 2 move 19 35
184 3 move 41 8
184 4 undock 39 35
185 0 move 37 34
185 1 move 37 24
185 2 move 19 34
185 3 move 41 7
185 4 move 40 34
186 0 move 37 33
186 1 move 37 23
186 2 move 19 33
186 3 move 41 6
186 4 move 40 33
187 0 move 37 32
187 1 move 37 22
187 2 move 19 32
187 3 move 41 5
187 4 move 40 32
188 0 pick 38 32
188 1 move 37 21
188 2 move 19 31
188 3 move 41 4
188 4 move 40 31
189 0 pick 38 32
189 1 move 38 21
189 2 move 19 30
189 3 move 41 3
189 4 move 40 30
190 0 pick 38 32
190 1 move 39 21
190 2 move 19 29
190 3 move 41 2
190 4 move 40 29
191 0 pick 38 32
191 1 move 40 21
191 2 move 19 28
191 3 move 40 2
191 4 move 40 28
192 0 pick 38 32
192 1 move 41 21
192 2 move 20 28
192 3 undock 39 2
192 4 move 40 27
193 0 move 37 33
193 1 move 42 21
193 2 move 21 28
193 3 move 40 1
193 4 move 40 26
194 0 move 37 34
194 1 move 43 21
194 2 move 22 28
194 3 move 39 1
194 4 move 40 25
195 0 move 37 35
195 1 move 44 21
195 2 move 23 28
195 3 move 38 1
195 4 move 40 24
196 0 move 37 36
196 1 move 45 21
196 2 dock 24 28
196 3 move 37 1
196 4 move 40 23
197 0 move 37 37
197 1 move 46 21
197 2 move 22 28
197 3 move 36 1
197 4 move 40 22
198 0 move 37 38
198 1 move 47 21
198 2 undock 23 28
198 3 move 35 1
198 4 move 40 21
199 0 move 37 39
199 1 move 47 22
199 2 move 22 29
199 3 move 34 1
199 4 move 39 21
200 0 fulfill 37 39
200 1 move 47 23
200 2 move 23 29
200 3 move 33 1
200 4 move 38 21
201 0 move 37 38
201 1 pick 46 23
201 2 dock 23 28
201 3 move 33 2
201 4 move 38 20
202 0 move 37 37
202 1 move 48 23
202 2 move 22 29
202 3 move 33 3
202 4 move 38 19
203 0 move 37 36
203 1 move 49 23
203 2 move 21 29
203 3 move 33 4
203 4 move 38 18
204 0 move 37 35
204 1 move 50 23
204 2 move 20 29
204 3 move 33 5
204 4 move 38 17
205 0 pick 38 35
205 1 move 51 23
205 2 move 19 29
205 3 move 33 6
205 4 move 38 16
206 0 move 37 34
206 1 move 52 23
206 2 move 19 30
206 3 dock 32 6
206 4 dock 38 15
207 0 move 37 33
207 1 move 53 23
207 2 move 19 31
207 3 move 34 6
207 4 move 38 17
208 0 move 37 32
208 1 move 54 23
208 2 move 19 32
208 3 undock 33 6
208 4 undock 38 16
209 0 pick 38 32
209 1 move 55 23
209 2 move 19 33
209 3 move 34 5
209 4 dock 38 16
210 0 pick 38 32
210 1 move 56 23
210 2 move 19 34
210 3 move 33 5
210 4 move 38 18
211 0 pick 38 32
211 1 move 57 23
211 2 move 19 35
211 3 dock 33 6
211 4 move 38 19
212 0 move 37 31
212 1 move 58 23
212 2 move 19 36
212 3 move 33 4
212 4 move 38 20
213 0 move 37 30
213 1 move 59 23
213 2 move 18 36
213 3 move 33 3
213 4 move 38 21
214 0 move 37 29
214 1 fulfill 59 23
214 2 undock 18 35
214 3 move 33 2
214 4 move 37 21
215 0 move 37 28
215 1 move 58 23
215 2 move 19 36
215 3 move 33 1
215 4 move 37 22
216 0 move 37 27
216 1 move 57 23
216 2 move 19 35
216 3 move 33 0
216 4 move 37 23
217 0 move 37 26
217 1 move 56 23
217 2 move 19 34
217 3 move 34 0
217 4 move 37 24
218 0 move 36 26
218 1 move 55 23
218 2 move 19 33
218 3 move 35 0
218 4 move 37 25
219 0 move 36 25
219 1 move 54 23
219 2 move 19 32
219 3 move 36 0
219 4 move 37 26
220 0 move 36 24
220 1 move 53 23
220 2 move 19 31
220 3 move 37 0
220 4 move 37 27
221 0 move 36 23
221 1 move 52 23
221 2 move 19 30
221 3 move 38 0
221 4 move 37 28
222 0 move 37 23
222 1 move 51 23
222 2 move 19 29
222 3 undock 38 1
222 4 move 37 29
223 0 move 37 22
223 1 move 50 23
223 2 move 19 28
223 3 move 37 0
223 4 move 37 30
224 0 move 37 21
224 1 move 49 23
224 2 move 19 27
224 3 move 36 0
224 4 move 37 31
225 0 move 38 21
225 1 move 48 23
225 2 move 19 26
225 3 move 35 0
225 4 move 37 32
226 0 move 39 21
226 1 move 47 23
226 2 move 19 25
226 3 move 34 0
226 4 move 37 33
227 0 move 40 21
227 1 pick 46 23
227 2 move 19 24
227 3 move 33 0
227 4 move 37 34
228 0 move 41 21
228 1 move 47 22
228 2 move 19 23
228 3 move 32 0
228 4 move 37 35
229 0 move 42 21
229 1 move 47 21
229 2 move 19 22
229 3 move 31 0
229 4 move 37 36
230 0 move 43 21
230 1 move 46 21
230 2 move 19 21
230 3 move 30 0
230 4 move 37 37
231 0 move 44 21
231 1 move 45 21
231 2 move 19 20
231 3 move 29 0
231 4 move 38 37
232 0 move 45 21
232 1 move 44 21
232 2 move 19 19
232 3 move 28 0
232 4 undock 38 36
233 0 move 46 21
233 1 move 43 21
233 2 move 19 18
233 3 move 27 0
233 4 move 39 37
234 0 move 47 21
234 1 move 42 21
234 2 move 19 17
234 3 move 26 0
234 4 move 39 36
235 0 move 47 22
235 1 move 41 21
235 2 move 19 16
235 3 move 26 1
235 4 move 40 36
236 0 move 47 23
236 1 move 40 21
236 2 move 19 15
236 3 move 26 2
236 4 move 40 35
237 0 pick 46 23
237 1 move 40 22
237 2 move 19 14
237 3 move 26 3
237 4 move 40 34
238 0 move 48 23
238 1 move 40 23
238 2 move 19 13
238 3 move 26 4
238 4 move 40 33
239 0 move 49 23
239 1 move 40 24
239 2 move 19 12
239 3 move 26 5
239 4 move 40 32
240 0 move 50 23
240 1 pick 39 24
240 2 dock 18 12
240 3 move 26 6
240 4 move 41 32
241 0 move 51 23
241 1 move 40 23
241 2 move 20 12
241 3 move 26 7
241 4 move 42 32
242 0 move 52 23
242 1 move 40 22
242 2 move 20 13
242 3 move 26 8
242 4 move 43 32
243 0 move 53 23
243 1 move 40 21
243 2 move 20 14
243 3 move 26 9
243 4 move 44 32
244 0 move 54 23
244 1 move 39 21
244 2 move 20 15
244 3 move 26 10
244 4 move 45 32
245 0 move 55 23
245 1 move 38 21
245 2 move 20 16
245 3 move 26 11
245 4 move 46 32
246 0 move 56 23
246 1 move 37 21
246 2 move 20 17
246 3 move 26 12
246 4 move 47 32
247 0 move 57 23
247 1 move 36 21
247 2 move 20 18
247 3 move 26 13
247 4 move 47 31
248 0 move 58 23
248 1 move 35 21
248 2 move 20 19
248 3 move 26 14
248 4 move 47 30
249 0 move 59 23
249 1 move 34 21
249 2 move 20 20
249 3 move 26 15
249 4 dock 46 30
250 0 fulfill 59 23
250 1 move 33 21
250 2 move 20 21
250 3 dock 25 15
250 4 move 48 30
251 0 move 58 23
251 1 move 33 22
251 2 move 20 22
251 3 move 27 15
251 4 move 48 31
252 0 move 57 23
252 1 move 33 23
252 2 move 20 23
252 3 undock 26 15
252 4 move 48 32
253 0 move 56 23
253 1 pick 32 23
253 2 move 20 24
253 3 move 27 14
253 4 move 47 32
254 0 move 55 23
254 1 move 33 22
254 2 move 20 25
254 3 move 26 14
254 4 move 46 32
255 0 move 54 23
255 1 move 33 21
255 2 move 20 26
255 3 dock 26 15
255 4 move 45 32
256 0 move 53 23
256 1 move 32 21
256 2 move 20 27
256 3 move 27 14
256 4 move 44 32
257 0 move 52 23
257 1 move 31 21
257 2 move 20 28
257 3 move 28 14
257 4 move 43 32
258 0 move 51 23
258 1 move 30 21
258 2 move 20 29
258 3 move 29 14
258 4 move 42 32
259 0 move 50 23
259 1 move 30 22
259 2 move 20 30
259 3 move 30 14
259 4 move 41 32
260 0 move 49 23
260 1 pick 31 22
260 2 move 20 31
260 3 move 30 15
260 4 move 41 33
261 0 move 48 23
261 1 pick 31 22
261 2 move 20 32
261 3 move 30 16
261 4 move 41 34
262 0 move 47 23
262 1 move 30 23
262 2 move 20 33
262 3 move 31 16
262 4 move 41 35
263 0 pick 46 23
263 1 move 30 24
263 2 move 20 34
263 3 move 32 16
263 4 move 41 36
264 0 move 47 22
264 1 move 30 25
264 2 move 20 35
264 3 move 33 16
264 4 move 40 36
265 0 pick 46 22
265 1 move 30 26
265 2 move 20 36
265 3 move 34 16
265 4 undock 39 36
266 0 move 47 21
266 1 move 30 27
266 2 move 19 36
266 3 move 35 16
266 4 move 40 35
267 0 move 46 21
267 1 move 30 28
267 2 move 18 36
267 3 move 36 16
267 4 move 40 34
268 0 move 45 21
268 1 move 30 29
268 2 undock 17 36
268 3 move 37 16
268 4 move 40 33
269 0 move 44 21
269 1 move 30 30
269 2 move 19 36
269 3 move 38 16
269 4 move 40 32
270 0 move 43 21
270 1 move 30 31
270 2 move 19 35
270 3 move 39 16
270 4 move 40 31
271 0 move 42 21
271 1 move 30 32
271 2 move 19 34
271 3 move 40 16
271 4 dock 39 31
272 0 move 41 21
272 1 move 30 33
272 2 move 19 33
272 3 move 40 15
272 4 move 41 31
273 0 move 40 21
273 1 move 30 34
273 2 move 19 32
273 3 move 40 14
273 4 move 41 32
274 0 move 40 22
274 1 move 30 35
274 2 move 19 31
274 3 move 40 13
274 4 move 41 33
275 0 move 40 23
275 1 move 30 36
275 2 move 19 30
275 3 move 40 12
275 4 move 41 34
276 0 move 40 24
276 1 move 30 37
276 2 move 19 29
276 3 move 40 11
276 4 move 41 35
277 0 pick 39 24
277 1 move 30 38
277 2 move 19 28
277 3 move 40 10
277 4 move 41 36
278 0 move 40 25
278 1 move 30 39
278 2 move 19 27
278 3 move 40 9
278 4 move 41 37
279 0 move 40 26
279 1 fulfill 30 39
279 2 move 19 26
279 3 move 40 8
279 4 move 40 37
280 0 move 40 27
280 1 move 29 39
280 2 move 19 25
280 3 move 40 7
280 4 move 39 37
281 0 move 40 28
281 1 move 29 38
281 2 move 19 24
281 3 move 40 6
281 4 undock 38 37
282 0 move 40 29
282 1 move 29 37
282 2 move 19 23
282 3 move 40 5
282 4 move 40 37
283 0 move 40 30
283 1 move 29 36
283 2 move 19 22
283 3 move 40 4
283 4 move 40 36
284 0 pick 39 30
284 1 move 29 35
284 2 move 19 21
284 3 move 40 3
284 4 move 40 35
285 0 pick 39 30
285 1 move 29 34
285 2 move 19 20
285 3 move 40 2
285 4 move 40 34
286 0 move 40 31
286 1 move 29 33
286 2 move 19 19
286 3 move 40 1
286 4 move 40 33
287 1 move 29 32
287 2 move 19 18
287 3 move 40 0
287 4 move 40 32
288 0 move 40 32
288 1 move 29 31
288 2 move 19 17
288 3 move 39 0
288 4 move 40 31
289 0 move 40 33
289 1 move 30 31
289 2 move 19 16
289 3 undock 39 1
289 4 move 40 30
290 0 move 40 34
290 1 pick 31 31
290 2 move 19 15
290 3 move 40 0
290 4 move 40 29
291 0 move 40 35
291 1 move 30 32
291 2 move 20 15
291 3 move 40 1
291 4 move 40 28
292 0 move 40 36
292 1 move 31 32
292 2 move 21 15
292 3 move 40 2
292 4 move 40 27
293 0 move 40 37
293 1 move 32 32
293 2 move 22 15
293 3 move 40 3
293 4 move 40 26
294 0 move 39 37
294 1 move 33 32
294 2 move 23 15
294 3 move 40 4
294 4 move 41 26
295 0 move 39 38
295 1 move 33 31
295 2 dock 24 15
295 3 move 40 5
295 4 move 42 26
296 0 move 38 38
296 1 move 33 30
296 2 move 23 16
296 3 move 40 6
296 4 move 43 26
297 0 move 37 38
297 1 move 33 29
297 2 undock 24 16
297 3 move 40 7
297 4 move 44 26
298 0 move 37 37
298 1 pick 32 29
298 2 move 23 17
298 3 dock 39 7
298 4 dock 45 26
299 0 move 37 36
299 1 move 33 28
299 2 move 24 17
299 3 move 41 7
299 4 move 43 26
300 0 move 37 35
300 1 move 33 27
300 2 dock 24 16
300 3 move 41 6
300 4 undock 44 26
301 0 move 37 34
301 1 pick 32 27
301 2 move 23 17
301 3 move 41 5
301 4 move 43 27
302 0 move 37 33
302 1 pick 32 27
302 2 move 22 17
302 3 move 41 4
302 4 move 44 27
303 0 move 37 32
303 1 pick 32 27
303 2 move 21 17
303 3 move 41 3
303 4 dock 44 26
304 0 pick 38 32
304 1 pick 32 27
304 2 move 20 17
304 3 move 41 2
304 4 move 43 27
305 0 pick 38 32
305 1 pick 32 27
305 2 move 19 17
305 3 move 41 1
305 4 move 42 27
306 0 pick 38 32
306 1 move 34 27
306 2 move 19 18
306 3 move 41 0
306 4 move 41 27
307 0 pick 38 32
307 1 move 35 27
307 2 move 19 19
307 3 move 40 0
307 4 move 40 27
308 0 pick 38 32
308 1 move 36 27
308 2 move 19 20
308 3 move 39 0
308 4 move 40 28
309 0 pick 38 32
309 1 move 37 27
309 2 move 19 21
309 3 undock 38 0
309 4 move 40 29
310 0 pick 38 32
310 1 pick 38 27
310 2 move 19 22
310 3 move 40 0
310 4 move 40 30
311 0 pick 38 32
311 1 move 37 26
311 2 move 19 23
311 3 move 40 1
311 4 move 40 31
312 0 move 37 33
312 1 move 37 25
312 2 move 19 24
312 3 move 40 2
312 4 move 40 32
313 0 move 37 34
313 1 move 37 24
313 2 move 19 25
313 3 move 40 3
313 4 move 40 33
314 0 move 37 35
314 1 move 37 23
314 2 move 19 26
314 3 move 40 4
314 4 move 40 34
315 0 move 37 36
315 1 pick 38 23
315 2 move 19 27
315 3 move 40 5
315 4 move 40 35
316 0 move 37 37
316 1 move 37 24
316 2 move 19 28
316 3 move 40 6
316 4 move 40 36
317 0 move 37 38
317 1 move 37 25
317 2 move 19 29
317 3 move 40 7
317 4 move 40 37
318 0 move 37 39
318 1 move 37 26
318 2 move 19 30
318 3 move 40 8
318 4 move 40 38
319 0 fulfill 37 39
319 1 move 37 27
319 2 move 19 31
319 3 move 40 9
319 4 move 39 38
320 0 move 36 39
320 1 move 37 28
320 2 move 19 32
320 3 move 40 10
320 4 undock 39 37
321 0 move 35 39
321 1 move 37 29
321 2 move 19 33
321 3 move 40 11
321 4 move 38 38
322 0 move 35 38
322 1 move 37 30
322 2 move 19 34
322 3 move 40 12
322 4 move 37 38
323 0 move 35 37
323 1 move 37 31
323 2 move 19 35
323 3 move 40 13
323 4 move 37 37
324 0 move 35 36
324 1 move 37 32
324 2 move 19 36
324 3 move 40 14
324 4 move 37 36
325 0 move 35 35
325 1 move 37 33
325 2 move 19 37
325 3 move 40 15
325 4 move 37 35
326 0 move 35 34
326 2 move 18 37
326 3 move 40 16
326 4 move 37 34
327 0 move 35 33
327 1 move 37 34
327 2 undock 18 36
327 3 move 39 16
327 4 move 37 33
328 0 move 35 32
328 1 move 37 35
328 2 move 19 37
328 3 move 38 16
328 4 move 37 32
329 0 move 36 32
329 1 move 37 36
329 2 move 19 36
329 3 move 37 16
329 4 move 37 31
330 0 move 37 32
330 1 move 37 37
330 2 move 19 35
330 3 move 36 16
330 4 move 37 30
331 0 pick 38 32
331 1 move 37 38
331 2 move 19 34
331 3 move 35 16
331 4 dock 38 30
332 0 pick 38 32
332 1 move 37 39
332 2 move 19 33
332 3 move 34 16
332 4 move 36 30
333 0 pick 38 32
333 1 fulfill 37 39
333 2 move 19 32
333 3 move 33 16
333 4 move 36 31
334 0 move 37 33
334 1 move 37 38
334 2 move 19 31
334 3 move 32 16
334 4 move 36 32
335 0 move 37 34
335 1 move 38 38
335 2 dock 18 31
335 3 move 31 16
335 4 move 36 33
336 0 move 37 35
336 1 move 39 38
336 2 move 20 31
336 3 move 30 16
336 4 move 36 34
337 0 move 37 36
337 1 move 40 38
337 2 move 20 32
337 3 move 29 16
337 4 move 36 35
338 0 move 37 37
338 1 move 40 37
338 2 move 20 33
338 3 move 28 16
338 4 move 36 36
339 0 move 37 38
339 1 move 40 36
339 2 move 20 34
339 3 move 27 16
339 4 move 36 37
340 0 move 38 38
340 1 move 40 35
340 2 move 20 35
340 3 move 26 16
340 4 move 36 38
341 0 move 39 38
341 1 pick 39 35
341 2 move 20 36
341 3 move 26 15
341 4 move 37 38
342 0 move 40 38
342 1 move 40 36
342 2 move 20 37
342 3 move 26 14
342 4 undock 38 38
343 1 move 40 37
343 2 move 19 37
343 3 move 26 13
343 4 move 36 38
344 0 move 40 37
344 1 move 40 38
344 2 move 18 37
344 3 move 26 12
344 4 move 35 38
345 0 move 40 36
345 1 move 39 38
345 2 undock 17 37
345 3 move 26 11
345 4 move 34 38
346 0 move 40 35
346 1 move 39 39
346 2 move 19 37
346 3 dock 25 11
346 4 move 33 38
347 0 move 40 34
347 1 move 38 39
347 2 move 19 36
347 3 move 27 11
347 4 move 33 37
348 0 move 40 33
348 1 move 37 39
348 2 move 19 35
348 3 undock 26 11
348 4 move 33 36
349 0 move 40 32
349 1 move 37 38
349 2 move 19 34
349 3 move 27 10
349 4 move 33 35
350 0 pick 39 32
350 1 move 37 37
350 2 move 19 33
350 3 move 26 10
350 4 move 33 34
351 0 pick 39 32
351 1 move 37 36
351 2 move 19 32
351 3 dock 26 11
351 4 move 33 33
352 0 move 41 32
352 1 move 37 35
352 2 move 19 31
352 3 undock 26 11
352 4 move 33 32
353 0 move 42 32
353 1 move 37 34
353 2 move 19 30
353 3 move 27 10
353 4 move 33 31
354 0 move 43 32
354 1 move 37 33
354 2 move 19 29
354 3 move 27 11
354 4 dock 32 31
355 0 move 44 32
355 1 move 37 32
355 2 move 19 28
355 3 dock 26 11
355 4 move 34 31
356 0 move 45 32
356 1 pick 38 32
356 2 move 19 27
356 3 move 28 11
356 4 undock 33 31
357 0 move 46 32
357 1 pick 38 32
357 2 move 19 26
357 3 move 29 11
357 4 move 34 32
358 0 move 47 32
358 1 pick 38 32
358 2 move 20 26
358 3 move 30 11
358 4 move 33 32
359 0 move 47 31
359 1 pick 38 32
359 2 move 21 26
359 3 move 30 12
359 4 dock 33 31
360 0 move 47 30
360 1 pick 38 32
360 2 move 22 26
360 3 move 30 13
360 4 move 34 32
361 0 move 47 29
361 1 move 37 33
361 2 move 23 26
361 3 move 30 14
361 4 move 35 32
362 0 move 47 28
362 1 move 37 34
362 2 dock 24 26
362 3 move 30 15
362 4 move 36 32
363 0 pick 46 28
363 1 move 37 35
363 2 move 22 26
363 3 move 30 16
363 4 move 37 32
364 0 move 47 27
364 1 move 37 36
364 2 undock 23 26
364 3 move 31 16
364 4 move 37 31
365 0 move 47 26
365 1 move 37 37
365 2 move 22 27
365 3 move 32 16
365 4 move 37 30
366 0 move 47 25
366 1 move 37 38
366 2 move 23 27
366 3 move 33 16
366 4 move 37 29
367 0 move 47 24
367 1 move 37 39
367 2 dock 23 26
367 3 move 34 16
367 4 move 37 28
368 0 move 47 23
368 1 fulfill 37 39
368 2 move 22 27
368 3 move 35 16
368 4 move 37 27
369 0 move 47 22
369 1 move 37 38
369 2 move 21 27
369 3 move 36 16
369 4 move 37 26
370 0 move 47 21
370 1 move 37 37
370 2 move 20 27
370 3 move 37 16
370 4 move 37 25
371 0 move 47 20
371 1 move 37 36
371 2 move 19 27
371 3 move 38 16
371 4 move 37 24
372 0 move 47 19
372 1 move 37 35
372 2 move 19 28
372 3 move 39 16
372 4 move 37 23
373 0 move 47 18
373 1 move 37 34
373 2 move 19 29
373 3 move 40 16
373 4 move 37 22
374 0 move 47 17
374 1 pick 38 34
374 2 move 19 30
374 3 move 41 16
374 4 move 37 21
375 0 move 47 16
375 1 move 37 33
375 2 move 19 31
375 3 move 41 15
375 4 move 38 21
376 0 move 47 15
376 1 pick 38 33
376 2 move 19 32
376 3 move 41 14
376 4 move 39 21
377 0 move 47 14
377 1 move 37 32
377 2 move 19 33
377 3 move 41 13
377 4 move 40 21
378 0 move 47 13
378 1 pick 38 32
378 2 move 19 34
378 3 move 41 12
378 4 move 40 22
379 0 move 47 12
379 1 pick 38 32
379 2 move 19 35
379 3 move 41 11
379 4 move 40 23
380 0 move 47 11
380 1 pick 38 32
380 2 move 19 36
380 3 move 41 10
380 4 move 40 24
381 0 pick 46 11
381 1 move 37 33
381 2 move 19 37
381 3 move 41 9
381 4 move 40 25
382 0 move 47 10
382 1 move 37 34
382 2 move 19 38
382 3 move 41 8
382 4 move 40 26
383 0 move 47 9
383 1 move 37 35
383 2 move 18 38
383 3 move 41 7
383 4 move 40 27
384 0 move 47 8
384 1 move 37 36
384 2 undock 18 37
384 3 move 41 6
384 4 move 40 28
385 0 move 47 7
385 1 move 37 37
385 2 move 19 38
385 3 move 41 5
385 4 move 40 29
386 0 move 47 6
386 1 move 37 38
386 2 move 19 37
386 3 move 41 4
386 4 move 40 30
387 0 move 47 5
387 1 move 37 39
387 2 move 19 36
387 3 move 41 3
387 4 move 40 31
388 0 move 47 4
388 1 fulfill 37 39
388 2 move 19 35
388 3 move 41 2
388 4 move 40 32
389 0 move 47 3
389 1 move 37 38
389 2 move 19 34
389 3 move 41 1
389 4 move 40 33
390 0 move 47 2
390 1 move 37 37
390 2 move 19 33
390 3 move 41 0
390 4 move 40 34
391 0 move 47 1
391 1 move 37 36
391 2 move 19 32
391 3 move 40 0
391 4 move 40 35
392 0 move 47 0
392 1 move 37 35
392 2 move 19 31
392 3 undock 39 0
392 4 move 40 36
393 0 fulfill 47 0
393 1 move 37 34
393 2 move 20 31
393 3 move 40 1
393 4 move 40 37
394 0 move 47 1
394 1 pick 38 34
394 2 move 21 31
394 3 move 40 2
394 4 move 40 38
395 0 move 47 2
395 1 move 37 33
395 2 move 22 31
395 3 move 40 3
395 4 move 40 39
396 0 move 47 3
396 1 pick 38 33
396 2 move 23 31
396 3 move 40 4
396 4 move 39 39
397 0 move 47 4
397 1 move 37 32
397 2 dock 24 31
397 3 move 40 5
397 4 undock 39 38
398 0 move 47 5
398 1 pick 38 32
398 2 move 22 31
398 3 move 40 6
398 4 move 40 39
399 0 move 47 6
399 1 pick 38 32
399 2 undock 23 31
399 3 move 40 7
399 4 move 40 38
400 0 pick 46 6
400 1 pick 38 32
400 2 move 22 32
400 3 move 40 8
400 4 move 40 37
401 0 pick 46 6
401 1 move 37 33
401 2 move 23 32
401 3 move 40 9
401 4 move 40 36
402 0 pick 46 6
402 1 move 37 34
402 2 dock 23 31
402 3 move 40 10
402 4 move 40 35
403 0 pick 46 6
403 1 move 37 35
403 2 move 22 32
403 3 move 40 11
403 4 move 40 34
404 0 move 47 7
404 1 move 37 36
404 2 move 21 32
404 3 move 40 12
404 4 move 40 33
405 0 move 47 8
405 1 move 37 37
405 2 move 20 32
405 3 move 40 13
405 4 move 40 32
406 0 move 47 9
406 1 move 37 38
406 2 move 19 32
406 3 move 40 14
406 4 move 40 31
407 0 move 47 10
407 1 move 37 39
407 2 move 19 33
407 3 move 40 15
407 4 move 40 30
408 0 pick 46 10
408 1 fulfill 37 39
408 2 move 19 34
408 3 move 40 16
408 4 move 40 29
409 0 move 47 9
409 1 move 38 39
409 2 move 19 35
409 3 move 39 16
409 4 move 40 28
410 0 move 47 8
410 1 move 39 39
410 2 move 19 36
410 3 move 38 16
410 4 move 40 27
411 0 move 47 7
411 1 move 40 39
411 2 move 19 37
411 3 move 37 16
411 4 move 40 26
412 0 move 47 6
412 1 move 40 38
412 2 move 19 38
412 3 move 37 15
412 4 move 40 25
413 0 move 47 5
413 1 pick 39 38
413 2 move 19 39
413 3 move 37 14
413 4 move 40 24
414 0 move 46 5
414 1 move 40 37
414 2 move 18 39
414 3 move 37 13
414 4 move 40 23
415 0 move 45 5
415 1 move 40 36
415 2 move 17 39
415 3 move 37 12
415 4 move 40 22
416 0 move 44 5
416 1 move 40 35
416 2 undock 17 38
416 3 move 37 11
416 4 dock 39 22
417 0 move 44 6
417 1 move 40 34
417 2 move 16 39
417 3 move 37 10
417 4 move 41 22
418 0 move 44 7
418 1 move 40 33
418 2 move 15 39
418 3 move 37 9
418 4 move 41 23
419 0 move 44 8
419 1 move 40 32
419 2 move 14 39
419 3 move 37 8
419 4 move 41 24
420 0 move 44 9
420 1 pick 39 32
420 2 move 13 39
420 3 move 37 7
420 4 move 41 25
421 0 pick 45 9
421 1 move 40 33
421 2 move 12 39
421 3 move 37 6
421 4 move 41 26
422 0 move 44 8
422 1 move 40 34
422 2 move 12 38
422 3 move 37 5
422 4 move 41 27
423 0 move 44 7
423 1 move 40 35
423 2 move 12 37
423 3 move 37 4
423 4 move 41 28
424 0 move 44 6
424 1 move 40 36
424 2 move 12 36
424 3 move 37 3
424 4 move 41 29
425 0 move 44 5
425 1 move 40 37
425 2 move 12 35
425 3 pick 38 3
425 4 move 41 30
426 0 move 44 4
426 1 move 40 38
426 2 move 12 34
426 3 move 37 4
426 4 move 41 31
427 0 move 44 3
427 1 move 40 39
427 2 move 12 33
427 3 pick 38 4
427 4 move 41 32
428 0 move 44 2
428 1 move 39 39
428 2 move 12 32
428 3 pick 38 4
428 4 move 41 33
429 0 move 44 1
429 1 move 38 39
429 2 move 12 31
429 3 move 37 5
429 4 move 41 34
430 0 move 44 0
430 1 move 37 39
430 2 move 12 30
430 3 pick 38 5
430 4 move 41 35
431 0 fulfill 44 0
431 1 move 37 38
431 2 move 12 29
431 3 pick 38 5
431 4 move 41 36
432 1 move 37 37
432 2 move 12 28
432 3 move 37 6
432 4 move 41 37
433 1 move 37 36
433 2 move 12 27
433 3 pick 38 6
433 4 move 41 38
434 1 move 37 35
434 2 move 12 26
434 3 move 37 5
434 4 move 41 39
435 1 move 37 34
435 2 move 12 25
435 3 move 37 4
435 4 move 40 39
436 1 move 37 33
436 2 move 12 24
436 3 move 37 3
436 4 move 39 39
437 1 move 37 32
437 2 move 12 23
437 3 move 37 2
437 4 undock 38 39
438 1 pick 38 32
438 2 move 12 22
438 3 move 37 1
438 4 move 40 39
439 1 pick 38 32
439 2 dock 11 22
439 3 move 37 0
439 4 move 40 38
440 1 pick 38 32
440 2 move 13 22
440 3 fulfill 37 0
440 4 move 40 37
441 1 pick 38 32
441 2 undock 12 22
441 3 move 37 1
441 4 move 40 36
442 1 pick 38 32
442 2 move 13 23
442 3 move 37 2
442 4 move 40 35
443 1 move 37 33
443 2 move 12 23
443 3 move 37 3
443 4 move 40 34
444 1 move 37 34
444 2 dock 12 22
444 3 pick 38 3
444 4 move 40 33
445 1 move 37 35
445 2 move 13 23
445 3 pick 38 3
445 4 move 40 32
446 1 move 37 36
446 2 move 14 23
446 3 move 37 4
446 4 move 40 31
447 1 move 37 37
447 2 move 15 23
447 3 pick 38 4
447 4 move 40 30
448 1 move 37 38
448 2 move 16 23
448 3 move 37 5
448 4 move 40 29
449 1 move 37 39
449 2 move 16 22
449 3 pick 38 5
449 4 move 40 28
450 1 fulfill 37 39
450 2 move 16 21
450 3 pick 38 5
450 4 move 40 27
451 1 move 37 38
451 2 move 17 21
451 3 pick 38 5
451 4 dock 39 27
452 1 move 37 37
452 2 move 18 21
452 3 move 37 6
452 4 move 41 27
453 1 move 37 36
453 2 move 19 21
453 3 pick 38 6
453 4 move 41 28
454 1 move 37 35
454 2 move 19 22
454 3 move 37 5
454 4 move 41 29
455 1 move 37 34
455 2 move 19 23
455 3 move 37 4
455 4 move 41 30
456 1 move 37 33
456 2 move 19 24
456 3 move 37 3
456 4 move 41 31
457 1 move 37 32
457 2 move 19 25
457 3 move 37 2
457 4 move 41 32
458 1 move 37 31
458 2 move 19 26
458 3 move 37 1
458 4 move 41 33
459 1 move 37 30
459 2 move 19 27
459 3 move 37 0
459 4 move 41 34
460 1 move 37 29
460 2 move 19 28
460 3 fulfill 37 0
460 4 move 41 35
461 1 move 37 28
461 2 move 19 29
461 3 move 37 1
461 4 move 41 36
462 1 move 37 27
462 2 move 19 30
462 3 move 37 2
462 4 move 41 37
463 1 move 37 26
463 2 move 19 31
463 3 move 37 3
463 4 move 41 38
464 1 move 37 25
464 2 move 19 32
464 3 pick 38 3
464 4 move 41 39
465 1 move 37 24
465 2 move 19 33
465 3 move 37 4
465 4 move 40 39
466 1 move 37 23
466 2 move 19 34
466 3 pick 38 4
466 4 undock 39 39
467 1 move 37 22
467 2 move 19 35
467 3 pick 38 4
467 4 move 40 38
468 1 move 37 21
468 2 move 19 36
468 3 move 37 5
468 4 move 41 38
469 1 move 38 21
469 2 move 19 37
469 3 pick 38 5
469 4 move 42 38
470 1 move 39 21
470 2 move 19 38
470 3 pick 38 5
470 4 move 43 38
471 1 move 40 21
471 2 move 19 39
471 3 pick 38 5
471 4 move 44 38
472 1 move 40 22
472 2 move 18 39
472 3 move 37 6
472 4 move 45 38
473 1 move 40 23
473 2 undock 18 38
473 3 move 37 7
473 4 move 44 38
474 1 move 40 24
474 2 move 19 39
474 3 move 37 8
474 4 move 43 38
475 1 move 40 25
475 2 move 19 38
475 3 move 37 9
475 4 move 42 38
476 1 move 40 26
476 2 move 19 37
476 3 move 37 10
476 4 move 41 38
477 1 move 40 27
477 2 move 19 36
477 3 move 37 11
477 4 move 40 38
478 1 move 40 28
478 2 move 19 35
478 3 pick 38 11
478 4 move 40 37
479 1 move 40 29
479 2 move 19 34
479 3 move 37 10
479 4 move 40 36
480 1 move 40 30
480 2 move 19 33
480 3 move 37 9
480 4 move 40 35
481 1 move 40 31
481 2 move 19 32
481 3 move 37 8
481 4 move 40 34
482 1 move 40 32
482 2 move 20 32
482 3 move 37 7
482 4 move 40 33
483 1 move 40 33
483 2 move 21 32
483 3 move 37 6
483 4 move 40 32
484 1 move 40 34
484 2 move 22 32
484 3 move 37 5
484 4 move 40 31
485 1 move 40 35
485 2 move 23 32
485 3 move 37 4
485 4 move 40 30
486 1 pick 39 35
486 2 move 24 32
486 3 move 37 3
486 4 move 40 29
487 1 move 40 34
487 2 move 25 32
487 3 move 37 2
487 4 move 40 28
488 1 move 40 33
488 2 move 26 32
488 3 move 37 1
488 4 move 40 27
489 1 move 40 32
489 2 move 26 31
489 3 move 37 0
489 4 move 40 26
490 1 pick 39 32
490 2 move 26 30
490 3 fulfill 37 0
490 4 move 40 25
491 1 move 40 31
491 2 move 26 29
491 3 move 37 1
491 4 move 40 24
492 1 move 40 30
492 2 move 26 28
492 3 move 37 2
492 4 move 40 23
493 1 move 40 29
493 2 move 26 27
493 3 pick 38 2
493 4 move 40 22
494 1 move 40 28
494 2 dock 25 27
494 3 move 37 3
494 4 move 40 21
495 1 move 40 27
495 2 move 27 27
495 3 pick 38 3
495 4 move 39 21
496 1 move 40 26
496 2 move 27 28
496 3 pick 38 3
496 4 move 38 21
497 1 move 40 25
497 2 move 27 29
497 3 move 37 4
497 4 move 37 21
498 1 move 40 24
498 2 move 27 30
498 3 pick 38 4
498 4 move 37 22
499 1 move 40 23
499 2 move 27 31
499 3 move 37 5
499 4 move 37 23
500 1 move 40 22
500 2 move 27 32
500 3 pick 38 5
500 4 move 37 24
501 1 move 40 21
501 2 move 26 32
501 3 pick 38 5
501 4 move 37 25
502 1 move 39 21
502 2 move 25 32
502 3 pick 38 5
502 4 move 37 26
503 1 move 38 21
503 2 move 24 32
503 3 move 37 4
503 4 move 37 27
504 1 move 37 21
504 2 move 23 32
504 3 move 37 3
504 4 move 37 28
505 1 move 37 22
505 2 move 22 32
505 3 move 37 2
505 4 move 37 29
506 1 move 37 23
506 2 move 21 32
506 3 move 37 1
506 4 move 37 30
507 1 move 37 24
507 2 move 20 32
507 3 move 37 0
507 4 move 37 31
508 1 move 37 25
508 2 move 20 33
508 3 fulfill 37 0
508 4 move 37 32
509 1 move 37 26
509 2 move 20 34
509 3 move 37 1
509 4 move 37 33
510 1 move 37 27
510 2 move 20 35
510 3 move 37 2
510 4 move 37 34
511 1 move 37 28
511 2 move 20 36
511 3 move 37 3
511 4 move 37 35
512 1 move 37 29
512 2 move 20 37
512 3 move 37 4
512 4 pick 38 35
513 1 move 37 30
513 2 move 20 38
513 3 pick 38 4
513 4 pick 38 35
514 1 move 37 31
514 2 move 20 39
514 3 move 37 5
514 4 move 37 34
515 1 move 37 32
515 2 move 19 39
515 3 pick 38 5
515 4 pick 38 34
516 1 pick 38 32
516 2 move 18 39
516 3 pick 38 5
516 4 move 37 33
517 1 pick 38 32
517 2 undock 17 39
517 3 pick 38 5
517 4 move 36 33
518 1 pick 38 32
518 2 move 19 39
518 3 pick 38 5
518 4 move 36 32
519 1 move 37 31
519 2 move 19 38
519 3 pick 38 5
519 4 move 37 32
520 1 move 37 30
520 2 move 19 37
520 3 pick 38 5
520 4 pick 38 32
521 1 move 37 29
521 2 move 19 36
521 3 pick 38 5
521 4 pick 38 32
522 1 move 37 28
522 2 move 19 35
522 3 pick 38 5
522 4 pick 38 32
523 1 move 37 27
523 2 move 19 34
523 3 pick 38 5
523 4 move 37 33
524 1 move 37 26
524 2 move 19 33
524 3 move 37 4
524 4 move 37 34
525 1 move 37 25
525 2 move 19 32
525 3 move 37 3
525 4 move 37 35
526 1 move 37 24
526 2 move 19 31
526 3 move 37 2
526 4 move 37 36
527 1 move 37 23
527 2 move 19 30
527 3 move 37 1
527 4 move 37 37
528 1 move 37 22
528 2 dock 18 30
528 3 move 37 0
528 4 move 37 38
529 1 move 37 21
529 2 move 20 30
529 3 fulfill 37 0
529 4 move 37 39
530 1 move 38 21
530 2 move 20 31
530 3 move 37 1
530 4 fulfill 37 39
531 1 move 39 21
531 2 move 20 32
531 3 move 37 2
531 4 move 37 38
532 1 move 40 21
532 2 move 20 33
532 3 move 37 3
532 4 move 37 37
533 1 move 41 21
533 2 move 20 34
533 3 move 37 4
533 4 move 37 36
534 1 move 42 21
534 2 move 20 35
534 3 pick 38 4
534 4 move 37 35
535 1 move 43 21
535 2 move 20 36
535 3 move 37 5
535 4 move 37 34
536 1 move 44 21
536 2 move 20 37
536 3 pick 38 5
536 4 move 37 33
537 1 move 45 21
537 2 move 20 38
537 3 pick 38 5
537 4 pick 38 33
538 1 move 46 21
538 2 move 20 39
538 3 pick 38 5
538 4 pick 38 33
539 1 move 47 21
539 2 move 19 39
539 3 pick 38 5
539 4 pick 38 33
540 1 move 47 22
540 2 undock 18 39
540 3 pick 38 5
540 4 move 37 32
541 1 move 47 23
541 2 move 19 38
541 3 move 37 6
541 4 pick 38 32
542 1 move 47 24
542 2 pick 18 38
542 3 move 37 7
542 4 move 37 31
543 1 move 47 25
543 2 move 19 37
543 3 move 37 8
543 4 move 37 30
544 1 move 47 26
544 2 move 19 36
544 3 move 37 9
544 4 move 37 29
545 1 move 47 27
545 2 move 19 35
545 3 move 37 10
545 4 move 37 28
546 1 move 47 28
546 2 move 19 34
546 3 move 37 11
546 4 move 37 27
547 1 pick 46 28
547 2 move 19 33
547 3 move 37 12
547 4 move 37 26
548 1 move 47 29
548 2 pick 18 33
548 3 move 37 13
548 4 move 37 25
549 1 move 47 30
549 2 move 19 32
549 3 move 37 14
549 4 move 37 24
550 1 move 47 31
550 2 pick 18 32
550 3 move 37 15
550 4 move 37 23
551 1 move 47 32
551 2 pick 18 32
551 3 move 37 16
551 4 move 37 22
552 1 move 47 33
552 2 pick 18 32
552 3 move 38 16
552 4 move 37 21
553 1 move 47 34
553 2 move 19 31
553 3 move 39 16
553 4 move 38 21
554 1 move 47 35
554 2 move 19 30
554 3 move 40 16
554 4 move 39 21
555 1 move 47 36
555 2 move 19 29
555 3 move 40 15
555 4 move 40 21
556 1 move 47 37
556 2 move 19 28
556 3 move 40 14
556 4 move 40 22
557 1 move 47 38
557 2 move 19 27
557 3 move 40 13
557 4 move 40 23
558 1 move 47 39
558 2 move 19 26
558 3 move 40 12
558 4 move 40 24
559 1 fulfill 47 39
559 2 move 19 25
559 3 move 40 11
559 4 move 40 25
560 1 move 46 39
560 2 move 19 24
560 3 move 40 10
560 4 move 40 26
561 1 move 45 39
561 2 move 19 23
561 3 move 40 9
561 4 move 40 27
562 1 move 44 39
562 2 move 19 22
562 3 move 40 8
562 4 move 40 28
563 1 move 43 39
563 2 move 19 21
563 3 move 40 7
563 4 move 40 29
564 1 move 42 39
564 2 move 18 21
564 3 move 40 6
564 4 move 40 30
565 1 move 41 39
565 2 move 17 21
565 3 move 40 5
565 4 move 40 31
566 1 move 40 39
566 2 move 16 21
566 3 pick 39 5
566 4 move 40 32
567 1 move 40 38
567 2 move 16 22
567 3 pick 39 5
567 4 pick 39 32
568 1 pick 39 38
568 2 move 16 23
568 3 move 40 4
568 4 move 40 33
569 1 move 40 37
569 2 move 16 24
569 3 pick 39 4
569 4 pick 39 33
570 1 move 40 36
570 2 move 16 25
570 3 pick 39 4
570 4 move 40 32
571 1 move 40 35
571 2 move 16 26
571 3 move 40 5
571 4 move 40 31
572 1 move 40 34
572 2 move 16 27
572 3 move 40 6
572 4 move 40 30
573 1 move 40 33
573 2 move 16 28
573 3 pick 39 6
573 4 move 41 30
574 1 pick 39 33
574 2 move 16 29
574 3 move 40 5
574 4 move 42 30
575 1 move 40 32
575 2 move 16 30
575 3 move 40 4
575 4 move 43 30
576 1 pick 39 32
576 2 move 16 31
576 3 move 40 3
576 4 move 44 30
577 1 pick 39 32
577 2 move 16 32
577 3 move 40 2
577 4 pick 45 30
578 1 move 40 31
578 2 pick 17 32
578 3 move 40 1
578 4 move 44 31
579 1 move 40 30
579 2 pick 17 32
579 3 move 40 0
579 4 move 44 32
580 1 move 40 29
580 2 pick 17 32
580 3 fulfill 40 0
580 4 move 44 33
581 1 move 40 28
581 2 pick 17 32
581 3 move 40 1
581 4 move 44 34
582 1 move 40 27
582 2 pick 17 32
582 3 move 40 2
582 4 move 44 35
583 1 move 40 26
583 2 pick 17 32
583 3 move 40 3
583 4 move 44 36
584 1 move 40 25
584 2 move 16 33
584 3 move 40 4
584 4 move 44 37
585 1 move 40 24
585 2 pick 17 33
585 3 pick 39 4
585 4 move 44 38
586 1 move 40 23
586 2 move 16 34
586 3 move 40 5
586 4 move 44 39
587 1 move 40 22
587 2 move 16 35
587 3 pick 39 5
587 4 fulfill 44 39
588 1 move 40 21
588 2 move 16 36
588 3 pick 39 5
588 4 move 43 39
589 1 move 39 21
589 2 move 16 37
589 3 move 40 6
589 4 move 42 39
590 1 move 38 21
590 2 move 16 38
590 3 pick 39 6
590 4 move 41 39
591 1 move 37 21
591 2 move 16 39
591 3 move 40 7
591 4 move 40 39
592 1 move 37 22
592 2 fulfill 16 39
592 3 move 40 8
592 4 move 40 38
593 1 move 37 23
593 2 move 16 38
593 3 move 40 9
593 4 pick 39 38
594 1 move 37 24
594 2 move 16 37
594 3 move 40 10
594 4 move 40 37
595 1 move 37 25
595 2 move 16 36
595 3 move 40 11
595 4 move 40 36
596 1 move 37 26
596 2 move 16 35
596 3 move 40 12
596 4 move 40 35
597 1 move 37 27
597 2 move 16 34
597 3 move 40 13
597 4 move 40 34
598 1 move 37 28
598 2 move 16 33
598 3 move 40 14
598 4 move 40 33
599 1 move 37 29
599 2 move 16 32
599 3 move 40 15
599 4 move 40 32
600 1 move 37 30
600 2 move 16 31
600 3 move 40 16
600 4 pick 39 32
601 1 move 37 31
601 2 move 16 30
601 3 move 39 16
601 4 pick 39 32
602 1 move 37 32
602 2 move 16 29
602 3 move 38 16
602 4 pick 39 32
603 1 pick 38 32
603 2 move 16 28
603 3 move 37 16
603 4 move 40 31
604 1 pick 38 32
604 2 move 16 27
604 3 move 37 15
604 4 move 40 30
605 1 pick 38 32
605 2 move 16 26
605 3 move 37 14
605 4 move 40 29
606 1 pick 38 32
606 2 move 16 25
606 3 move 37 13
606 4 move 40 28
607 1 move 37 33
607 2 move 16 24
607 3 move 37 12
607 4 move 40 27
608 1 pick 38 33
608 2 move 16 23
608 3 move 37 11
608 4 move 40 26
609 1 move 36 33
609 2 move 16 22
609 3 move 37 10
609 4 move 40 25
610 1 move 35 33
610 2 move 16 21
610 3 move 37 9
610 4 move 40 24
611 1 move 34 33
611 2 move 17 21
611 3 move 37 8
611 4 move 40 23
612 1 move 33 33
612 2 move 18 21
612 3 move 37 7
612 4 move 40 22
613 1 move 33 32
613 2 move 19 21
613 3 move 37 6
613 4 move 40 21
614 1 move 33 31
614 2 move 19 22
614 3 move 37 5
614 4 move 39 21
615 1 move 33 30
615 2 move 19 23
615 3 pick 38 5
615 4 move 38 21
616 1 move 33 29
616 2 move 19 24
616 3 move 37 4
616 4 move 37 21
617 1 pick 32 29
617 2 move 19 25
617 3 move 37 3
617 4 move 37 22
618 1 move 33 30
618 2 move 19 26
618 3 move 37 2
618 4 move 37 23
619 1 move 33 31
619 2 move 19 27
619 3 move 37 1
619 4 move 37 24
620 1 move 33 32
620 2 move 19 28
620 3 move 37 0
620 4 move 37 25
621 1 move 33 33
621 2 move 19 29
621 3 fulfill 37 0
621 4 move 37 26
622 1 move 33 34
622 2 move 19 30
622 3 move 37 1
622 4 move 37 27
623 1 move 33 35
623 2 move 19 31
623 3 move 37 2
623 4 move 37 28
624 1 move 33 36
624 2 move 19 32
624 3 move 37 3
624 4 move 37 29
625 1 move 33 37
625 2 move 19 33
625 3 pick 38 3
625 4 move 37 30
626 1 move 33 38
626 2 move 19 34
626 3 pick 38 3
626 4 move 37 31
627 1 move 33 39
627 2 move 19 35
627 3 move 37 4
627 4 move 37 32
628 1 fulfill 33 39
628 2 move 19 36
628 3 pick 38 4
628 4 pick 38 32
629 1 move 33 38
629 2 move 19 37
629 3 move 37 5
629 4 pick 38 32
630 1 move 33 37
630 2 move 19 38
630 3 pick 38 5
630 4 pick 38 32
631 1 move 33 36
631 2 pick 18 38
631 3 pick 38 5
631 4 move 37 33
632 1 move 33 35
632 2 move 19 37
632 3 move 37 6
632 4 pick 38 33
633 1 move 33 34
633 2 move 19 36
633 3 pick 38 6
633 4 pick 38 33
634 1 move 33 33
634 2 move 19 35
634 3 move 37 7
634 4 move 37 34
635 1 move 34 33
635 2 move 19 34
635 3 move 37 8
635 4 move 37 35
636 1 move 35 33
636 2 pick 18 34
636 3 move 37 9
636 4 move 37 36
637 1 move 36 33
637 2 pick 18 34
637 3 move 37 10
637 4 move 37 37
638 1 move 37 33
638 2 move 19 33
638 3 move 37 11
638 4 move 37 38
639 1 pick 38 33
639 2 move 19 32
639 3 move 37 12
639 4 move 37 39
640 1 pick 38 33
640 2 move 19 31
640 3 move 37 13
640 4 fulfill 37 39
641 1 move 37 32
641 2 move 19 30
641 3 move 37 14
641 4 move 37 38
642 1 pick 38 32
642 2 move 19 29
642 3 move 37 15
642 4 move 37 37
643 1 pick 38 32
643 2 move 19 28
643 3 move 37 16
643 4 move 37 36
644 1 move 37 31
644 2 move 19 27
644 3 move 38 16
644 4 move 37 35
645 1 move 37 30
645 2 move 19 26
645 3 move 39 16
645 4 move 37 34
646 1 move 37 29
646 2 move 19 25
646 3 move 40 16
646 4 move 37 33
647 1 move 37 28
647 2 move 19 24
647 3 move 40 15
647 4 move 37 32
648 1 move 37 27
648 2 move 19 23
648 3 move 40 14
648 4 move 37 31
649 1 move 37 26
649 2 move 19 22
649 3 move 40 13
649 4 move 37 30
650 1 move 37 25
650 2 move 19 21
650 3 move 40 12
650 4 move 37 29
651 1 move 37 24
651 2 move 18 21
651 3 move 40 11
651 4 move 37 28
652 1 move 37 23
652 2 move 17 21
652 3 move 40 10
652 4 move 37 27
653 1 move 37 22
653 2 move 16 21
653 3 move 40 9
653 4 move 37 26
654 1 move 37 21
654 2 move 16 22
654 3 move 40 8
654 4 move 37 25
655 1 move 38 21
655 2 move 16 23
655 3 move 40 7
655 4 move 37 24
656 1 move 39 21
656 2 move 16 24
656 3 move 40 6
656 4 move 37 23
657 1 move 40 21
657 2 move 16 25
657 3 move 40 5
657 4 move 37 22
658 1 move 40 22
658 2 move 16 26
658 3 pick 39 5
658 4 move 37 21
659 1 move 40 23
659 2 move 16 27
659 3 pick 39 5
659 4 move 38 21
660 1 move 40 24
660 2 move 16 28
660 3 pick 39 5
660 4 move 39 21
661 1 move 40 25
661 2 move 16 29
661 3 pick 39 5
661 4 move 40 21
662 1 move 40 26
662 2 move 16 30
662 3 move 40 4
662 4 move 40 22
663 1 move 40 27
663 2 move 16 31
663 3 pick 39 4
663 4 move 40 23
664 1 move 40 28
664 2 move 16 32
664 3 pick 39 4
664 4 move 40 24
665 1 move 40 29
665 2 move 16 33
665 3 pick 39 4
665 4 move 40 25
666 1 move 40 30
666 2 pick 17 33
666 3 move 40 3
666 4 move 40 26
667 1 move 40 31
667 2 move 16 32
667 3 move 40 2
667 4 move 40 27
668 1 move 40 32
668 2 pick 17 32
668 3 move 40 1
668 4 move 40 28
669 1 pick 39 32
669 2 pick 17 32
669 3 move 40 0
669 4 move 40 29
670 1 move 40 33
670 2 pick 17 32
670 3 fulfill 40 0
670 4 move 40 30
671 1 move 40 34
671 2 move 16 31
671 3 move 40 1
671 4 move 40 31
672 1 pick 39 34
672 2 pick 17 31
672 3 move 40 2
672 4 move 40 32
673 1 move 40 33
673 2 move 16 32
673 3 move 40 3
674 1 move 40 32
674 2 move 16 33
674 3 move 40 4
674 4 move 40 33
675 1 move 40 31
675 2 move 16 34
675 3 move 40 5
675 4 move 40 34
676 1 move 40 30
676 2 move 16 35
676 3 pick 39 5
676 4 move 40 35
677 1 move 41 30
677 2 move 16 36
677 3 move 40 6
677 4 move 40 36
678 1 move 42 30
678 2 move 16 37
678 3 pick 39 6
678 4 move 40 37
679 1 move 43 30
679 2 move 16 38
679 3 pick 39 6
679 4 move 40 38
680 1 move 44 30
680 2 move 16 39
680 3 move 40 7
680 4 pick 39 38
681 1 pick 45 30
681 2 fulfill 16 39
681 3 move 40 8
681 4 move 40 37
682 1 move 44 31
682 2 move 16 38
682 3 move 40 9
682 4 move 40 36
683 1 move 44 32
683 2 move 16 37
683 3 move 40 10
683 4 move 40 35
684 1 move 44 33
684 2 move 16 36
684 3 move 40 11
684 4 move 40 34
685 1 move 44 34
685 2 move 16 35
685 3 move 40 12
685 4 pick 39 34
686 1 move 44 35
686 2 move 16 34
686 3 move 40 13
686 4 pick 39 34
687 1 move 44 36
687 2 move 16 33
687 3 move 40 14
687 4 move 40 33
688 1 move 44 37
688 2 move 16 32
688 3 move 40 15
688 4 move 40 32
689 1 move 44 38
689 2 pick 17 32
689 3 move 40 16
689 4 pick 39 32
690 1 move 44 39
690 2 pick 17 32
690 3 move 39 16
690 4 move 40 31
691 1 fulfill 44 39
691 2 pick 17 32
691 3 move 38 16
691 4 move 40 30
692 1 move 43 39
692 2 pick 17 32
692 3 move 37 16
692 4 move 40 29
693 1 move 42 39
693 2 pick 17 32
693 3 move 37 15
693 4 move 40 28
694 1 move 41 39
694 2 pick 17 32
694 3 move 37 14
694 4 move 40 27
695 1 move 40 39
695 2 pick 17 32
695 3 move 37 13
695 4 move 40 26
696 1 move 40 38
696 2 move 16 31
696 3 move 37 12
696 4 move 40 25
697 1 move 40 37
697 2 pick 17 31
697 3 move 37 11
697 4 move 40 24
698 1 move 40 36
698 2 pick 17 31
698 3 move 37 10
698 4 move 40 23
699 1 move 40 35
699 2 move 16 30
699 3 move 37 9
699 4 move 40 22
700 1 move 40 34
700 2 move 16 29
700 3 move 37 8
700 4 move 40 21
701 1 move 40 33
701 2 move 16 28
701 3 move 37 7
701 4 move 39 21
702 1 pick 39 33
702 2 pick 17 28
702 3 move 37 6
702 4 move 38 21
703 1 move 40 32
703 2 pick 17 28
703 3 move 37 5
703 4 move 37 21
704 1 move 40 31
704 2 pick 17 28
704 3 pick 38 5
704 4 move 37 22
705 1 move 40 30
705 2 move 16 27
705 3 pick 38 5
705 4 move 37 23
706 1 move 40 29
706 2 move 16 26
706 3 pick 38 5
706 4 move 37 24
707 1 move 40 28
707 2 pick 17 26
707 3 move 37 4
707 4 move 37 25
708 1 move 40 27
708 2 pick 17 26
708 3 move 37 3
708 4 move 37 26
709 1 move 40 26
709 2 move 16 27
709 3 pick 38 3
709 4 move 37 27
710 1 move 40 25
710 2 move 16 28
710 3 pick 38 3
710 4 move 37 28
711 1 move 40 24
711 2 move 16 29
711 3 move 37 2
711 4 move 37 29
712 1 move 40 23
712 2 move 16 30
712 3 move 37 1
712 4 move 37 30
713 1 move 40 22
713 2 move 16 31
713 3 move 37 0
713 4 move 37 31
714 1 move 40 21
714 2 move 16 32
714 3 fulfill 37 0
714 4 move 37 32
715 1 move 39 21
715 2 move 16 33
715 3 move 37 1
715 4 pick 38 32
716 1 move 38 21
716 2 move 16 34
716 3 move 37 2
716 4 pick 38 32
717 1 move 37 21
717 2 move 16 35
717 3 move 37 3
717 4 pick 38 32
718 1 move 37 22
718 2 move 16 36
718 3 pick 38 3
718 4 pick 38 32
719 1 move 37 23
719 2 move 16 37
719 3 move 37 4
719 4 pick 38 32
720 1 move 37 24
720 2 move 16 38
720 3 move 37 5
720 4 pick 38 32
721 1 move 37 25
721 2 move 16 39
721 3 pick 38 5
721 4 pick 38 32
722 1 move 37 26
722 2 fulfill 16 39
722 3 pick 38 5
722 4 move 37 33
723 1 move 37 27
723 2 move 16 38
723 3 move 37 6
723 4 move 37 34
724 1 move 37 28
724 2 move 16 37
724 3 pick 38 6
724 4 move 37 35
725 1 move 37 29
725 2 move 16 36
725 3 move 37 7
725 4 move 37 36
726 1 move 37 30
726 2 move 16 35
726 3 move 37 8
726 4 move 37 37
727 1 move 37 31
727 2 move 16 34
727 3 move 37 9
727 4 move 37 38
728 1 move 37 32
728 2 move 16 33
728 3 move 37 10
728 4 move 37 39
729 1 pick 38 32
729 2 move 16 32
729 3 move 37 11
729 4 fulfill 37 39
730 1 pick 38 32
730 2 move 16 31
730 3 move 37 12
730 4 move 37 38
731 1 pick 38 32
731 2 move 16 30
731 3 move 37 13
731 4 move 37 37
732 1 pick 38 32
732 2 move 16 29
732 3 move 37 14
732 4 move 37 36
733 1 move 37 31
733 2 move 16 28
733 3 move 37 15
733 4 move 37 35
734 1 move 37 30
734 2 move 16 27
734 3 move 37 16
734 4 move 37 34
735 1 move 37 29
735 2 move 16 26
735 3 move 38 16
735 4 move 37 33
736 1 move 37 28
736 2 move 16 25
736 3 move 39 16
736 4 move 37 32
737 1 move 37 27
737 2 move 16 24
737 3 move 40 16
737 4 move 37 31
738 1 move 37 26
738 2 move 16 23
738 3 move 40 15
738 4 move 37 30
739 1 move 37 25
739 2 move 16 22
739 3 move 40 14
739 4 move 37 29
740 1 move 37 24
740 2 move 16 21
740 3 move 40 13
740 4 move 37 28
741 1 move 37 23
741 2 move 17 21
741 3 move 40 12
741 4 move 37 27
742 1 move 37 22
742 2 move 18 21
742 3 move 40 11
742 4 move 37 26
743 1 move 37 21
743 2 move 19 21
743 3 move 40 10
743 4 move 37 25
744 1 move 38 21
744 2 move 19 22
744 3 move 40 9
744 4 move 37 24
745 1 move 39 21
745 2 move 19 23
745 3 move 40 8
745 4 move 37 23
746 1 move 40 21
746 2 move 19 24
746 3 move 40 7
746 4 move 37 22
747 1 move 41 21
747 2 move 19 25
747 3 move 40 6
747 4 move 37 21
748 1 move 42 21
748 2 move 19 26
748 3 move 40 5
748 4 move 38 21
749 1 move 43 21
749 2 move 19 27
749 3 pick 39 5
749 4 move 39 21
750 1 move 44 21
750 2 move 19 28
750 3 pick 39 5
750 4 move 40 21
751 1 move 45 21
751 2 move 19 29
751 3 pick 39 5
751 4 move 40 22
752 1 move 46 21
752 2 move 19 30
752 3 move 40 4
752 4 move 40 23
753 1 move 47 21
753 2 move 19 31
753 3 pick 39 4
753 4 move 40 24
754 1 move 47 22
754 2 move 19 32
754 3 move 40 3
754 4 move 40 25
755 1 move 47 23
755 2 move 19 33
755 3 move 40 2
755 4 move 40 26
756 1 move 47 24
756 2 move 19 34
756 3 move 40 1
756 4 move 40 27
757 1 move 47 25
757 2 move 19 35
757 3 move 40 0
757 4 move 40 28
758 1 move 47 26
758 2 move 19 36
758 3 fulfill 40 0
758 4 move 40 29
759 1 move 47 27
759 2 move 19 37
759 3 move 40 1
759 4 move 40 30
760 1 move 47 28
760 2 move 19 38
760 3 move 40 2
760 4 move 40 31
761 1 pick 46 28
761 2 pick 18 38
761 3 move 40 3
761 4 move 40 32
762 1 move 47 29
762 2 move 19 37
762 3 move 40 4
762 4 move 40 33
763 1 move 47 30
763 2 move 19 36
763 3 pick 39 4
763 4 move 40 34
764 1 move 47 31
764 2 move 19 35
764 3 move 40 5
764 4 move 40 35
765 1 move 47 32
765 2 move 19 34
765 3 pick 39 5
765 4 move 40 36
766 1 move 47 33
766 2 pick 18 34
766 3 pick 39 5
766 4 move 40 37
767 1 move 47 34
767 2 move 19 33
767 3 pick 39 5
767 4 move 40 38
768 1 move 47 35
768 2 move 19 32
768 3 move 40 6
768 4 pick 39 38
769 1 move 47 36
769 2 pick 18 32
769 3 move 40 7
769 4 move 40 37
770 1 move 47 37
770 2 pick 18 32
770 3 move 40 8
770 4 move 40 36
771 1 move 47 38
771 2 move 19 31
771 3 move 40 9
771 4 move 40 35
772 1 move 47 39
772 2 move 19 30
772 3 move 40 10
772 4 move 40 34
773 1 fulfill 47 39
773 2 move 19 29
773 3 move 40 11
773 4 pick 39 34
774 1 move 46 39
774 2 move 19 28
774 3 move 40 12
774 4 move 40 33
775 1 move 45 39
775 2 move 19 27
775 3 move 40 13
775 4 move 40 32
776 1 move 44 39
776 2 move 19 26
776 3 move 40 14
776 4 pick 39 32
777 1 move 44 38
777 2 move 19 25
777 3 move 40 15
777 4 pick 39 32
778 1 move 44 37
778 2 move 19 24
778 3 move 40 16
778 4 move 40 31
779 1 move 44 36
779 2 move 19 23
779 3 move 39 16
779 4 move 40 30
780 1 move 44 35
780 2 move 19 22
780 3 move 38 16
780 4 move 40 29
781 1 move 44 34
781 2 move 19 21
781 3 move 37 16
781 4 move 40 28
782 1 move 44 33
782 2 move 18 21
782 3 move 37 15
782 4 move 40 27
783 1 move 44 32
783 2 move 17 21
783 3 move 37 14
783 4 move 40 26
784 1 move 44 31
784 2 move 16 21
784 3 move 37 13
784 4 move 40 25
785 1 move 44 30
785 2 move 16 22
785 3 move 37 12
785 4 move 40 24
786 1 move 44 29
786 2 move 16 23
786 3 move 37 11
786 4 move 40 23
787 1 move 44 28
787 2 move 16 24
787 3 move 37 10
787 4 move 40 22
788 1 pick 45 28
788 2 move 16 25
788 3 move 37 9
788 4 move 40 21
789 1 pick 45 28
789 2 move 16 26
789 3 move 37 8
789 4 move 39 21
790 1 move 43 28
790 2 move 16 27
790 3 move 37 7
790 4 move 38 21
791 1 move 42 28
791 2 move 16 28
791 3 move 37 6
791 4 move 37 21
792 1 move 41 28
792 2 move 16 29
792 3 move 37 5
792 4 move 37 22
793 1 move 40 28
793 2 move 16 30
793 3 pick 38 5
793 4 move 37 23
794 1 move 40 29
794 2 move 16 31
794 3 pick 38 5
794 4 move 37 24
795 1 move 40 30
795 2 move 16 32
795 3 pick 38 5
795 4 move 37 25
796 1 move 40 31
796 2 pick 17 32
796 3 move 37 4
796 4 move 37 26
797 1 move 40 32
797 2 pick 17 32
797 3 pick 38 4
797 4 move 37 27
798 1 pick 39 32
798 2 pick 17 32
798 3 pick 38 4
798 4 move 37 28
799 1 pick 39 32
799 2 move 16 33
799 3 move 37 3
799 4 move 37 29
800 1 pick 39 32
800 2 pick 17 33
800 3 move 37 2
800 4 move 37 30
801 1 move 40 31
801 2 move 16 34
801 3 move 37 1
801 4 move 37 31
802 1 move 40 30
802 2 pick 17 34
802 3 move 37 0
802 4 move 37 32
803 1 move 40 29
803 2 pick 17 34
803 3 fulfill 37 0
803 4 pick 38 32
804 1 move 40 28
804 2 move 16 35
804 3 move 37 1
804 4 pick 38 32
805 1 move 40 27
805 2 move 16 36
805 3 move 37 2
805 4 pick 38 32
806 1 move 40 26
806 2 move 16 37
806 3 move 37 3
806 4 move 37 33
807 1 move 40 25
807 2 move 16 38
807 3 move 37 4
807 4 pick 38 33
808 1 move 40 24
808 2 move 16 39
808 3 pick 38 4
808 4 move 37 34
809 1 move 40 23
809 2 fulfill 16 39
809 3 pick 38 4
809 4 move 37 35
810 1 move 40 22
810 2 move 16 38
810 3 move 37 5
810 4 move 37 36
811 1 move 40 21
811 2 move 16 37
811 3 pick 38 5
811 4 move 37 37
812 1 move 39 21
812 2 move 16 36
812 3 pick 38 5
812 4 move 37 38
813 1 move 38 21
813 2 move 16 35
813 3 pick 38 5
813 4 move 37 39
814 1 move 37 21
814 2 move 16 34
814 3 pick 38 5
814 4 fulfill 37 39
815 1 move 37 22
815 2 move 16 33
815 3 pick 38 5
815 4 move 37 38
816 1 move 37 23
816 2 pick 17 33
816 3 move 37 6
816 4 move 37 37
817 1 move 37 24
817 2 move 16 32
817 3 move 37 7
817 4 move 37 36
818 1 move 37 25
818 2 pick 17 32
818 3 move 37 8
818 4 move 37 35
819 1 move 37 26
819 2 pick 17 32
819 3 move 37 9
819 4 move 37 34
820 1 move 37 27
820 2 pick 17 32
820 3 move 37 10
820 4 move 37 33
821 1 move 37 28
821 2 pick 17 32
821 3 move 37 11
821 4 pick 38 33
822 1 move 37 29
822 2 move 16 31
822 3 move 37 12
822 4 move 37 32
823 1 move 37 30
823 2 move 16 30
823 3 move 37 13
823 4 pick 38 32
824 1 move 37 31
824 2 move 16 29
824 3 move 37 14
824 4 pick 38 32
825 1 move 36 31
825 2 move 16 28
825 3 move 37 15
825 4 pick 38 32
826 1 move 36 32
826 2 move 16 27
826 3 move 37 16
826 4 pick 38 32
827 1 move 37 32
827 2 move 16 26
827 3 move 38 16
827 4 move 37 31
828 1 pick 38 32
828 2 move 16 25
828 3 move 39 16
828 4 move 37 30
829 1 pick 38 32
829 2 move 16 24
829 3 move 40 16
829 4 move 37 29
830 1 pick 38 32
830 2 move 16 23
830 3 move 40 15
830 4 move 37 28
831 1 pick 38 32
831 2 move 16 22
831 3 move 40 14
831 4 move 37 27
832 1 move 37 33
832 2 move 16 21
832 3 move 40 13
832 4 move 37 26
833 1 move 37 34
833 2 move 17 21
833 3 move 40 12
833 4 move 37 25
834 1 move 37 35
834 2 move 18 21
834 3 move 40 11
834 4 move 37 24
835 1 move 37 36
835 2 move 19 21
835 3 move 40 10
835 4 move 37 23
836 1 move 37 37
836 2 move 19 22
836 3 move 40 9
836 4 move 37 22
837 1 move 37 38
837 2 move 19 23
837 3 move 40 8
837 4 move 37 21
838 1 move 37 39
838 2 move 19 24
838 3 move 40 7
838 4 move 38 21
839 1 fulfill 37 39
839 2 move 19 25
839 3 move 40 6
839 4 move 39 21
840 1 move 36 39
840 2 move 19 26
840 3 move 40 5
840 4 move 40 21
841 1 move 35 39
841 2 move 19 27
841 3 pick 39 5
841 4 move 40 22
842 1 move 35 38
842 2 move 19 28
842 3 pick 39 5
842 4 move 40 23
843 1 move 35 37
843 2 move 19 29
843 3 pick 39 5
843 4 move 40 24
844 1 move 36 37
844 2 move 19 30
844 3 pick 39 5
844 4 move 40 25
845 1 move 37 37
845 2 move 19 31
845 3 pick 39 5
845 4 move 40 26
846 1 move 37 36
846 2 move 19 32
846 3 move 40 4
846 4 move 40 27
847 1 move 37 35
847 2 pick 18 32
847 3 move 40 3
847 4 move 40 28
848 1 move 37 34
848 2 move 19 33
848 3 move 40 2
848 4 move 40 29
849 1 move 37 33
849 2 move 19 34
849 3 move 40 1
849 4 move 40 30
850 1 move 37 32
850 2 move 19 35
850 3 move 40 0
850 4 move 40 31
851 1 move 37 31
851 2 move 19 36
851 3 fulfill 40 0
851 4 move 40 32
852 1 move 37 30
852 2 move 19 37
852 3 move 40 1
852 4 pick 39 32
853 1 move 37 29
853 2 move 19 38
853 3 move 40 2
853 4 move 40 33
854 1 move 37 28
854 2 move 19 39
854 3 move 40 3
854 4 move 40 34
855 1 move 37 27
855 2 fulfill 19 39
855 3 move 40 4
855 4 move 40 35
856 1 move 37 26
856 2 move 19 38
856 3 pick 39 4
856 4 move 40 36
857 1 move 37 25
857 2 move 19 37
857 3 move 40 5
857 4 move 40 37
858 1 move 37 24
858 2 move 19 36
858 3 pick 39 5
858 4 move 40 38
859 1 move 37 23
859 2 move 19 35
859 3 pick 39 5
859 4 move 40 39
860 1 move 37 22
860 2 move 19 34
860 3 move 40 6
860 4 fulfill 40 39
861 1 move 37 21
861 2 move 19 33
861 3 move 40 7
861 4 move 40 38
862 1 move 38 21
862 2 pick 18 33
862 3 move 40 8
862 4 move 40 37
863 1 move 39 21
863 2 move 19 32
863 3 move 40 9
863 4 move 40 36
864 1 move 40 21
864 2 pick 18 32
864 3 move 40 10
864 4 move 40 35
865 1 move 40 22
865 2 pick 18 32
865 3 move 40 11
865 4 move 40 34
866 1 move 40 23
866 2 move 19 31
866 3 move 40 12
866 4 move 40 33
867 1 move 40 24
867 2 move 19 30
867 3 move 40 13
867 4 move 40 32
868 1 move 40 25
868 2 move 19 29
868 3 move 40 14
868 4 pick 39 32
869 1 move 40 26
869 2 move 19 28
869 3 move 40 15
869 4 move 40 31
870 1 move 40 27
870 2 move 19 27
870 3 move 40 16
870 4 move 40 30
871 1 move 40 28
871 2 move 19 26
871 3 move 39 16
871 4 move 40 29
872 1 move 40 29
872 2 move 19 25
872 3 move 38 16
872 4 move 40 28
873 1 move 40 30
873 2 move 19 24
873 3 move 37 16
873 4 move 40 27
874 1 move 40 31
874 2 move 19 23
874 3 move 37 15
874 4 move 40 26
875 1 move 40 32
875 2 move 19 22
875 3 move 37 14
875 4 move 40 25
876 1 move 40 33
876 2 move 19 21
876 3 move 37 13
876 4 move 40 24
877 1 move 40 34
877 2 move 18 21
877 3 move 37 12
877 4 move 40 23
878 1 move 40 35
878 2 move 17 21
878 3 move 37 11
878 4 move 40 22
879 1 move 40 36
879 2 move 16 21
879 3 move 37 10
879 4 move 40 21
880 1 move 40 37
880 2 move 16 22
880 3 move 37 9
880 4 move 39 21
881 1 move 40 38
881 2 move 16 23
881 3 move 37 8
881 4 move 38 21
882 1 pick 39 38
882 2 move 16 24
882 3 move 37 7
882 4 move 37 21
883 1 move 40 37
883 2 move 16 25
883 3 move 37 6
883 4 move 37 22
884 1 move 40 36
884 2 move 16 26
884 3 move 37 5
884 4 move 37 23
885 1 move 40 35
885 2 move 16 27
885 3 pick 38 5
885 4 move 37 24
886 1 move 40 34
886 2 move 16 28
886 3 pick 38 5
886 4 move 37 25
887 1 move 40 33
887 2 move 16 29
887 3 move 37 4
887 4 move 37 26
888 1 move 40 32
888 2 move 16 30
888 3 pick 38 4
888 4 move 37 27
889 1 pick 39 32
889 2 move 16 31
889 3 move 37 3
889 4 move 37 28
890 1 move 40 31
890 2 move 16 32
890 3 move 37 2
890 4 move 37 29
891 1 move 40 30
891 2 pick 17 32
891 3 move 37 1
891 4 move 37 30
892 1 move 40 29
892 2 pick 17 32
892 3 move 37 0
892 4 move 37 31
893 1 move 40 28
893 2 pick 17 32
893 3 fulfill 37 0
893 4 move 37 32
894 1 move 40 27
894 2 move 16 33
894 3 move 37 1
894 4 pick 38 32
895 1 move 40 26
895 2 move 16 34
895 3 move 37 2
895 4 pick 38 32
896 1 move 40 25
896 2 move 16 35
896 3 move 37 3
896 4 pick 38 32
897 1 move 40 24
897 2 move 16 36
897 3 move 37 4
897 4 pick 38 32
898 1 move 40 23
898 2 move 16 37
898 3 pick 38 4
898 4 move 37 33
899 1 move 40 22
899 2 move 16 38
899 3 pick 38 4
899 4 pick 38 33
900 1 move 40 21
900 2 move 16 39
900 3 move 37 5
900 4 move 37 34
901 1 move 39 21
901 2 fulfill 16 39
901 3 pick 38 5
901 4 move 37 35
902 1 move 38 21
902 2 move 16 38
902 3 pick 38 5
902 4 move 37 36
903 1 move 37 21
903 2 move 16 37
903 3 pick 38 5
903 4 move 37 37
904 1 move 37 22
904 2 move 16 36
904 3 move 37 6
904 4 move 37 38
905 1 move 37 23
905 2 move 16 35
905 3 move 37 7
905 4 move 37 39
906 1 move 37 24
906 2 move 16 34
906 3 move 37 8
906 4 fulfill 37 39
907 1 move 37 25
907 2 move 16 33
907 3 move 37 9
907 4 move 37 38
908 1 move 37 26
908 2 pick 17 33
908 3 move 37 10
908 4 move 37 37
909 1 move 37 27
909 2 move 16 32
909 3 move 37 11
909 4 move 37 36
910 1 move 37 28
910 2 pick 17 32
910 3 move 37 12
910 4 move 37 35
911 1 move 37 29
911 2 pick 17 32
911 3 move 37 13
911 4 move 37 34
912 1 move 37 30
912 2 move 16 31
912 3 move 37 14
912 4 move 37 33
913 1 move 37 31
913 2 move 16 30
913 3 move 37 15
913 4 pick 38 33
914 1 move 36 31
914 2 move 16 29
914 3 move 37 16
914 4 move 37 32
915 1 move 36 32
915 2 move 16 28
915 3 move 38 16
915 4 pick 38 32
916 2 move 16 27
916 3 move 39 16
916 4 pick 38 32
917 2 move 16 26
917 3 move 40 16
917 4 pick 38 32
918 2 move 16 25
918 3 move 40 15
918 4 pick 38 32
919 2 move 16 24
919 3 move 40 14
919 4 pick 38 32
920 2 move 16 23
920 3 move 40 13
920 4 pick 38 32
921 1 move 37 32
921 2 move 16 22
921 3 move 40 12
921 4 move 37 31
922 1 pick 38 32
922 2 move 16 21
922 3 move 40 11
922 4 move 37 30
923 1 pick 38 32
923 2 move 17 21
923 3 move 40 10
923 4 move 37 29
924 1 pick 38 32
924 2 move 18 21
924 3 move 40 9
924 4 move 37 28
925 1 pick 38 32
925 2 move 19 21
925 3 move 40 8
925 4 move 37 27
926 1 pick 38 32
926 2 move 19 22
926 3 move 40 7
926 4 move 37 26
927 1 pick 38 32
927 2 move 19 23
927 3 move 40 6
927 4 move 37 25
928 1 pick 38 32
928 2 move 19 24
928 3 move 40 5
928 4 move 37 24
929 1 move 36 32
929 2 move 19 25
929 3 move 40 4
929 4 move 37 23
930 1 move 35 32
930 2 move 19 26
930 3 pick 39 4
930 4 move 37 22
931 1 move 34 32
931 2 move 19 27
931 3 move 40 3
931 4 move 37 21
932 1 move 33 32
932 2 move 19 28
932 3 move 40 2
932 4 move 38 21
933 1 move 32 32
933 2 move 19 29
933 3 move 40 1
933 4 move 39 21
934 1 move 31 32
934 2 move 19 30
934 3 move 40 0
934 4 move 40 21
935 1 move 30 32
935 2 move 19 31
935 3 fulfill 40 0
935 4 move 40 22
936 1 move 30 31
936 2 move 19 32
936 3 move 40 1
936 4 move 40 23
937 1 move 30 30
937 2 pick 18 32
937 3 move 40 2
937 4 move 40 24
938 1 move 30 29
938 2 pick 18 32
938 3 move 40 3
938 4 move 40 25
939 1 pick 31 29
939 2 move 19 33
939 3 move 40 4
939 4 move 40 26
940 1 move 30 30
940 2 pick 18 33
940 3 pick 39 4
940 4 move 40 27
941 1 move 30 31
941 2 move 19 34
941 3 move 40 5
941 4 move 40 28
942 1 move 30 32
942 2 move 19 35
942 3 pick 39 5
942 4 move 40 29
943 1 move 30 33
943 2 move 19 36
943 3 move 40 6
943 4 move 40 30
944 1 move 30 34
944 2 move 19 37
944 3 move 40 7
944 4 move 40 31
945 1 move 30 35
945 2 move 19 38
945 3 move 40 8
945 4 move 40 32
946 1 move 30 36
946 2 move 19 39
946 3 move 40 9
946 4 pick 39 32
947 1 move 30 37
947 2 fulfill 19 39
947 3 move 40 10
947 4 pick 39 32
948 1 move 30 38
948 2 move 19 38
948 3 move 40 11
948 4 move 40 33
949 1 move 30 39
949 2 move 19 37
949 3 move 40 12
949 4 move 40 34
950 1 fulfill 30 39
950 2 move 19 36
950 3 move 40 13
950 4 move 40 35
951 1 move 30 38
951 2 move 19 35
951 3 move 40 14
951 4 move 40 36
952 1 move 30 37
952 2 move 19 34
952 3 move 40 15
952 4 move 40 37
953 1 move 30 36
953 2 move 19 33
953 3 move 40 16
953 4 move 40 38
954 1 move 30 35
954 2 pick 18 33
954 3 move 39 16
954 4 move 40 39
955 1 move 30 34
955 2 move 19 32
955 3 move 38 16
955 4 fulfill 40 39
956 1 move 30 33
956 2 pick 18 32
956 3 move 37 16
956 4 move 40 38
957 1 move 30 32
957 2 pick 18 32
957 3 move 37 15
957 4 move 40 37
958 1 move 30 31
958 2 move 19 31
958 3 move 37 14
958 4 move 40 36
959 1 pick 31 31
959 2 move 19 30
959 3 move 37 13
959 4 move 40 35
960 1 move 29 31
960 2 move 19 29
960 3 move 37 12
960 4 move 40 34
961 1 move 28 31
961 2 move 19 28
961 3 move 37 11
961 4 move 40 33
962 1 move 27 31
962 2 move 19 27
962 3 move 37 10
962 4 pick 39 33
963 1 move 26 31
963 2 move 19 26
963 3 move 37 9
963 4 pick 39 33
964 1 move 26 30
964 2 move 19 25
964 3 move 37 8
964 4 move 40 32
965 1 pick 25 30
965 2 move 19 24
965 3 move 37 7
965 4 pick 39 32
966 1 pick 25 30
966 2 move 19 23
966 3 move 37 6
966 4 pick 39 32
967 1 pick 25 30
967 2 move 19 22
967 3 move 37 5
967 4 pick 39 32
968 1 move 26 29
968 2 move 19 21
968 3 pick 38 5
968 4 pick 39 32
969 1 move 26 28
969 2 move 18 21
969 3 pick 38 5
969 4 move 40 31
970 1 move 26 27
970 2 move 17 21
970 3 pick 38 5
970 4 move 40 30
971 1 move 26 26
971 2 move 16 21
971 3 move 37 4
971 4 move 40 29
972 1 pick 25 26
972 2 move 16 22
972 3 pick 38 4
972 4 move 40 28
973 1 pick 25 26
973 2 move 16 23
973 3 move 37 3
973 4 move 40 27
974 1 move 26 25
974 2 move 16 24
974 3 move 37 2
974 4 move 40 26
975 1 move 26 24
975 2 move 16 25
975 3 move 37 1
975 4 move 40 25
976 1 move 27 24
976 2 move 16 26
976 3 move 37 0
976 4 move 40 24
977 1 move 28 24
977 2 move 16 27
977 3 fulfill 37 0
977 4 move 40 23
978 1 move 29 24
978 2 move 16 28
978 3 move 37 1
978 4 move 40 22
979 1 move 30 24
979 2 move 16 29
979 3 move 37 2
979 4 move 40 21
980 1 pick 31 24
980 2 move 16 30
980 3 move 37 3
980 4 move 39 21
981 1 pick 31 24
981 2 move 16 31
981 3 move 37 4
981 4 move 38 21
982 1 move 30 25
982 2 move 16 32
982 3 pick 38 4
982 4 move 37 21
983 1 move 30 26
983 2 pick 17 32
983 3 move 37 5
983 4 move 37 22
984 1 move 30 27
984 2 pick 17 32
984 3 pick 38 5
984 4 move 37 23
985 1 move 30 28
985 2 pick 17 32
985 3 pick 38 5
985 4 move 37 24
986 1 move 30 29
986 2 pick 17 32
986 3 pick 38 5
986 4 move 37 25
987 1 move 30 30
987 2 move 16 33
987 3 move 37 6
987 4 move 37 26
988 1 move 30 31
988 2 pick 17 33
988 3 move 37 7
988 4 move 37 27
989 1 move 30 32
989 2 pick 17 33
989 3 move 37 8
989 4 move 37 28
990 1 move 30 33
990 2 move 16 34
990 3 move 37 9
990 4 move 37 29
991 1 move 30 34
991 2 move 16 35
991 3 move 37 10
991 4 move 37 30
992 1 move 30 35
992 2 move 16 36
992 3 move 37 11
992 4 move 37 31
993 1 move 30 36
993 2 move 16 37
993 3 move 37 12
993 4 move 37 32
994 1 move 30 37
994 2 move 16 38
994 3 move 37 13
994 4 pick 38 32
995 1 move 30 38
995 2 move 16 39
995 3 move 37 14
995 4 pick 38 32
996 1 move 30 39
996 2 fulfill 16 39
996 3 move 37 15
996 4 pick 38 32
997 1 fulfill 30 39
997 2 move 16 38
997 3 move 37 16
997 4 pick 38 32
998 1 move 29 39
998 2 move 16 37
998 3 move 38 16
998 4 pick 38 32
999 1 move 28 39
999 2 move 16 36
999 3 move 39 16
999 4 move 37 33
1000 1 move 27 39
1000 2 move 16 35
1000 3 move 40 16
1000 4 pick 38 33
1001 1 move 26 39
1001 2 move 16 34
1001 3 move 40 15
1001 4 pick 38 33
1002 1 move 26 38
1002 2 move 16 33
1002 3 move 40 14
1002 4 pick 38 33
1003 1 move 26 37
1003 2 pick 17 33
1003 3 move 40 13
1003 4 move 37 34
1004 1 move 26 36
1004 2 move 16 32
1004 3 move 40 12
1004 4 move 37 35
1005 1 move 26 35
1005 2 pick 17 32
1005 3 move 40 11
1005 4 move 37 36
1006 1 move 26 34
1006 2 pick 17 32
1006 3 move 40 10
1006 4 move 37 37
1007 1 move 26 33
1007 2 pick 17 32
1007 3 move 40 9
1007 4 move 37 38
1008 1 move 26 32
1008 2 pick 17 32
1008 3 move 40 8
1008 4 move 37 39
1009 1 move 26 31
1009 2 pick 17 32
1009 3 move 40 7
1009 4 fulfill 37 39
1010 1 move 26 30
1010 2 move 16 31
1010 3 move 40 6
1010 4 move 37 38
1011 1 pick 25 30
1011 2 move 16 30
1011 3 move 40 5
1011 4 move 37 37
1012 1 pick 25 30
1012 2 move 16 29
1012 3 pick 39 5
1012 4 move 37 36
1013 1 move 26 29
1013 2 move 16 28
1013 3 move 40 4
1013 4 move 37 35
1014 1 move 26 28
1014 2 move 16 27
1014 3 pick 39 4
1014 4 move 37 34
1015 1 move 26 27
1015 2 move 16 26
1015 3 pick 39 4
1015 4 move 37 33
1016 1 move 26 26
1016 2 move 16 25
1016 3 move 40 3
1016 4 pick 38 33
1017 1 move 26 25
1017 2 move 16 24
1017 3 move 40 2
1017 4 move 37 32
1018 1 move 26 24
1018 2 move 16 23
1018 3 move 40 1
1018 4 pick 38 32
1019 1 move 27 24
1019 2 move 16 22
1019 3 move 40 0
1019 4 pick 38 32
1020 1 move 28 24
1020 2 move 16 21
1020 3 fulfill 40 0
1020 4 pick 38 32
1021 1 move 29 24
1021 2 move 17 21
1021 3 move 40 1
1021 4 pick 38 32
1022 1 move 30 24
1022 2 move 18 21
1022 3 move 40 2
1022 4 move 37 31
1023 1 pick 31 24
1023 2 move 19 21
1023 3 move 40 3
1023 4 move 37 30
1024 1 pick 31 24
1024 2 move 19 22
1024 3 move 40 4
1024 4 move 37 29
1025 1 pick 31 24
1025 2 move 19 23
1025 3 pick 39 4
1025 4 move 37 28
1026 1 move 30 23
1026 2 move 19 24
1026 3 move 40 5
1026 4 move 37 27
1027 1 move 30 22
1027 2 move 19 25
1027 3 pick 39 5
1027 4 move 37 26
1028 1 move 30 21
1028 2 move 19 26
1028 3 move 40 6
1028 4 move 37 25
1029 1 move 30 20
1029 2 move 19 27
1029 3 move 40 7
1029 4 move 37 24
1030 1 move 30 19
1030 2 move 19 28
1030 3 move 40 8
1030 4 move 37 23
1031 1 move 30 18
1031 2 move 19 29
1031 3 move 40 9
1031 4 move 37 22
1032 1 move 30 17
1032 2 move 19 30
1032 3 move 40 10
1032 4 move 37 21
1033 1 move 30 16
1033 2 move 19 31
1033 3 move 40 11
1033 4 move 38 21
1034 1 move 30 15
1034 2 move 19 32
1034 3 move 40 12
1034 4 move 39 21
1035 1 move 30 14
1035 2 pick 18 32
1035 3 move 40 13
1035 4 move 40 21
1036 1 move 30 13
1036 2 pick 18 32
1036 3 move 40 14
1036 4 move 40 22
1037 1 move 30 12
1037 2 pick 18 32
1037 3 move 40 15
1037 4 move 40 23
1038 1 move 30 11
1038 2 move 19 33
1038 3 move 40 16
1038 4 move 40 24
1039 1 move 30 10
1039 2 pick 18 33
1039 3 move 39 16
1039 4 move 40 25
1040 1 move 30 9
1040 2 move 19 34
1040 3 move 38 16
1040 4 move 40 26
1041 1 move 30 8
1041 2 move 19 35
1041 3 move 37 16
1041 4 move 40 27
1042 1 pick 31 8
1042 2 move 19 36
1042 3 move 37 15
1042 4 move 40 28
1043 1 move 30 7
1043 2 move 19 37
1043 3 move 37 14
1043 4 move 40 29
1044 1 move 30 6
1044 2 move 19 38
1044 3 move 37 13
1044 4 move 40 30
1045 1 move 30 5
1045 2 move 19 39
1045 3 move 37 12
1045 4 move 40 31
1046 1 move 30 4
1046 2 fulfill 19 39
1046 3 move 37 11
1046 4 move 40 32
1047 1 move 30 3
1047 2 move 19 38
1047 3 move 37 10
1047 4 pick 39 32
1048 1 move 30 2
1048 2 move 19 37
1048 3 move 37 9
1048 4 move 40 33
1049 1 move 30 1
1049 2 move 19 36
1049 3 move 37 8
1049 4 pick 39 33
1050 1 move 30 0
1050 2 move 19 35
1050 3 move 37 7
1050 4 pick 39 33
1051 1 fulfill 30 0
1051 2 move 19 34
1051 3 move 37 6
1051 4 move 40 34
1052 1 move 30 1
1052 2 move 19 33
1052 3 move 37 5
1052 4 move 40 35
1053 1 move 30 2
1053 2 move 19 32
1053 3 pick 38 5
1053 4 move 40 36
1054 1 move 30 3
1054 2 pick 18 32
1054 3 pick 38 5
1054 4 move 40 37
1055 1 move 30 4
1055 2 move 19 31
1055 3 pick 38 5
1055 4 move 40 38
1056 1 move 30 5
1056 2 move 19 30
1056 3 pick 38 5
1056 4 move 40 39
1057 1 move 30 6
1057 2 move 19 29
1057 3 pick 38 5
1057 4 fulfill 40 39
1058 1 move 30 7
1058 2 move 19 28
1058 3 pick 38 5
1058 4 move 40 38
1059 1 move 30 8
1059 2 move 19 27
1059 3 pick 38 5
1059 4 move 40 37
1060 1 pick 31 8
1060 2 move 19 26
1060 3 move 37 4
1060 4 move 40 36
1061 1 move 30 9
1061 2 move 19 25
1061 3 pick 38 4
1061 4 move 40 35
1062 1 pick 31 9
1062 2 move 19 24
1062 3 move 37 3
1062 4 move 40 34
1063 1 move 29 9
1063 2 move 19 23
1063 3 move 37 2
1063 4 move 40 33
1064 1 move 28 9
1064 2 move 19 22
1064 3 move 37 1
1064 4 pick 39 33
1065 1 move 27 9
1065 2 move 19 21
1065 3 move 37 0
1065 4 move 40 32
1066 1 move 26 9
1066 2 move 18 21
1066 3 fulfill 37 0
1066 4 pick 39 32
1067 1 move 26 8
1067 2 move 17 21
1067 3 move 37 1
1067 4 pick 39 32
1068 1 pick 25 8
1068 2 move 16 21
1068 3 move 37 2
1068 4 move 40 31
1069 1 pick 25 8
1069 2 move 16 22
1069 3 move 37 3
1069 4 move 40 30
1070 1 pick 25 8
1070 2 move 16 23
1070 3 move 37 4
1070 4 move 40 29
1071 1 pick 25 8
1071 2 move 16 24
1071 3 pick 38 4
1071 4 move 40 28
1072 1 pick 25 8
1072 2 move 16 25
1072 3 pick 38 4
1072 4 move 40 27
1073 1 pick 25 8
1073 2 move 16 26
1073 3 move 37 5
1073 4 move 40 26
1074 1 pick 25 8
1074 2 move 16 27
1074 3 pick 38 5
1074 4 move 40 25
1075 1 pick 25 8
1075 2 move 16 28
1075 3 pick 38 5
1075 4 move 40 24
1076 1 move 26 9
1076 2 move 16 29
1076 3 pick 38 5
1076 4 move 40 23
1077 1 move 26 10
1077 2 move 16 30
1077 3 move 37 6
1077 4 move 40 22
1078 1 move 26 11
1078 2 move 16 31
1078 3 move 37 7
1078 4 move 40 21
1079 1 move 26 12
1079 2 move 16 32
1079 3 move 37 8
1079 4 move 39 21
1080 1 move 26 13
1080 2 pick 17 32
1080 3 move 37 9
1080 4 move 38 21
1081 1 move 26 14
1081 2 pick 17 32
1081 3 move 37 10
1081 4 move 37 21
1082 1 move 26 15
1082 2 pick 17 32
1082 3 move 37 11
1082 4 move 37 22
1083 1 move 27 15
1083 2 pick 17 32
1083 3 move 37 12
1083 4 move 37 23
1084 1 move 28 15
1084 2 move 16 33
1084 3 move 37 13
1084 4 move 37 24
1085 1 move 29 15
1085 2 pick 17 33
1085 3 move 37 14
1085 4 move 37 25
1086 1 move 30 15
1086 2 move 16 34
1086 3 move 37 15
1086 4 move 37 26
1087 1 pick 31 15
1087 2 move 16 35
1087 3 move 37 16
1087 4 move 37 27
1088 1 move 29 15
1088 2 move 16 36
1088 3 move 38 16
1088 4 move 37 28
1089 1 move 28 15
1089 2 move 16 37
1089 3 move 39 16
1089 4 move 37 29
1090 1 move 27 15
1090 2 move 16 38
1090 3 move 40 16
1090 4 move 37 30
1091 1 move 26 15
1091 2 move 16 39
1091 3 move 40 15
1091 4 move 37 31
1092 1 move 26 16
1092 2 fulfill 16 39
1092 3 move 40 14
1092 4 move 37 32
1093 1 move 25 16
1093 2 move 16 38
1093 3 move 40 13
1093 4 pick 38 32
1094 1 move 24 16
1094 2 move 16 37
1094 3 move 40 12
1094 4 pick 38 32
1095 1 move 24 17
1095 2 move 16 36
1095 3 move 40 11
1095 4 move 37 33
1096 1 move 24 18
1096 2 move 16 35
1096 3 move 40 10
1096 4 pick 38 33
1097 1 move 24 19
1097 2 move 16 34
1097 3 move 40 9
1097 4 pick 38 33
1098 1 move 24 20
1098 2 move 16 33
1098 3 move 40 8
1098 4 move 37 34
1099 1 move 24 21
1099 2 pick 17 33
1099 3 move 40 7
1099 4 move 37 35
1100 1 pick 24 22
1100 2 move 16 32
1100 3 move 40 6
1100 4 move 37 36
1101 1 pick 24 22
1101 2 pick 17 32
1101 3 move 40 5
1101 4 move 37 37
1102 1 move 23 21
1102 2 pick 17 32
1102 3 pick 39 5
1102 4 move 37 38
1103 1 move 23 22
1103 2 move 16 31
1103 3 pick 39 5
1103 4 move 37 39
1104 1 move 23 23
1104 2 move 16 30
1104 3 pick 39 5
1104 4 fulfill 37 39
1105 1 move 23 24
1105 2 move 16 29
1105 3 move 40 4
1105 4 move 37 38
1106 1 move 23 25
1106 2 move 16 28
1106 3 move 40 3
1106 4 move 37 37
1107 1 move 23 26
1107 2 move 16 27
1107 3 move 40 2
1107 4 move 37 36
1108 1 move 23 27
1108 2 move 16 26
1108 3 move 40 1
1108 4 move 37 35
1109 1 move 23 28
1109 2 move 16 25
1109 3 move 40 0
1109 4 move 37 34
1110 1 move 23 29
1110 2 move 16 24
1110 3 fulfill 40 0
1110 4 pick 38 34
1111 1 move 23 30
1111 2 move 16 23
1111 3 move 40 1
1111 4 move 37 33
1112 1 move 23 31
1112 2 move 16 22
1112 3 move 40 2
1112 4 move 37 32
1113 1 move 23 32
1113 2 move 16 21
1113 3 move 40 3
1113 4 pick 38 32
1114 1 move 23 33
1114 2 move 17 21
1114 3 move 40 4
1114 4 pick 38 32
1115 1 move 23 34
1115 2 move 18 21
1115 3 pick 39 4
1115 4 pick 38 32
1116 1 move 23 35
1116 2 move 19 21
1116 3 move 40 5
1116 4 move 37 31
1117 1 move 23 36
1117 2 move 19 22
1117 3 pick 39 5
1117 4 move 37 30
1118 1 move 23 37
1118 2 move 19 23
1118 3 move 40 6
1118 4 move 37 29
1119 1 move 23 38
1119 2 move 19 24
1119 3 move 40 7
1119 4 move 37 28
1120 1 move 23 39
1120 2 move 19 25
1120 3 move 40 8
1120 4 move 37 27
1121 1 move 24 39
1121 2 move 19 26
1121 3 move 40 9
1121 4 move 37 26
1122 1 fulfill 24 39
1122 2 move 19 27
1122 3 move 40 10
1122 4 move 37 25
1123 1 move 23 39
1123 2 move 19 28
1123 3 move 40 11
1123 4 move 37 24
1124 1 move 22 39
1124 2 move 19 29
1124 3 move 40 12
1124 4 move 37 23
1125 1 move 21 39
1125 2 move 19 30
1125 3 move 40 13
1125 4 move 37 22
1126 1 move 20 39
1126 2 move 19 31
1126 3 move 40 14
1126 4 move 37 21
1127 1 move 19 39
1127 2 move 19 32
1127 3 move 40 15
1127 4 move 38 21
1128 1 move 19 38
1128 2 pick 18 32
1128 3 move 40 16
1128 4 move 39 21
1129 1 move 19 37
1129 2 move 19 33
1129 3 move 39 16
1129 4 move 40 21
1130 1 move 19 36
1130 2 move 19 34
1130 3 move 38 16
1130 4 move 40 22
1131 1 move 19 35
1131 2 pick 18 34
1131 3 move 37 16
1131 4 move 40 23
1132 1 move 19 34
1132 2 move 19 35
1132 3 move 37 15
1132 4 move 40 24
1133 1 move 19 33
1133 2 move 19 36
1133 3 move 37 14
1133 4 move 40 25
1134 1 pick 18 33
1134 2 move 19 37
1134 3 move 37 13
1134 4 move 40 26
1135 1 move 19 32
1135 2 move 19 38
1135 3 move 37 12
1135 4 move 40 27
1136 1 pick 18 32
1136 2 move 19 39
1136 3 move 37 11
1136 4 move 40 28
1137 1 move 19 31
1137 2 fulfill 19 39
1137 3 move 37 10
1137 4 move 40 29
1138 1 move 19 30
1138 2 move 19 38
1138 3 move 37 9
1138 4 move 40 30
1139 1 move 19 29
1139 2 move 19 37
1139 3 move 37 8
1139 4 move 40 31
1140 1 move 19 28
1140 2 move 19 36
1140 3 move 37 7
1140 4 move 40 32
1141 1 move 19 27
1141 2 move 19 35
1141 3 move 37 6
1141 4 pick 39 32
1142 1 move 19 26
1142 2 move 19 34
1142 3 move 37 5
1142 4 pick 39 32
1143 1 move 19 25
1143 2 move 19 33
1143 3 pick 38 5
1143 4 pick 39 32
1144 1 move 19 24
1144 2 pick 18 33
1144 3 pick 38 5
1144 4 move 40 33
1145 1 move 19 23
1145 2 pick 18 33
1145 3 pick 38 5
1145 4 move 40 34
1146 1 move 19 22
1146 2 pick 18 33
1146 3 pick 38 5
1146 4 move 40 35
1147 1 move 19 21
1147 2 move 19 32
1147 3 move 37 4
1147 4 move 40 36
1148 1 move 18 21
1148 2 pick 18 32
1148 3 move 37 3
1148 4 move 40 37
1149 1 move 17 21
1149 2 move 19 31
1149 3 pick 38 3
1149 4 move 40 38
1150 1 move 16 21
1150 2 move 19 30
1150 3 move 37 2
1150 4 move 40 39
1151 1 move 16 22
1151 2 move 19 29
1151 3 move 37 1
1151 4 fulfill 40 39
1152 1 move 16 23
1152 2 move 19 28
1152 3 move 37 0
1152 4 move 40 38
1153 1 move 16 24
1153 2 move 19 27
1153 3 fulfill 37 0
1153 4 move 40 37
1154 1 move 16 25
1154 2 move 19 26
1154 3 move 37 1
1154 4 move 40 36
1155 1 move 16 26
1155 2 move 19 25
1155 3 move 37 2
1155 4 move 40 35
1156 1 move 16 27
1156 2 move 19 24
1156 3 move 37 3
1156 4 move 40 34
1157 1 move 16 28
1157 2 move 19 23
1157 3 move 37 4
1157 4 pick 39 34
1158 1 move 16 29
1158 2 move 19 22
1158 3 pick 38 4
1158 4 move 40 33
1159 1 move 16 30
1159 2 move 19 21
1159 3 pick 38 4
1159 4 move 40 32
1160 1 move 16 31
1160 2 move 18 21
1160 3 pick 38 4
1160 4 pick 39 32
1161 1 move 16 32
1161 2 move 17 21
1161 3 move 37 5
1161 4 move 40 31
1162 1 pick 17 32
1162 2 move 16 21
1162 3 pick 38 5
1162 4 move 40 30
1163 1 pick 17 32
1163 2 move 16 22
1163 3 move 37 6
1163 4 pick 39 30
1164 1 pick 17 32
1164 2 move 16 23
1164 3 move 37 7
1164 4 move 40 29
1165 1 move 16 31
1165 2 move 16 24
1165 3 move 37 8
1165 4 move 40 28
1166 1 pick 17 31
1166 2 move 16 25
1166 3 move 37 9
1166 4 move 40 27
1167 1 move 15 31
1167 2 move 16 26
1167 3 move 37 10
1167 4 move 40 26
1168 1 move 14 31
1168 2 move 16 27
1168 3 move 37 11
1168 4 move 40 25
1169 1 move 13 31
1169 2 move 16 28
1169 3 move 37 12
1169 4 move 40 24
1170 1 move 12 31
1170 2 move 16 29
1170 3 move 37 13
1170 4 move 40 23
1171 1 pick 11 31
1171 2 move 16 30
1171 3 move 37 14
1171 4 move 40 22
1172 1 pick 11 31
1172 2 move 16 31
1172 3 move 37 15
1172 4 move 40 21
1173 1 move 12 32
1173 2 move 16 32
1173 3 move 37 16
1173 4 move 39 21
1174 1 move 12 33
1174 2 pick 17 32
1174 3 move 38 16
1174 4 move 38 21
1175 1 move 12 34
1175 2 pick 17 32
1175 3 move 39 16
1175 4 move 37 21
1176 1 move 12 35
1176 2 pick 17 32
1176 3 move 40 16
1176 4 move 37 22
1177 1 move 12 36
1177 2 move 16 33
1177 3 move 40 15
1177 4 move 37 23
1178 1 move 12 37
1178 2 pick 17 33
1178 3 move 40 14
1178 4 move 37 24
1179 1 move 12 38
1179 2 move 16 34
1179 3 move 40 13
1179 4 move 37 25
1180 1 move 12 39
1180 2 pick 17 34
1180 3 move 40 12
1180 4 move 37 26
1181 1 fulfill 12 39
1181 2 pick 17 34
1181 3 move 40 11
1181 4 move 37 27
1182 1 move 12 38
1182 2 move 16 35
1182 3 move 40 10
1182 4 move 37 28
1183 1 move 12 37
1183 2 move 16 36
1183 3 move 40 9
1183 4 move 37 29
1184 1 move 12 36
1184 2 move 16 37
1184 3 move 40 8
1184 4 move 37 30
1185 1 move 13 36
1185 2 move 16 38
1185 3 move 40 7
1185 4 move 37 31
1186 1 move 14 36
1186 2 move 16 39
1186 3 move 40 6
1186 4 move 37 32
1187 1 move 15 36
1187 2 fulfill 16 39
1187 3 move 40 5
1187 4 pick 38 32
1188 1 move 16 36
1188 2 move 16 38
1188 3 pick 39 5
1188 4 pick 38 32
1189 1 pick 17 36
1189 2 move 16 37
1189 3 pick 39 5
1189 4 pick 38 32
1190 1 move 16 35
1190 2 move 16 36
1190 3 pick 39 5
1190 4 pick 38 32
1191 1 move 16 34
1191 2 move 16 35
1191 3 move 40 4
1191 4 move 37 33
1192 1 move 16 33
1192 2 move 16 34
1192 3 pick 39 4
1192 4 move 37 34
1193 1 pick 17 33
1193 2 pick 17 34
1193 3 move 40 3
1193 4 move 37 35
1194 1 move 16 32
1194 2 move 16 33
1194 3 pick 39 3
1194 4 move 37 36
1195 1 pick 17 32
1195 2 pick 17 33
1195 3 move 40 2
1195 4 move 37 37
1196 1 move 16 31
1196 2 move 16 32
1196 3 move 40 1
1196 4 move 37 38
1197 1 pick 17 31
1197 2 pick 17 32
1197 3 move 40 0
1197 4 move 37 39
1198 1 move 16 30
1198 2 pick 17 32
1198 3 fulfill 40 0
1198 4 fulfill 37 39
1199 1 move 16 29
1199 2 pick 17 32
1199 3 move 40 1
1199 4 move 37 38
1200 1 move 16 28
1200 2 pick 17 32
1200 3 move 40 2
1200 4 move 37 37
1201 1 pick 17 28
1201 2 pick 17 32
1201 3 move 40 3
1201 4 move 37 36
1202 1 pick 17 28
1202 2 move 16 31
1202 3 move 40 4
1202 4 move 37 35
1203 1 move 16 27
1203 2 move 16 30
1203 3 move 40 5
1203 4 move 37 34
1204 1 move 16 26
1204 2 move 16 29
1204 3 pick 39 5
1204 4 pick 38 34
1205 1 pick 17 26
1205 2 move 16 28
1205 3 move 40 6
1205 4 move 37 33
1206 1 pick 17 26
1206 2 move 16 27
1206 3 move 40 7
1206 4 pick 38 33
1207 1 move 15 26
1207 2 move 16 26
1207 3 move 40 8
1207 4 pick 38 33
1208 1 move 14 26
1208 2 move 16 25
1208 3 move 40 9
1208 4 pick 38 33
1209 1 move 13 26
1209 2 move 16 24
1209 3 move 40 10
1209 4 move 37 32
1210 1 move 12 26
1210 2 move 16 23
1210 3 move 40 11
1210 4 pick 38 32
1211 1 move 12 25
1211 2 move 16 22
1211 3 move 40 12
1211 4 pick 38 32
1212 1 move 12 24
1212 2 move 16 21
1212 3 move 40 13
1212 4 pick 38 32
1213 1 move 12 23
1213 2 move 17 21
1213 3 move 40 14
1213 4 move 37 31
1214 1 move 12 22
1214 2 move 18 21
1214 3 move 40 15
1214 4 move 37 30
1215 1 move 12 21
1215 2 move 19 21
1215 3 move 40 16
1215 4 move 37 29
1216 1 move 11 21
1216 2 move 19 22
1216 3 move 39 16
1216 4 move 37 28
1217 1 move 10 21
1217 2 move 19 23
1217 3 move 38 16
1217 4 move 37 27
1218 1 move 9 21
1218 2 move 19 24
1218 3 move 37 16
1218 4 move 37 26
1219 1 move 9 22
1219 2 move 19 25
1219 3 move 37 15
1219 4 move 37 25
1220 1 move 9 23
1220 2 move 19 26
1220 3 move 37 14
1220 4 move 37 24
1221 1 move 9 24
1221 2 move 19 27
1221 3 move 37 13
1221 4 move 37 23
1222 1 move 9 25
1222 2 move 19 28
1222 3 move 37 12
1222 4 move 37 22
1223 1 move 9 26
1223 2 move 19 29
1223 3 move 37 11
1223 4 move 37 21
1224 1 move 9 27
1224 2 move 19 30
1224 3 move 37 10
1224 4 move 38 21
1225 1 pick 10 27
1225 2 move 19 31
1225 3 move 37 9
1225 4 move 39 21
1226 1 move 8 27
1226 2 move 19 32
1226 3 move 37 8
1226 4 move 40 21
1227 1 move 7 27
1227 2 pick 18 32
1227 3 move 37 7
1227 4 move 40 22
1228 1 move 6 27
1228 2 pick 18 32
1228 3 move 37 6
1228 4 move 40 23
1229 1 move 5 27
1229 2 pick 18 32
1229 3 move 37 5
1229 4 move 40 24
1230 1 move 4 27
1230 2 pick 18 32
1230 3 pick 38 5
1230 4 move 40 25
1231 1 move 3 27
1231 2 move 19 33
1231 3 pick 38 5
1231 4 move 40 26
1232 1 move 2 27
1232 2 move 19 34
1232 3 pick 38 5
1232 4 move 40 27
1233 1 move 1 27
1233 2 pick 18 34
1233 3 pick 38 5
1233 4 move 40 28
1234 1 move 0 27
1234 2 pick 18 34
1234 3 pick 38 5
1234 4 move 40 29
1235 1 fulfill 0 27
1235 2 move 19 35
1235 3 pick 38 5
1235 4 move 40 30
1236 1 move 0 28
1236 2 move 19 36
1236 3 pick 38 5
1236 4 move 40 31
1237 1 move 1 28
1237 2 move 19 37
1237 3 pick 38 5
1237 4 move 40 32
1238 1 move 2 28
1238 2 move 19 38
1238 3 pick 38 5
1238 4 pick 39 32
1239 1 move 3 28
1239 2 move 19 39
1239 3 move 37 4
1239 4 pick 39 32
1240 1 move 4 28
1240 2 fulfill 19 39
1240 3 pick 38 4
1240 4 pick 39 32
1241 1 move 5 28
1241 2 move 19 38
1241 3 pick 38 4
1241 4 move 40 33
1242 1 move 6 28
1242 2 move 19 37
1242 3 move 37 3
1242 4 move 40 34
1243 1 move 7 28
1243 2 move 19 36
1243 3 pick 38 3
1243 4 move 40 35
1244 1 move 8 28
1244 2 move 19 35
1244 3 move 37 2
1244 4 move 40 36
1245 1 move 9 28
1245 2 move 19 34
1245 3 move 37 1
1245 4 move 40 37
1246 1 pick 10 28
1246 2 move 19 33
1246 3 move 37 0
1246 4 move 40 38
1247 1 pick 10 28
1247 2 pick 18 33
1247 3 fulfill 37 0
1247 4 move 40 39
1248 1 move 9 29
1248 2 pick 18 33
1248 3 move 37 1
1248 4 fulfill 40 39
1249 1 move 9 30
1249 2 move 19 32
1249 3 move 37 2
1249 4 move 40 38
1250 1 move 9 31
1250 2 move 19 31
1250 3 move 37 3
1250 4 move 40 37
1251 1 pick 10 31
1251 2 move 19 30
1251 3 move 37 4
1251 4 move 40 36
1252 1 move 9 32
1252 2 move 19 29
1252 3 pick 38 4
1252 4 move 40 35
1253 1 move 10 32
1253 2 move 19 28
1253 3 move 37 5
1253 4 move 40 34
1254 1 move 11 32
1254 2 move 19 27
1254 3 pick 38 5
1254 4 pick 39 34
1255 1 move 12 32
1255 2 move 19 26
1255 3 pick 38 5
1255 4 move 40 33
1256 1 move 12 31
1256 2 move 19 25
1256 3 pick 38 5
1256 4 pick 39 33
1257 1 move 12 30
1257 2 move 19 24
1257 3 pick 38 5
1257 4 move 40 32
1258 1 move 12 29
1258 2 move 19 23
1258 3 move 37 6
1258 4 pick 39 32
1259 1 move 12 28
1259 2 move 19 22
1259 3 move 37 7
1259 4 pick 39 32
1260 1 pick 11 28
1260 2 move 19 21
1260 3 move 37 8
1260 4 pick 39 32
1261 1 pick 11 28
1261 2 move 18 21
1261 3 move 37 9
1261 4 pick 39 32
1262 1 move 12 29
1262 2 move 17 21
1262 3 move 37 10
1262 4 move 40 31
1263 1 move 12 30
1263 2 move 16 21
1263 3 move 37 11
1263 4 move 40 30
1264 1 move 12 31
1264 2 move 16 22
1264 3 move 37 12
1264 4 move 40 29
1265 1 move 12 32
1265 2 move 16 23
1265 3 move 37 13
1265 4 move 40 28
1266 1 move 12 33
1266 2 move 16 24
1266 3 move 37 14
1266 4 move 40 27
1267 1 move 12 34
1267 2 move 16 25
1267 3 move 37 15
1267 4 move 40 26
1268 1 move 12 35
1268 2 move 16 26
1268 3 move 37 16
1268 4 move 40 25
1269 1 move 12 36
1269 2 move 16 27
1269 3 move 38 16
1269 4 move 40 24
1270 1 move 12 37
1270 2 move 16 28
1270 3 move 39 16
1270 4 move 40 23
1271 1 move 12 38
1271 2 move 16 29
1271 3 move 40 16
1271 4 move 40 22
1272 1 move 12 39
1272 2 move 16 30
1272 3 move 40 15
1272 4 move 40 21
1273 1 fulfill 12 39
1273 2 move 16 31
1273 3 move 40 14
1273 4 move 39 21
1274 2 move 16 32
1274 3 move 40 13
1274 4 move 38 21
1275 2 move 16 33
1275 3 move 40 12
1275 4 move 37 21
1276 2 pick 17 33
1276 3 move 40 11
1276 4 move 37 22
1277 2 move 16 32
1277 3 move 40 10
1277 4 move 37 23
1278 2 pick 17 32
1278 3 move 40 9
1278 4 move 37 24
1279 2 move 16 33
1279 3 move 40 8
1279 4 move 37 25
1280 2 move 16 34
1280 3 move 40 7
1280 4 move 37 26
1281 2 pick 17 34
1281 3 move 40 6
1281 4 move 37 27
1282 2 move 16 35
1282 3 move 40 5
1282 4 move 37 28
1283 2 move 16 36
1283 3 pick 39 5
1283 4 move 37 29
1284 2 move 16 37
1284 3 move 40 4
1284 4 move 37 30
1285 2 move 16 38
1285 3 pick 39 4
1285 4 move 37 31
1286 2 move 16 39
1286 3 move 40 3
1286 4 move 37 32
1287 2 fulfill 16 39
1287 3 pick 39 3
1287 4 pick 38 32
1288 2 move 16 38
1288 3 move 40 2
1288 4 pick 38 32
1289 2 move 16 37
1289 3 move 40 1
1289 4 pick 38 32
1290 2 move 16 36
1290 3 move 40 0
1290 4 move 37 33
1291 2 move 16 35
1291 3 fulfill 40 0
1291 4 pick 38 33
1292 2 move 16 34
1292 3 move 40 1
1292 4 pick 38 33
1293 2 pick 17 34
1293 3 move 40 2
1293 4 move 37 34
1294 2 pick 17 34
1294 3 move 40 3
1294 4 move 37 35
1295 2 move 16 33
1295 3 pick 39 3
1295 4 move 37 36
1296 2 move 16 32
1296 3 move 40 4
1296 4 move 37 37
1297 2 pick 17 32
1297 3 pick 39 4
1297 4 move 37 38
1298 2 pick 17 32
1298 3 move 40 5
1298 4 move 37 39
1299 2 pick 17 32
1299 3 move 40 6
1299 4 fulfill 37 39
1300 2 pick 17 32
1300 3 move 40 7
1300 4 move 37 38
1301 2 pick 17 32
1301 3 move 40 8
1301 4 move 37 37
1302 2 pick 17 32
1302 3 move 40 9
1302 4 move 37 36
1303 2 pick 17 32
1303 3 move 40 10
1303 4 move 37 35
1304 2 pick 17 32
1304 3 move 40 11
1304 4 move 37 34
1305 2 move 16 31
1305 3 move 40 12
1305 4 move 37 33
1306 2 move 16 30
1306 3 move 40 13
1306 4 pick 38 33
1307 2 move 16 29
1307 3 move 40 14
1307 4 move 37 32
1308 2 move 16 28
1308 3 move 40 15
1308 4 pick 38 32
1309 2 move 16 27
1309 3 move 40 16
1309 4 move 37 31
1310 2 move 16 26
1310 3 move 39 16
1310 4 move 37 30
1311 2 move 16 25
1311 3 move 38 16
1311 4 move 37 29
1312 2 move 16 24
1312 3 move 37 16
1312 4 move 37 28
1313 2 move 16 23
1313 3 move 37 15
1313 4 move 37 27
1314 2 move 16 22
1314 3 move 37 14
1314 4 move 37 26
1315 2 move 16 21
1315 3 move 37 13
1315 4 move 37 25
1316 2 move 17 21
1316 3 move 37 12
1316 4 move 37 24
1317 2 move 18 21
1317 3 move 37 11
1317 4 move 37 23
1318 2 move 19 21
1318 3 move 37 10
1318 4 move 37 22
1319 2 move 19 22
1319 3 move 37 9
1319 4 move 37 21
1320 2 move 19 23
1320 3 move 37 8
1320 4 move 38 21
1321 2 move 19 24
1321 3 move 37 7
1321 4 move 39 21
1322 2 move 19 25
1322 3 move 37 6
1322 4 move 40 21
1323 2 move 19 26
1323 3 move 37 5
1323 4 move 40 22
1324 2 move 19 27
1324 3 move 37 4
1324 4 move 40 23
1325 2 move 19 28
1325 3 pick 38 4
1325 4 move 40 24
1326 2 move 19 29
1326 3 move 37 5
1326 4 move 40 25
1327 2 move 19 30
1327 3 pick 38 5
1327 4 move 40 26
1328 2 move 19 31
1328 3 pick 38 5
1328 4 move 40 27
1329 2 move 19 32
1329 3 pick 38 5
1329 4 move 40 28
1330 2 pick 18 32
1330 3 pick 38 5
1330 4 move 40 29
1331 2 move 19 33
1331 3 pick 38 5
1331 4 move 40 30
1332 2 pick 18 33
1332 3 pick 38 5
1332 4 move 40 31
1333 2 move 19 34
1333 3 pick 38 5
1333 4 move 40 32
1334 2 pick 18 34
1334 3 move 37 4
1334 4 pick 39 32
1335 2 move 19 35
1335 3 move 37 3
1335 4 move 40 33
1336 2 move 19 36
1336 3 move 37 2
1336 4 pick 39 33
1337 2 move 19 37
1337 3 move 37 1
1337 4 move 40 34
1338 2 move 19 38
1338 3 move 37 0
1338 4 pick 39 34
1339 2 move 19 39
1339 3 fulfill 37 0
1339 4 move 40 35
1340 2 fulfill 19 39
1340 3 move 37 1
1340 4 move 40 36
1341 2 move 19 38
1341 3 move 37 2
1341 4 move 40 37
1342 2 move 19 37
1342 3 move 37 3
1342 4 move 40 38
1343 2 move 19 36
1343 3 move 37 4
1343 4 move 40 39
1344 2 move 19 35
1344 3 pick 38 4
1344 4 fulfill 40 39
1345 2 move 19 34
1345 3 move 37 5
1345 4 move 40 38
1346 2 move 19 33
1346 3 pick 38 5
1346 4 move 40 37
1347 2 move 19 32
1347 3 pick 38 5
1347 4 move 40 36
1348 2 pick 18 32
1348 3 pick 38 5
1348 4 move 40 35
1349 2 move 19 31
1349 3 pick 38 5
1349 4 move 40 34
1350 2 move 19 30
1350 3 move 37 6
1350 4 pick 39 34
1351 2 move 19 29
1351 3 move 37 7
1351 4 move 40 33
1352 2 move 19 28
1352 3 move 37 8
1352 4 pick 39 33
1353 2 move 19 27
1353 3 move 37 9
1353 4 pick 39 33
1354 2 move 19 26
1354 3 move 37 10
1354 4 move 40 32
1355 2 move 19 25
1355 3 move 37 11
1355 4 pick 39 32
1356 2 move 19 24
1356 3 move 37 12
1356 4 move 40 31
1357 2 move 19 23
1357 3 move 37 13
1357 4 move 40 30
1358 2 move 19 22
1358 3 move 37 14
1358 4 move 40 29
1359 2 move 19 21
1359 3 move 37 15
1359 4 move 40 28
1360 2 move 18 21
1360 3 move 37 16
1360 4 move 40 27
1361 2 move 17 21
1361 3 move 38 16
1361 4 move 40 26
1362 2 move 16 21
1362 3 move 39 16
1362 4 move 40 25
1363 2 move 16 22
1363 3 move 40 16
1363 4 move 40 24
1364 2 move 16 23
1364 3 move 40 15
1364 4 move 40 23
1365 2 move 16 24
1365 3 move 40 14
1365 4 move 40 22
1366 2 move 16 25
1366 3 move 40 13
1366 4 move 40 21
1367 2 move 16 26
1367 3 move 40 12
1367 4 move 39 21
1368 2 move 16 27
1368 3 move 40 11
1368 4 move 38 21
1369 2 move 16 28
1369 3 move 40 10
1369 4 move 37 21
1370 2 move 16 29
1370 3 move 40 9
1370 4 move 37 22
1371 2 move 16 30
1371 3 move 40 8
1371 4 move 37 23
1372 2 move 16 31
1372 3 move 40 7
1372 4 move 37 24
1373 2 move 16 32
1373 3 move 40 6
1373 4 move 37 25
1374 2 pick 17 32
1374 3 move 40 5
1374 4 move 37 26
1375 2 pick 17 32
1375 3 move 40 4
1375 4 move 37 27
1376 2 pick 17 32
1376 3 pick 39 4
1376 4 move 37 28
1377 2 pick 17 32
1377 3 move 40 3
1377 4 move 37 29
1378 2 move 16 33
1378 3 pick 39 3
1378 4 move 37 30
1379 2 pick 17 33
1379 3 pick 39 3
1379 4 move 37 31
1380 2 move 16 34
1380 3 move 40 2
1380 4 move 37 32
1381 2 pick 17 34
1381 3 move 40 1
1381 4 pick 38 32
1382 2 pick 17 34
1382 3 move 40 0
1382 4 pick 38 32
1383 2 pick 17 34
1383 3 fulfill 40 0
1383 4 move 37 33
1384 2 move 16 35
1384 3 move 40 1
1384 4 pick 38 33
1385 2 move 16 36
1385 3 move 40 2
1385 4 move 37 34
1386 2 move 16 37
1386 3 move 40 3
1386 4 move 37 35
1387 2 move 16 38
1387 3 pick 39 3
1387 4 move 37 36
1388 2 move 16 39
1388 3 move 40 4
1388 4 move 37 37
1389 2 fulfill 16 39
1389 3 pick 39 4
1389 4 move 37 38
1390 2 move 16 38
1390 3 pick 39 4
1390 4 move 37 39
1391 2 move 16 37
1391 3 pick 39 4
1391 4 fulfill 37 39
1392 2 move 16 36
1392 3 move 40 5
1392 4 move 37 38
1393 2 move 16 35
1393 3 pick 39 5
1393 4 move 37 37
1394 2 move 16 34
1394 3 move 40 6
1394 4 move 37 36
1395 2 move 16 33
1395 3 move 40 7
1395 4 move 37 35
1396 2 pick 17 33
1396 3 move 40 8
1396 4 move 37 34
1397 2 move 16 32
1397 3 move 40 9
1397 4 pick 38 34
1398 2 pick 17 32
1398 3 move 40 10
1398 4 move 37 33
1399 2 pick 17 32
1399 3 move 40 11
1399 4 pick 38 33
1400 2 pick 17 32
1400 3 move 40 12
1400 4 move 37 32
1401 2 move 16 31
1401 3 move 40 13
1401 4 pick 38 32
1402 2 move 16 30
1402 3 move 40 14
1402 4 pick 38 32
1403 2 move 16 29
1403 3 move 40 15
1403 4 move 37 31
1404 2 move 16 28
1404 3 move 40 16
1404 4 move 37 30
1405 2 move 16 27
1405 3 move 39 16
1405 4 move 37 29
1406 2 move 16 26
1406 3 move 38 16
1406 4 move 37 28
1407 2 move 16 25
1407 3 move 37 16
1407 4 move 37 27
1408 2 move 16 24
1408 3 move 37 15
1408 4 move 37 26
1409 2 move 16 23
1409 3 move 37 14
1409 4 move 37 25
1410 2 move 16 22
1410 3 move 37 13
1410 4 move 37 24
1411 2 move 16 21
1411 3 move 37 12
1411 4 move 37 23
1412 2 move 17 21
1412 3 move 37 11
1412 4 move 37 22
1413 2 move 18 21
1413 3 move 37 10
1413 4 move 37 21
1414 2 move 19 21
1414 3 move 37 9
1414 4 move 38 21
1415 2 move 19 22
1415 3 move 37 8
1415 4 move 39 21
1416 2 move 19 23
1416 3 move 37 7
1416 4 move 40 21
1417 2 move 19 24
1417 3 move 37 6
1417 4 move 40 22
1418 2 move 19 25
1418 3 move 37 5
1418 4 move 40 23
1419 2 move 19 26
1419 3 pick 38 5
1419 4 move 40 24
1420 2 move 19 27
1420 3 pick 38 5
1420 4 move 40 25
1421 2 move 19 28
1421 3 pick 38 5
1421 4 move 40 26
1422 2 move 19 29
1422 3 pick 38 5
1422 4 move 40 27
1423 2 move 19 30
1423 3 pick 38 5
1423 4 move 40 28
1424 2 move 19 31
1424 3 pick 38 5
1424 4 move 40 29
1425 2 move 19 32
1425 3 pick 38 5
1425 4 move 40 30
1426 2 move 19 33
1426 3 move 37 4
1426 4 move 40 31
1427 2 pick 18 33
1427 3 move 37 3
1427 4 move 40 32
1428 2 move 19 34
1428 3 move 37 2
1428 4 move 40 33
1429 2 pick 18 34
1429 3 move 37 1
1429 4 pick 39 33
1430 2 move 19 35
1430 3 move 37 0
1430 4 move 40 34
1431 2 move 19 36
1431 3 fulfill 37 0
1431 4 move 40 35
1432 2 move 19 37
1432 3 move 37 1
1432 4 move 40 36
1433 2 move 19 38
1433 3 move 37 2
1433 4 move 40 37
1434 2 move 19 39
1434 3 move 37 3
1434 4 move 40 38
1435 2 fulfill 19 39
1435 3 move 37 4
1435 4 move 40 39
1436 2 move 19 38
1436 3 pick 38 4
1436 4 fulfill 40 39
1437 2 move 19 37
1437 3 move 37 5
1437 4 move 40 38
1438 2 move 19 36
1438 3 pick 38 5
1438 4 move 40 37
1439 2 move 19 35
1439 3 pick 38 5
1439 4 move 40 36
1440 2 move 19 34
1440 3 move 37 6
1440 4 move 40 35
1441 2 move 19 33
1441 3 move 37 7
1441 4 move 40 34
1442 2 pick 18 33
1442 3 move 37 8
1442 4 pick 39 34
1443 2 move 19 32
1443 3 move 37 9
1443 4 move 40 33
1444 2 pick 18 32
1444 3 move 37 10
1444 4 move 40 32
1445 2 move 19 31
1445 3 move 37 11
1445 4 pick 39 32
1446 2 move 19 30
1446 3 move 37 12
1446 4 move 40 31
1447 2 move 19 29
1447 3 move 37 13
1447 4 move 40 30
1448 2 move 19 28
1448 3 move 37 14
1448 4 pick 39 30
1449 2 move 19 27
1449 3 move 37 15
1449 4 move 40 29
1450 2 move 19 26
1450 3 move 37 16
1450 4 move 40 28
1451 2 move 19 25
1451 3 move 38 16
1451 4 move 40 27
1452 2 move 19 24
1452 3 move 39 16
1452 4 move 40 26
1453 2 move 19 23
1453 3 move 40 16
1453 4 move 40 25
1454 2 move 19 22
1454 3 move 40 15
1454 4 move 40 24
1455 2 move 19 21
1455 3 move 40 14
1455 4 move 40 23
1456 2 move 18 21
1456 3 move 40 13
1456 4 move 40 22
1457 2 move 17 21
1457 3 move 40 12
1457 4 move 40 21
1458 2 move 16 21
1458 3 move 40 11
1458 4 move 39 21
1459 2 move 16 22
1459 3 move 40 10
1459 4 move 38 21
1460 2 move 16 23
1460 3 move 40 9
1460 4 move 37 21
1461 2 move 16 24
1461 3 move 40 8
1461 4 move 37 22
1462 2 move 16 25
1462 3 move 40 7
1462 4 move 37 23
1463 2 move 16 26
1463 3 move 40 6
1463 4 move 37 24
1464 2 move 16 27
1464 3 move 40 5
1464 4 move 37 25
1465 2 move 16 28
1465 3 pick 39 5
1465 4 move 37 26
1466 2 move 16 29
1466 3 move 40 4
1466 4 move 37 27
1467 2 move 16 30
1467 3 pick 39 4
1467 4 move 37 28
1468 2 move 16 31
1468 3 move 40 3
1468 4 move 37 29
1469 2 move 16 32
1469 3 pick 39 3
1469 4 move 37 30
1470 2 pick 17 32
1470 3 pick 39 3
1470 4 move 37 31
1471 2 pick 17 32
1471 3 move 40 2
1471 4 move 37 32
1472 2 pick 17 32
1472 3 move 40 1
1472 4 pick 38 32
1473 2 pick 17 32
1473 3 move 40 0
1473 4 pick 38 32
1474 2 move 16 33
1474 3 fulfill 40 0
1474 4 pick 38 32
1475 2 pick 17 33
1475 3 move 40 1
1475 4 move 37 33
1476 2 move 16 34
1476 3 move 40 2
1476 4 move 37 34
1477 2 pick 17 34
1477 3 move 40 3
1477 4 move 37 35
1478 2 pick 17 34
1478 3 pick 39 3
1478 4 move 37 36
1479 2 move 16 35
1479 3 move 40 4
1479 4 move 37 37
1480 2 move 16 36
1480 3 pick 39 4
1480 4 move 37 38
1481 2 move 16 37
1481 3 move 40 5
1481 4 move 37 39
1482 2 move 16 38
1482 3 pick 39 5
1482 4 fulfill 37 39
1483 2 move 16 39
1483 3 pick 39 5
1483 4 move 37 38
1484 2 fulfill 16 39
1484 3 move 40 6
1484 4 move 37 37
1485 2 move 16 38
1485 3 move 40 7
1485 4 move 37 36
1486 2 move 16 37
1486 3 move 40 8
1486 4 move 37 35
1487 2 move 16 36
1487 3 move 40 9
1487 4 move 37 34
1488 2 move 16 35
1488 3 move 40 10
1488 4 pick 38 34
1489 2 move 16 34
1489 3 move 40 11
1489 4 pick 38 34
1490 2 pick 17 34
1490 3 move 40 12
1490 4 move 37 33
1491 2 move 16 33
1491 3 move 40 13
1491 4 pick 38 33
1492 2 pick 17 33
1492 3 move 40 14
1492 4 pick 38 33
1493 2 move 16 32
1493 3 move 40 15
1493 4 move 37 32
1494 2 pick 17 32
1494 3 move 40 16
1494 4 pick 38 32
1495 2 pick 17 32
1495 3 move 39 16
1495 4 move 37 31
1496 2 pick 17 32
1496 3 move 38 16
1496 4 move 37 30
1497 2 pick 17 32
1497 3 move 37 16
1497 4 move 37 29
1498 2 pick 17 32
1498 3 move 37 15
1498 4 move 37 28
1499 2 move 16 31
1499 3 move 37 14
1499 4 move 37 27
1500 2 move 16 30
1500 3 move 37 13
1500 4 move 37 26
1501 2 move 16 29
1501 3 move 37 12
1501 4 move 37 25
1502 2 move 16 28
1502 3 move 37 11
1502 4 move 37 24
1503 2 move 16 27
1503 3 move 37 10
1503 4 move 37 23
1504 2 move 16 26
1504 3 move 37 9
1504 4 move 37 22
1505 2 move 16 25
1505 3 move 37 8
1505 4 move 37 21
1506 2 move 16 24
1506 3 move 37 7
1506 4 move 38 21
1507 2 move 16 23
1507 3 move 37 6
1507 4 move 39 21
1508 2 move 16 22
1508 3 move 37 5
1508 4 move 40 21
1509 2 move 16 21
1509 3 pick 38 5
1509 4 move 40 22
1510 2 move 17 21
1510 3 pick 38 5
1510 4 move 40 23
1511 2 move 18 21
1511 3 pick 38 5
1511 4 move 40 24
1512 2 move 19 21
1512 3 move 37 4
1512 4 move 40 25
1513 2 move 19 22
1513 3 pick 38 4
1513 4 move 40 26
1514 2 move 19 23
1514 3 pick 38 4
1514 4 move 40 27
1515 2 move 19 24
1515 3 move 37 3
1515 4 move 40 28
1516 2 move 19 25
1516 3 move 37 2
1516 4 move 40 29
1517 2 move 19 26
1517 3 move 37 1
1517 4 move 40 30
1518 2 move 19 27
1518 3 move 37 0
1518 4 move 40 31
1519 2 move 19 28
1519 3 fulfill 37 0
1519 4 move 40 32
1520 2 move 19 29
1520 3 move 37 1
1520 4 pick 39 32
1521 2 move 19 30
1521 3 move 37 2
1521 4 move 40 33
1522 2 move 19 31
1522 3 move 37 3
1522 4 pick 39 33
1523 2 move 19 32
1523 3 pick 38 3
1523 4 move 40 34
1524 2 pick 18 32
1524 3 pick 38 3
1524 4 pick 39 34
1525 2 move 19 33
1525 3 move 37 4
1525 4 move 40 35
1526 2 move 19 34
1526 3 pick 38 4
1526 4 move 40 36
1527 2 move 19 35
1527 3 move 37 5
1527 4 move 40 37
1528 2 move 19 36
1528 3 pick 38 5
1528 4 move 40 38
1529 2 move 19 37
1529 3 pick 38 5
1529 4 move 40 39
1530 2 move 19 38
1530 3 pick 38 5
1530 4 fulfill 40 39
1531 2 move 19 39
1531 3 pick 38 5
1531 4 move 40 38
1532 2 fulfill 19 39
1532 3 move 37 6
1532 4 move 40 37
1533 2 move 19 38
1533 3 move 37 7
1533 4 move 40 36
1534 2 move 19 37
1534 3 move 37 8
1534 4 move 40 35
1535 2 move 19 36
1535 3 move 37 9
1535 4 move 40 34
1536 2 move 19 35
1536 3 move 37 10
1536 4 move 40 33
1537 2 move 19 34
1537 3 move 37 11
1537 4 move 40 32
1538 2 pick 18 34
1538 3 move 37 12
1538 4 pick 39 32
1539 2 move 19 33
1539 3 move 37 13
1539 4 move 40 31
1540 2 move 19 32
1540 3 move 37 14
1540 4 move 40 30
1541 2 pick 18 32
1541 3 move 37 15
1541 4 pick 39 30
1542 2 move 19 31
1542 3 move 37 16
1542 4 pick 39 30
1543 2 move 19 30
1543 3 move 38 16
1543 4 move 40 29
1544 2 move 19 29
1544 3 move 39 16
1544 4 move 40 28
1545 2 move 19 28
1545 3 move 40 16
1545 4 move 40 27
1546 2 move 19 27
1546 3 move 40 15
1546 4 move 40 26
1547 2 move 19 26
1547 3 move 40 14
1547 4 move 40 25
1548 2 move 19 25
1548 3 move 40 13
1548 4 move 40 24
1549 2 move 19 24
1549 3 move 40 12
1549 4 move 40 23
1550 2 move 19 23
1550 3 move 40 11
1550 4 move 40 22
1551 2 move 19 22
1551 3 move 40 10
1551 4 move 40 21
1552 2 move 19 21
1552 3 move 40 9
1552 4 move 39 21
1553 2 move 18 21
1553 3 move 40 8
1553 4 move 38 21
1554 2 move 17 21
1554 3 move 40 7
1554 4 move 37 21
1555 2 move 16 21
1555 3 move 40 6
1555 4 move 37 22
1556 2 move 16 22
1556 3 move 40 5
1556 4 move 37 23
1557 2 move 16 23
1557 3 pick 39 5
1557 4 move 37 24
1558 2 move 16 24
1558 3 pick 39 5
1558 4 move 37 25
1559 2 move 16 25
1559 3 pick 39 5
1559 4 move 37 26
1560 2 move 16 26
1560 3 move 40 4
1560 4 move 37 27
1561 2 move 16 27
1561 3 move 40 3
1561 4 move 37 28
1562 2 move 16 28
1562 3 pick 39 3
1562 4 move 37 29
1563 2 move 16 29
1563 3 pick 39 3
1563 4 move 37 30
1564 2 move 16 30
1564 3 move 40 2
1564 4 move 37 31
1565 2 move 16 31
1565 3 move 40 1
1565 4 move 37 32
1566 2 move 16 32
1566 3 move 40 0
1566 4 pick 38 32
1567 2 pick 17 32
1567 3 fulfill 40 0
1567 4 pick 38 32
1568 2 pick 17 32
1568 3 move 40 1
1568 4 pick 38 32
1569 2 pick 17 32
1569 3 move 40 2
1569 4 pick 38 32
1570 2 pick 17 32
1570 3 move 40 3
1570 4 move 37 33
1571 2 pick 17 32
1571 3 move 40 4
1571 4 pick 38 33
1572 2 move 16 33
1572 3 pick 39 4
1572 4 pick 38 33
1573 2 move 16 34
1573 3 move 40 5
1573 4 pick 38 33
1574 2 move 16 35
1574 3 pick 39 5
1574 4 move 37 34
1575 2 move 16 36
1575 3 pick 39 5
1575 4 move 37 35
1576 2 move 16 37
1576 3 pick 39 5
1576 4 move 37 36
1577 2 move 16 38
1577 3 move 40 6
1577 4 move 37 37
1578 2 move 16 39
1578 3 move 40 7
1578 4 move 37 38
1579 2 fulfill 16 39
1579 3 move 40 8
1579 4 move 37 39
1580 2 move 16 38
1580 3 move 40 9
1580 4 fulfill 37 39
1581 2 move 16 37
1581 3 move 40 10
1581 4 move 37 38
1582 2 move 16 36
1582 3 move 40 11
1582 4 move 37 37
1583 2 move 16 35
1583 3 move 40 12
1583 4 move 37 36
1584 2 move 16 34
1584 3 move 40 13
1584 4 move 37 35
1585 2 pick 17 34
1585 3 move 40 14
1585 4 move 37 34
1586 2 pick 17 34
1586 3 move 40 15
1586 4 move 37 33
1587 2 pick 17 34
1587 3 move 40 16
1587 4 pick 38 33
1588 2 move 16 33
1588 3 move 39 16
1588 4 pick 38 33
1589 2 pick 17 33
1589 3 move 38 16
1589 4 move 37 32
1590 2 move 16 32
1590 3 move 37 16
1590 4 pick 38 32
1591 2 pick 17 32
1591 3 move 37 15
1591 4 pick 38 32
1592 2 pick 17 32
1592 3 move 37 14
1592 4 pick 38 32
1593 2 pick 17 32
1593 3 move 37 13
1593 4 move 37 31
1594 2 pick 17 32
1594 3 move 37 12
1594 4 move 37 30
1595 2 move 16 31
1595 3 move 37 11
1595 4 move 37 29
1596 2 move 16 30
1596 3 move 37 10
1596 4 move 37 28
1597 2 move 16 29
1597 3 move 37 9
1597 4 move 37 27
1598 2 move 16 28
1598 3 move 37 8
1598 4 move 37 26
1599 2 move 16 27
1599 3 move 37 7
1599 4 move 37 25
1600 2 move 16 26
1600 3 move 37 6
1600 4 move 37 24
1601 2 move 16 25
1601 3 move 37 5
1601 4 move 37 23
1602 2 move 16 24
1602 3 pick 38 5
1602 4 move 37 22
1603 2 move 16 23
1603 3 pick 38 5
1603 4 move 37 21
1604 2 move 16 22
1604 3 pick 38 5
1604 4 move 38 21
1605 2 move 16 21
1605 3 move 37 4
1605 4 move 39 21
1606 2 move 17 21
1606 3 pick 38 4
1606 4 move 40 21
1607 2 move 18 21
1607 3 pick 38 4
1607 4 move 40 22
1608 2 move 19 21
1608 3 move 37 3
1608 4 move 40 23
1609 2 move 19 22
1609 3 pick 38 3
1609 4 move 40 24
1610 2 move 19 23
1610 3 move 37 2
1610 4 move 40 25
1611 2 move 19 24
1611 3 move 37 1
1611 4 move 40 26
1612 2 move 19 25
1612 3 move 37 0
1612 4 move 40 27
1613 2 move 19 26
1613 3 fulfill 37 0
1613 4 move 40 28
1614 2 move 19 27
1614 3 move 37 1
1614 4 move 40 29
1615 2 move 19 28
1615 3 move 37 2
1615 4 move 40 30
1616 2 move 19 29
1616 3 move 37 3
1616 4 move 40 31
1617 2 move 19 30
1617 3 pick 38 3
1617 4 move 40 32
1618 2 move 19 31
1618 3 move 37 4
1618 4 move 40 33
1619 2 move 19 32
1619 3 pick 38 4
1619 4 move 40 34
1620 2 pick 18 32
1620 3 move 37 5
1620 4 pick 39 34
1621 2 pick 18 32
1621 3 pick 38 5
1621 4 move 40 35
1622 2 pick 18 32
1622 3 pick 38 5
1622 4 move 40 36
1623 2 pick 18 32
1623 3 pick 38 5
1623 4 move 40 37
1624 2 move 19 33
1624 3 move 37 6
1624 4 move 40 38
1625 2 move 19 34
1625 3 move 37 7
1625 4 move 40 39
1626 2 move 19 35
1626 3 move 37 8
1626 4 fulfill 40 39
1627 2 move 19 36
1627 3 move 37 9
1627 4 move 40 38
1628 2 move 19 37
1628 3 move 37 10
1628 4 move 40 37
1629 2 move 19 38
1629 3 move 37 11
1629 4 move 40 36
1630 2 move 19 39
1630 3 move 37 12
1630 4 move 40 35
1631 2 fulfill 19 39
1631 3 move 37 13
1631 4 move 40 34
1632 2 move 19 38
1632 3 move 37 14
1632 4 pick 39 34
1633 2 move 19 37
1633 3 move 37 15
1633 4 move 40 33
1634 2 move 19 36
1634 3 move 37 16
1634 4 move 40 32
1635 2 move 19 35
1635 3 move 38 16
1635 4 pick 39 32
1636 2 move 19 34
1636 3 move 39 16
1636 4 move 40 31
1637 2 pick 18 34
1637 3 move 40 16
1637 4 move 40 30
1638 2 move 19 33
1638 3 move 40 15
1638 4 pick 39 30
1639 2 pick 18 33
1639 3 move 40 14
1639 4 move 40 29
1640 2 pick 18 33
1640 3 move 40 13
1640 4 move 40 28
1641 2 move 19 32
1641 3 move 40 12
1641 4 move 40 27
1642 2 pick 18 32
1642 3 move 40 11
1642 4 move 40 26
1643 2 move 19 31
1643 3 move 40 10
1643 4 move 40 25
1644 2 move 19 30
1644 3 move 40 9
1644 4 move 40 24
1645 2 move 19 29
1645 3 move 40 8
1645 4 move 40 23
1646 2 move 19 28
1646 3 move 40 7
1646 4 move 40 22
1647 2 move 19 27
1647 3 move 40 6
1647 4 move 40 21
1648 2 move 19 26
1648 3 move 40 5
1648 4 move 39 21
1649 2 move 19 25
1649 3 pick 39 5
1649 4 move 38 21
1650 2 move 19 24
1650 3 pick 39 5
1650 4 move 37 21
1651 2 move 19 23
1651 3 pick 39 5
1651 4 move 37 22
1652 2 move 19 22
1652 3 pick 39 5
1652 4 move 37 23
1653 2 move 19 21
1653 3 move 40 4
1653 4 move 37 24
1654 2 move 18 21
1654 3 pick 39 4
1654 4 move 37 25
1655 2 move 17 21
1655 3 move 40 3
1655 4 move 37 26
1656 2 move 16 21
1656 3 move 40 2
1656 4 move 37 27
1657 2 move 16 22
1657 3 move 40 1
1657 4 move 37 28
1658 2 move 16 23
1658 3 move 40 0
1658 4 move 37 29
1659 2 move 16 24
1659 3 fulfill 40 0
1659 4 move 37 30
1660 2 move 16 25
1660 3 move 40 1
1660 4 move 37 31
1661 2 move 16 26
1661 3 move 40 2
1661 4 move 37 32
1662 2 move 16 27
1662 3 move 40 3
1662 4 pick 38 32
1663 2 move 16 28
1663 3 pick 39 3
1663 4 pick 38 32
1664 2 move 16 29
1664 3 move 40 4
1664 4 pick 38 32
1665 2 move 16 30
1665 3 pick 39 4
1665 4 move 37 33
1666 2 move 16 31
1666 3 move 40 5
1666 4 pick 38 33
1667 2 move 16 32
1667 3 pick 39 5
1667 4 pick 38 33
1668 2 pick 17 32
1668 3 pick 39 5
1668 4 move 37 34
1669 2 pick 17 32
1669 3 pick 39 5
1669 4 move 37 35
1670 2 move 16 33
1670 3 pick 39 5
1670 4 move 37 36
1671 2 move 16 34
1671 3 pick 39 5
1671 4 move 37 37
1672 2 move 16 35
1672 3 move 40 6
1672 4 move 37 38
1673 2 move 16 36
1673 3 move 40 7
1673 4 move 37 39
1674 2 move 16 37
1674 3 move 40 8
1674 4 fulfill 37 39
1675 2 move 16 38
1675 3 move 40 9
1675 4 move 37 38
1676 2 move 16 39
1676 3 move 40 10
1676 4 move 37 37
1677 2 fulfill 16 39
1677 3 move 40 11
1677 4 move 37 36
1678 2 move 16 38
1678 3 move 40 12
1678 4 move 37 35
1679 2 move 16 37
1679 3 move 40 13
1679 4 move 37 34
1680 2 move 16 36
1680 3 move 40 14
1680 4 pick 38 34
1681 2 move 16 35
1681 3 move 40 15
1681 4 move 37 33
1682 2 pick 17 35
1682 3 move 40 16
1682 4 pick 38 33
1683 2 move 16 34
1683 3 move 39 16
1683 4 pick 38 33
1684 2 move 16 33
1684 3 move 38 16
1684 4 pick 38 33
1685 2 move 16 32
1685 3 move 37 16
1685 4 pick 38 33
1686 2 pick 17 32
1686 3 move 37 15
1686 4 move 37 32
1687 2 pick 17 32
1687 3 move 37 14
1687 4 pick 38 32
1688 2 pick 17 32
1688 3 move 37 13
1688 4 pick 38 32
1689 2 pick 17 32
1689 3 move 37 12
1689 4 pick 38 32
1690 2 move 16 31
1690 3 move 37 11
1690 4 pick 38 32
1691 2 move 16 30
1691 3 move 37 10
1691 4 pick 38 32
1692 2 move 16 29
1692 3 move 37 9
1692 4 move 37 31
1693 2 move 16 28
1693 3 move 37 8
1693 4 move 37 30
1694 2 move 16 27
1694 3 move 37 7
1694 4 move 37 29
1695 2 move 16 26
1695 3 move 37 6
1695 4 move 37 28
1696 2 move 16 25
1696 3 move 37 5
1696 4 move 37 27
1697 2 move 16 24
1697 3 pick 38 5
1697 4 move 37 26
1698 2 move 16 23
1698 3 pick 38 5
1698 4 move 37 25
1699 2 move 16 22
1699 3 pick 38 5
1699 4 move 37 24
1700 2 move 16 21
1700 3 pick 38 5
1700 4 move 37 23
1701 2 move 17 21
1701 3 pick 38 5
1701 4 move 37 22
1702 2 move 18 21
1702 3 pick 38 5
1702 4 move 37 21
1703 2 move 19 21
1703 3 move 37 4
1703 4 move 38 21
1704 2 move 19 22
1704 3 pick 38 4
1704 4 move 39 21
1705 2 move 19 23
1705 3 pick 38 4
1705 4 move 40 21
1706 2 move 19 24
1706 3 move 37 3
1706 4 move 40 22
1707 2 move 19 25
1707 3 move 37 2
1707 4 move 40 23
1708 2 move 19 26
1708 3 move 37 1
1708 4 move 40 24
1709 2 move 19 27
1709 3 move 37 0
1709 4 move 40 25
1710 2 move 19 28
1710 3 fulfill 37 0
1710 4 move 40 26
1711 2 move 19 29
1711 3 move 37 1
1711 4 move 40 27
1712 2 move 19 30
1712 3 move 37 2
1712 4 move 40 28
1713 2 move 19 31
1713 3 move 37 3
1713 4 move 40 29
1714 2 move 19 32
1714 3 move 37 4
1714 4 move 40 30
1715 2 move 19 33
1715 3 pick 38 4
1715 4 move 40 31
1716 2 move 19 34
1716 3 move 37 5
1716 4 move 40 32
1717 2 move 19 35
1717 3 pick 38 5
1717 4 move 40 33
1718 2 pick 18 35
1718 3 pick 38 5
1718 4 pick 39 33
1719 2 move 19 36
1719 3 pick 38 5
1719 4 move 40 34
1720 2 move 19 37
1720 3 move 37 6
1720 4 move 40 35
1721 2 move 19 38
1721 3 move 37 7
1721 4 move 40 36
1722 2 move 19 39
1722 3 move 37 8
1722 4 move 40 37
1723 2 fulfill 19 39
1723 3 move 37 9
1723 4 move 40 38
1724 2 move 19 38
1724 3 move 37 10
1724 4 move 40 39
1725 2 move 19 37
1725 3 move 37 11
1725 4 fulfill 40 39
1726 2 move 19 36
1726 3 move 37 12
1726 4 move 40 38
1727 2 move 19 35
1727 3 move 37 13
1727 4 move 40 37
1728 2 move 19 34
1728 3 move 37 14
1728 4 move 40 36
1729 2 move 19 33
1729 3 move 37 15
1729 4 move 40 35
1730 2 pick 18 33
1730 3 move 37 16
1730 4 move 40 34
1731 2 move 19 32
1731 3 move 38 16
1731 4 pick 39 34
1732 2 pick 18 32
1732 3 move 39 16
1732 4 pick 39 34
1733 2 move 19 31
1733 3 move 40 16
1733 4 move 40 33
1734 2 move 19 30
1734 3 move 40 15
1734 4 pick 39 33
1735 2 move 19 29
1735 3 move 40 14
1735 4 move 40 32
1736 2 move 19 28
1736 3 move 40 13
1736 4 pick 39 32
1737 2 move 19 27
1737 3 move 40 12
1737 4 pick 39 32
1738 2 move 19 26
1738 3 move 40 11
1738 4 pick 39 32
1739 2 move 19 25
1739 3 move 40 10
1739 4 pick 39 32
1740 2 move 19 24
1740 3 move 40 9
1740 4 move 40 31
1741 2 move 19 23
1741 3 move 40 8
1741 4 move 40 30
1742 2 move 19 22
1742 3 move 40 7
1742 4 pick 39 30
1743 2 move 19 21
1743 3 move 40 6
1743 4 move 40 29
1744 2 move 18 21
1744 3 move 40 5
1744 4 move 40 28
1745 2 move 17 21
1745 3 move 40 4
1745 4 move 40 27
1746 2 move 16 21
1746 3 move 40 3
1746 4 move 40 26
1747 2 move 16 22
1747 3 pick 39 3
1747 4 move 40 25
1748 2 move 16 23
1748 3 move 40 2
1748 4 move 40 24
1749 2 move 16 24
1749 3 move 40 1
1749 4 move 40 23
1750 2 move 16 25
1750 3 move 40 0
1750 4 move 40 22
1751 2 move 16 26
1751 3 fulfill 40 0
1751 4 move 40 21
1752 2 move 16 27
1752 3 move 40 1
1752 4 move 39 21
1753 2 move 16 28
1753 3 move 40 2
1753 4 move 38 21
1754 2 move 16 29
1754 3 move 40 3
1754 4 move 37 21
1755 2 move 16 30
1755 3 pick 39 3
1755 4 move 37 22
1756 2 move 16 31
1756 3 move 40 4
1756 4 move 37 23
1757 2 move 16 32
1757 3 pick 39 4
1757 4 move 37 24
1758 2 pick 17 32
1758 3 pick 39 4
1758 4 move 37 25
1759 2 pick 17 32
1759 3 move 40 5
1759 4 move 37 26
1760 2 pick 17 32
1760 3 move 40 6
1760 4 move 37 27
1761 2 move 16 33
1761 3 move 40 7
1761 4 move 37 28
1762 2 pick 17 33
1762 3 move 40 8
1762 4 move 37 29
1763 2 move 16 34
1763 3 move 40 9
1763 4 move 37 30
1764 2 pick 17 34
1764 3 move 40 10
1764 4 move 37 31
1765 2 move 16 35
1765 3 move 40 11
1765 4 move 37 32
1766 2 move 16 36
1766 3 move 40 12
1766 4 pick 38 32
1767 2 move 16 37
1767 3 move 40 13
1767 4 pick 38 32
1768 2 move 16 38
1768 3 move 40 14
1768 4 pick 38 32
1769 2 move 16 39
1769 3 move 40 15
1769 4 pick 38 32
1770 2 fulfill 16 39
1770 3 move 40 16
1770 4 pick 38 32
1771 2 move 16 38
1771 3 move 39 16
1771 4 pick 38 32
1772 2 move 16 37
1772 3 move 38 16
1772 4 move 37 33
1773 2 move 16 36
1773 3 move 37 16
1773 4 pick 38 33
1774 2 move 16 35
1774 3 move 37 15
1774 4 move 37 34
1775 2 move 16 34
1775 3 move 37 14
1775 4 move 37 35
1776 2 move 16 33
1776 3 move 37 13
1776 4 move 37 36
1777 2 pick 17 33
1777 3 move 37 12
1777 4 move 37 37
1778 2 pick 17 33
1778 3 move 37 11
1778 4 move 37 38
1779 2 move 16 32
1779 3 move 37 10
1779 4 move 37 39
1780 2 pick 17 32
1780 3 move 37 9
1780 4 fulfill 37 39
1781 2 pick 17 32
1781 3 move 37 8
1781 4 move 37 38
1782 2 move 16 31
1782 3 move 37 7
1782 4 move 37 37
1783 2 pick 17 31
1783 3 move 37 6
1783 4 move 37 36
1784 2 move 16 30
1784 3 move 37 5
1784 4 move 37 35
1785 2 move 16 29
1785 3 move 37 4
1785 4 pick 38 35
1786 2 move 16 28
1786 3 pick 38 4
1786 4 move 37 34
1787 2 pick 17 28
1787 3 move 37 5
1787 4 pick 38 34
1788 2 move 16 27
1788 3 pick 38 5
1788 4 move 37 33
1789 2 move 16 26
1789 3 move 37 4
1789 4 move 37 32
1790 2 move 16 25
1790 3 move 37 3
1790 4 pick 38 32
1791 2 move 16 24
1791 3 move 37 2
1791 4 pick 38 32
1792 2 move 16 23
1792 3 move 37 1
1792 4 pick 38 32
1793 2 move 16 22
1793 3 move 37 0
1793 4 move 37 31
1794 2 move 16 21
1794 3 fulfill 37 0
1794 4 move 37 30
1795 2 move 17 21
1795 3 move 37 1
1795 4 move 37 29
1796 2 move 18 21
1796 3 move 37 2
1796 4 move 37 28
1797 2 move 19 21
1797 3 pick 38 2
1797 4 move 37 27
1798 2 move 19 22
1798 3 move 37 3
1798 4 move 37 26
1799 2 move 19 23
1799 3 pick 38 3
1799 4 move 37 25
1800 2 move 19 24
1800 3 pick 38 3
1800 4 move 37 24
1801 2 move 19 25
1801 3 move 37 4
1801 4 move 37 23
1802 2 move 19 26
1802 3 pick 38 4
1802 4 move 37 22
1803 2 move 19 27
1803 3 move 37 5
1803 4 move 37 21
1804 2 move 19 28
1804 3 pick 38 5
1804 4 move 38 21
1805 2 move 19 29
1805 3 pick 38 5
1805 4 move 39 21
1806 2 move 19 30
1806 3 pick 38 5
1806 4 move 40 21
1807 2 move 19 31
1807 3 pick 38 5
1807 4 move 40 22
1808 2 move 19 32
1808 3 move 37 6
1808 4 move 40 23
1809 2 move 19 33
1809 3 move 37 7
1809 4 move 40 24
1810 2 move 19 34
1810 3 move 37 8
1810 4 move 40 25
1811 2 move 19 35
1811 3 move 37 9
1811 4 move 40 26
1812 2 pick 18 35
1812 3 move 37 10
1812 4 move 40 27
1813 2 move 19 36
1813 3 move 37 11
1813 4 move 40 28
1814 2 move 19 37
1814 3 move 37 12
1814 4 move 40 29
1815 2 move 19 38
1815 3 move 37 13
1815 4 move 40 30
1816 2 move 19 39
1816 3 move 37 14
1816 4 move 40 31
1817 2 fulfill 19 39
1817 3 move 37 15
1817 4 move 40 32
1818 2 move 19 38
1818 3 move 37 16
1818 4 pick 39 32
1819 2 pick 18 38
1819 3 move 38 16
1819 4 move 40 33
1820 2 move 19 37
1820 3 move 39 16
1820 4 move 40 34
1821 2 move 19 36
1821 3 move 40 16
1821 4 pick 39 34
1822 2 move 19 35
1822 3 move 40 15
1822 4 move 40 35
1823 2 pick 18 35
1823 3 move 40 14
1823 4 move 40 36
1824 2 move 19 34
1824 3 move 40 13
1824 4 move 40 37
1825 2 pick 18 34
1825 3 move 40 12
1825 4 move 40 38
1826 2 move 19 33
1826 3 move 40 11
1826 4 pick 39 38
1827 2 move 19 32
1827 3 move 40 10
1827 4 move 40 39
1828 2 move 19 31
1828 3 move 40 9
1828 4 fulfill 40 39
1829 2 move 19 30
1829 3 move 40 8
1829 4 move 40 38
1830 2 move 19 29
1830 3 move 40 7
1830 4 pick 39 38
1831 2 move 19 28
1831 3 move 40 6
1831 4 move 40 37
1832 2 move 19 27
1832 3 move 40 5
1832 4 move 40 36
1833 2 move 19 26
1833 3 pick 39 5
1833 4 move 40 35
1834 2 move 19 25
1834 3 pick 39 5
1834 4 pick 39 35
1835 2 move 19 24
1835 3 move 40 6
1835 4 move 40 34
1836 2 move 19 23
1836 3 pick 39 6
1836 4 move 40 33
1837 2 move 19 22
1837 3 move 40 5
1837 4 pick 39 33
1838 2 move 19 21
1838 3 move 40 4
1838 4 pick 39 33
1839 2 move 18 21
1839 3 move 40 3
1839 4 pick 39 33
1840 2 move 17 21
1840 3 pick 39 3
1840 4 move 40 32
1841 2 move 16 21
1841 3 move 40 2
1841 4 move 40 31
1842 2 move 16 22
1842 3 move 40 1
1842 4 move 40 30
1843 2 move 16 23
1843 3 move 40 0
1843 4 move 40 29
1844 2 move 16 24
1844 3 fulfill 40 0
1844 4 move 40 28
1845 2 move 16 25
1845 3 move 40 1
1845 4 move 40 27
1846 2 move 16 26
1846 3 move 40 2
1846 4 move 40 26
1847 2 move 16 27
1847 3 pick 39 2
1847 4 move 40 25
1848 2 move 16 28
1848 3 move 40 3
1848 4 move 40 24
1849 2 move 16 29
1849 3 move 40 4
1849 4 move 40 23
1850 2 move 16 30
1850 3 pick 39 4
1850 4 move 40 22
1851 2 move 16 31
1851 3 pick 39 4
1851 4 move 40 21
1852 2 move 16 32
1852 3 move 40 5
1852 4 move 39 21
1853 2 move 16 33
1853 3 pick 39 5
1853 4 move 38 21
1854 2 pick 17 33
1854 3 move 40 6
1854 4 move 37 21
1855 2 move 16 32
1855 3 pick 39 6
1855 4 move 37 22
1856 2 pick 17 32
1856 3 move 40 7
1856 4 move 37 23
1857 2 pick 17 32
1857 3 move 40 8
1857 4 move 37 24
1858 2 pick 17 32
1858 3 move 40 9
1858 4 move 37 25
1859 2 pick 17 32
1859 3 move 40 10
1859 4 move 37 26
1860 2 pick 17 32
1860 3 move 40 11
1860 4 move 37 27
1861 2 move 16 33
1861 3 move 40 12
1861 4 move 37 28
1862 2 move 16 34
1862 3 move 40 13
1862 4 move 37 29
1863 2 move 16 35
1863 3 move 40 14
1863 4 move 37 30
1864 2 move 16 36
1864 3 move 40 15
1864 4 move 37 31
1865 2 move 16 37
1865 3 move 40 16
1865 4 move 37 32
1866 2 move 16 38
1866 3 move 39 16
1866 4 pick 38 32
1867 2 move 16 39
1867 3 move 38 16
1867 4 move 37 33
1868 2 fulfill 16 39
1868 3 move 37 16
1868 4 move 37 34
1869 2 move 16 38
1869 3 move 37 15
1869 4 move 37 35
1870 2 move 16 37
1870 3 move 37 14
1870 4 pick 38 35
1871 2 move 16 36
1871 3 move 37 13
1871 4 move 37 36
1872 2 move 16 35
1872 3 move 37 12
1872 4 move 37 37
1873 2 move 16 34
1873 3 move 37 11
1873 4 move 37 38
1874 2 pick 17 34
1874 3 move 37 10
1874 4 move 37 39
1875 2 move 16 33
1875 3 move 37 9
1875 4 fulfill 37 39
1876 2 move 16 32
1876 3 move 37 8
1876 4 move 37 38
1877 2 pick 17 32
1877 3 move 37 7
1877 4 move 37 37
1878 2 pick 17 32
1878 3 move 37 6
1878 4 move 37 36
1879 2 pick 17 32
1879 3 move 37 5
1879 4 move 37 35
1880 2 move 16 31
1880 3 pick 38 5
1880 4 move 37 34
1881 2 pick 17 31
1881 3 pick 38 5
1881 4 move 37 33
1882 2 move 16 30
1882 3 move 37 4
1882 4 move 37 32
1883 2 move 16 29
1883 3 pick 38 4
1883 4 move 37 31
1884 2 move 16 28
1884 3 move 37 3
1884 4 move 37 30
1885 2 pick 17 28
1885 3 move 37 2
1885 4 move 37 29
1886 2 move 16 27
1886 3 move 37 1
1886 4 move 37 28
1887 2 move 16 26
1887 3 move 37 0
1887 4 move 37 27
1888 2 move 16 25
1888 3 fulfill 37 0
1888 4 move 37 26
1889 2 move 16 24
1889 3 move 37 1
1889 4 move 37 25
1890 2 move 16 23
1890 3 move 37 2
1890 4 move 37 24
1891 2 move 16 22
1891 3 move 37 3
1891 4 move 37 23
1892 2 move 16 21
1892 3 move 37 4
1892 4 move 37 22
1893 2 move 17 21
1893 3 pick 38 4
1893 4 move 37 21
1894 2 move 18 21
1894 3 move 37 5
1894 4 move 38 21
1895 2 move 19 21
1895 3 pick 38 5
1895 4 move 39 21
1896 2 move 19 22
1896 3 pick 38 5
1896 4 move 40 21
1897 2 move 19 23
1897 3 move 37 6
1897 4 move 40 22
1898 2 move 19 24
1898 3 move 37 7
1898 4 move 40 23
1899 2 move 19 25
1899 3 move 37 8
1899 4 move 40 24
1900 2 move 19 26
1900 3 move 37 9
1900 4 move 40 25
1901 2 move 19 27
1901 3 move 37 10
1901 4 move 40 26
1902 2 move 19 28
1902 3 move 37 11
1902 4 move 40 27
1903 2 move 19 29
1903 3 move 37 12
1903 4 move 40 28
1904 2 move 19 30
1904 3 move 37 13
1904 4 move 40 29
1905 2 move 19 31
1905 3 move 37 14
1905 4 move 40 30
1906 2 move 19 32
1906 3 move 37 15
1906 4 move 40 31
1907 2 move 19 33
1907 3 move 37 16
1907 4 move 40 32
1908 2 move 19 34
1908 3 move 38 16
1908 4 move 40 33
1909 2 move 19 35
1909 3 move 39 16
1909 4 move 40 34
1910 2 pick 18 35
1910 3 move 40 16
1910 4 move 40 35
1911 2 move 19 36
1911 3 move 40 15
1911 4 move 40 36
1912 2 move 19 37
1912 3 move 40 14
1912 4 move 40 37
1913 2 move 19 38
1913 3 move 40 13
1913 4 move 40 38
1914 2 move 19 39
1914 3 move 40 12
1914 4 pick 39 38
1915 2 fulfill 19 39
1915 3 move 40 11
1915 4 move 40 37
1916 2 move 19 38
1916 3 move 40 10
1916 4 move 40 36
1917 2 pick 18 38
1917 3 move 40 9
1917 4 move 40 35
1918 2 move 19 37
1918 3 move 40 8
1918 4 pick 39 35
1919 2 move 19 36
1919 3 move 40 7
1919 4 move 40 34
1920 2 pick 18 36
1920 3 move 40 6
1920 4 move 40 33
1921 2 move 19 35
1921 3 move 40 5
1921 4 move 40 32
1922 2 move 19 34
1922 3 pick 39 5
1922 4 pick 39 32
1923 2 pick 18 34
1923 3 pick 39 5
1923 4 move 40 31
1924 2 move 19 33
1924 3 move 40 4
1924 4 move 40 30
1925 2 pick 18 33
1925 3 pick 39 4
1925 4 move 40 29
1926 2 move 19 32
1926 3 move 40 5
1926 4 move 40 28
1927 2 pick 18 32
1927 3 move 40 6
1927 4 move 40 27
1928 2 pick 18 32
1928 3 pick 39 6
1928 4 move 40 26
1929 2 move 19 31
1929 3 move 40 5
1929 4 move 40 25
1930 2 move 19 30
1930 3 move 40 4
1930 4 move 40 24
1931 2 move 19 29
1931 3 move 40 3
1931 4 move 40 23
1932 2 move 19 28
1932 3 move 40 2
1932 4 move 40 22
1933 2 move 19 27
1933 3 pick 39 2
1933 4 move 40 21
1934 2 move 19 26
1934 3 move 40 1
1934 4 move 39 21
1935 2 move 19 25
1935 3 move 40 0
1935 4 move 38 21
1936 2 move 19 24
1936 3 fulfill 40 0
1936 4 move 37 21
1937 2 move 19 23
1937 3 move 40 1
1937 4 move 37 22
1938 2 move 19 22
1938 3 pick 39 1
1938 4 move 37 23
1939 2 move 19 21
1939 3 move 40 2
1939 4 move 37 24
1940 2 move 18 21
1940 3 move 40 3
1940 4 move 37 25
1941 2 move 17 21
1941 3 move 40 4
1941 4 move 37 26
1942 2 move 16 21
1942 3 move 40 5
1942 4 move 37 27
1943 2 move 16 22
1943 3 pick 39 5
1943 4 move 37 28
1944 2 move 16 23
1944 3 pick 39 5
1944 4 move 37 29
1945 2 move 16 24
1945 3 move 40 6
1945 4 move 37 30
1946 2 move 16 25
1946 3 move 40 7
1946 4 move 37 31
1947 2 move 16 26
1947 3 move 40 8
1947 4 move 37 32
1948 2 move 16 27
1948 3 move 40 9
1948 4 pick 38 32
1949 2 move 16 28
1949 3 move 40 10
1949 4 pick 38 32
1950 2 move 16 29
1950 3 move 40 11
1950 4 pick 38 32
1951 2 move 16 30
1951 3 move 40 12
1951 4 pick 38 32
1952 2 move 16 31
1952 3 move 40 13
1952 4 move 37 33
1953 2 move 16 32
1953 3 move 40 14
1953 4 pick 38 33
1954 2 pick 17 32
1954 3 move 40 15
1954 4 move 36 33
1955 2 pick 17 32
1955 3 move 40 16
1955 4 move 35 33
1956 2 move 16 33
1956 3 move 39 16
1956 4 move 34 33
1957 2 pick 17 33
1957 3 move 38 16
1957 4 move 33 33
1958 2 move 16 32
1958 3 move 37 16
1958 4 move 33 32
1959 2 move 16 31
1959 3 move 37 15
1959 4 move 33 31
1960 2 pick 17 31
1960 3 move 37 14
1960 4 move 33 30
1961 2 move 16 32
1961 3 move 37 13
1961 4 move 33 29
1962 2 move 16 33
1962 3 move 37 12
1962 4 pick 32 29
1963 2 move 16 34
1963 3 move 37 11
1963 4 move 33 30
1964 2 move 16 35
1964 3 move 37 10
1964 4 move 33 31
1965 2 move 16 36
1965 3 move 37 9
1965 4 move 33 32
1966 2 pick 17 36
1966 3 move 37 8
1966 4 move 33 33
1967 2 move 16 37
1967 3 move 37 7
1967 4 move 33 34
1968 2 move 16 38
1968 3 move 37 6
1968 4 move 33 35
1969 2 move 16 39
1969 3 move 37 5
1969 4 move 33 36
1970 2 fulfill 16 39
1970 3 pick 38 5
1970 4 move 33 37
1971 2 move 16 38
1971 3 pick 38 5
1971 4 move 33 38
1972 2 move 16 37
1972 3 pick 38 5
1972 4 move 33 39
1973 2 move 16 36
1973 3 pick 38 5
1973 4 fulfill 33 39
1974 2 pick 17 36
1974 3 pick 38 5
1974 4 move 33 38
1975 2 move 16 35
1975 3 pick 38 5
1975 4 move 33 37
1976 2 move 16 34
1976 3 pick 38 5
1976 4 move 33 36
1977 2 move 16 33
1977 3 pick 38 5
1977 4 move 34 36
1978 2 pick 17 33
1978 3 move 37 6
1978 4 move 35 36
1979 2 move 16 32
1979 3 pick 38 6
1979 4 move 36 36
1980 2 pick 17 32
1980 3 move 37 5
1980 4 move 37 36
1981 2 pick 17 32
1981 3 move 37 4
1981 4 pick 38 36
1982 2 move 16 31
1982 3 move 37 3
1982 4 move 37 35
1983 2 move 16 30
1983 3 pick 38 3
1983 4 move 37 34
1984 2 move 16 29
1984 3 pick 38 3
1984 4 move 37 33
1985 2 move 16 28
1985 3 pick 38 3
1985 4 move 37 32
1986 2 move 16 27
1986 3 move 37 2
1986 4 move 37 31
1987 2 move 16 26
1987 3 move 37 1
1987 4 move 37 30
1988 2 move 16 25
1988 3 move 37 0
1988 4 move 37 29
1989 2 move 16 24
1989 3 fulfill 37 0
1989 4 move 37 28
1990 2 move 16 23
1990 3 move 37 1
1990 4 move 37 27
1991 2 move 16 22
1991 3 move 37 2
1991 4 move 37 26
1992 2 move 16 21
1992 3 move 37 3
1992 4 move 37 25
1993 2 move 17 21
1993 3 pick 38 3
1993 4 move 37 24
1994 2 move 18 21
1994 3 move 37 4
1994 4 move 37 23
1995 2 move 19 21
1995 3 move 37 5
1995 4 move 37 22
1996 2 move 19 22
1996 3 pick 38 5
1996 4 move 37 21
1997 2 move 19 23
1997 3 pick 38 5
1997 4 move 38 21
1998 2 move 19 24
1998 3 pick 38 5
1998 4 move 39 21
1999 2 move 19 25
1999 3 pick 38 5
1999 4 move 40 21
2000 2 move 19 26
2000 3 move 37 6
2000 4 move 40 22
2001 2 move 19 27
2001 3 pick 38 6
2001 4 move 40 23
2002 2 move 19 28
2002 3 move 37 7
2002 4 move 40 24
2003 2 move 19 29
2003 3 move 37 8
2003 4 move 40 25
2004 2 move 19 30
2004 3 move 37 9
2004 4 move 40 26
2005 2 move 19 31
2005 3 move 37 10
2005 4 move 40 27
2006 2 move 19 32
2006 3 move 37 11
2006 4 move 40 28
2007 2 move 19 33
2007 3 move 37 12
2007 4 move 40 29
2008 2 pick 18 33
2008 3 move 37 13
2008 4 move 40 30
2009 2 move 19 34
2009 3 move 37 14
2009 4 move 40 31
2010 2 move 19 35
2010 3 move 37 15
2010 4 move 40 32
2011 2 pick 18 35
2011 3 move 37 16
2011 4 move 40 33
2012 2 move 19 36
2012 3 move 38 16
2012 4 move 40 34
2013 2 move 19 37
2013 3 move 39 16
2013 4 move 40 35
2014 2 move 19 38
2014 3 move 40 16
2014 4 move 40 36
2015 2 pick 18 38
2015 3 move 40 15
2015 4 pick 39 36
2016 2 move 19 39
2016 3 move 40 14
2016 4 move 40 37
2017 2 fulfill 19 39
2017 3 move 40 13
2017 4 move 40 38
2018 2 move 19 38
2018 3 move 40 12
2018 4 pick 39 38
2019 2 pick 18 38
2019 3 move 40 11
2019 4 move 40 37
2020 2 move 19 37
2020 3 move 40 10
2020 4 move 40 36
2021 2 move 19 36
2021 3 move 40 9
2021 4 move 40 35
2022 2 pick 18 36
2022 3 move 40 8
2022 4 move 40 34
2023 2 move 19 35
2023 3 move 40 7
2023 4 move 40 33
2024 2 pick 18 35
2024 3 move 40 6
2024 4 pick 39 33
2025 2 move 19 34
2025 3 move 40 5
2025 4 move 40 32
2026 2 pick 18 34
2026 3 pick 39 5
2026 4 pick 39 32
2027 2 move 19 33
2027 3 pick 39 5
2027 4 pick 39 32
2028 2 pick 18 33
2028 3 move 40 4
2028 4 pick 39 32
2029 2 move 19 32
2029 3 pick 39 4
2029 4 move 40 31
2030 2 pick 18 32
2030 3 pick 39 4
2030 4 move 40 30
2031 2 move 19 31
2031 3 pick 39 4
2031 4 move 40 29
2032 2 move 19 30
2032 3 move 40 3
2032 4 move 40 28
2033 2 move 19 29
2033 3 move 40 2
2033 4 move 40 27
2034 2 move 19 28
2034 3 move 40 1
2034 4 move 40 26
2035 2 move 19 27
2035 3 pick 39 1
2035 4 move 40 25
2036 2 move 19 26
2036 3 move 40 0
2036 4 move 40 24
2037 2 move 19 25
2037 3 fulfill 40 0
2037 4 move 40 23
2038 2 move 19 24
2038 3 move 40 1
2038 4 move 40 22
2039 2 move 19 23
2039 3 move 40 2
2039 4 move 40 21
2040 2 move 19 22
2040 3 move 40 3
2040 4 move 39 21
2041 2 move 19 21
2041 3 pick 39 3
2041 4 move 38 21
2042 2 move 18 21
2042 3 move 40 4
2042 4 move 37 21
2043 2 move 17 21
2043 3 move 40 5
2043 4 move 37 22
2044 2 move 16 21
2044 3 pick 39 5
2044 4 move 37 23
2045 2 move 16 22
2045 3 pick 39 5
2045 4 move 37 24
2046 2 move 16 23
2046 3 pick 39 5
2046 4 move 37 25
2047 2 move 16 24
2047 3 move 40 6
2047 4 move 37 26
2048 2 move 16 25
2048 3 move 40 7
2048 4 move 37 27
2049 2 move 16 26
2049 3 move 40 8
2049 4 move 37 28
2050 2 move 16 27
2050 3 move 40 9
2050 4 move 37 29
2051 2 move 16 28
2051 3 move 40 10
2051 4 move 37 30
2052 2 move 16 29
2052 3 move 40 11
2052 4 move 37 31
2053 2 move 16 30
2053 3 move 40 12
2053 4 move 37 32
2054 2 move 16 31
2054 3 move 40 13
2054 4 pick 38 32
2055 2 move 16 32
2055 3 move 40 14
2055 4 pick 38 32
2056 2 pick 17 32
2056 3 move 40 15
2056 4 pick 38 32
2057 2 pick 17 32
2057 3 move 40 16
2057 4 pick 38 32
2058 2 pick 17 32
2058 3 move 39 16
2058 4 pick 38 32
2059 2 pick 17 32
2059 3 move 38 16
2059 4 pick 38 32
2060 2 pick 17 32
2060 3 move 37 16
2060 4 move 37 33
2061 2 pick 17 32
2061 3 move 37 15
2061 4 pick 38 33
2062 2 pick 17 32
2062 3 move 37 14
2062 4 move 37 34
2063 2 move 16 33
2063 3 move 37 13
2063 4 move 37 35
2064 2 move 16 34
2064 3 move 37 12
2064 4 move 37 36
2065 2 move 16 35
2065 3 move 37 11
2065 4 move 37 37
2066 2 move 16 36
2066 3 move 37 10
2066 4 move 37 38
2067 2 move 16 37
2067 3 move 37 9
2067 4 move 37 39
2068 2 move 16 38
2068 3 move 37 8
2068 4 fulfill 37 39
2069 2 move 16 39
2069 3 move 37 7
2069 4 move 37 38
2070 2 fulfill 16 39
2070 3 move 37 6
2070 4 move 37 37
2071 2 move 16 38
2071 3 move 37 5
2071 4 move 37 36
2072 2 move 16 37
2072 3 pick 38 5
2072 4 move 37 35
2073 2 move 16 36
2073 3 pick 38 5
2073 4 move 37 34
2074 2 pick 17 36
2074 3 pick 38 5
2074 4 move 37 33
2075 2 move 16 35
2075 3 pick 38 5
2075 4 move 37 32
2076 2 pick 17 35
2076 3 pick 38 5
2076 4 move 37 31
2077 2 move 16 34
2077 3 pick 38 5
2077 4 move 37 30
2078 2 move 16 33
2078 3 pick 38 5
2078 4 move 37 29
2079 2 pick 17 33
2079 3 pick 38 5
2079 4 move 37 28
2080 2 move 16 32
2080 3 move 37 6
2080 4 move 37 27
2081 2 pick 17 32
2081 3 move 37 7
2081 4 move 37 26
2082 2 pick 17 32
2082 3 move 37 8
2082 4 move 37 25
2083 2 pick 17 32
2083 3 pick 38 8
2083 4 move 37 24
2084 2 pick 17 32
2084 3 move 37 7
2084 4 move 37 23
2085 2 pick 17 32
2085 3 move 37 6
2085 4 move 37 22
2086 2 pick 17 32
2086 3 move 37 5
2086 4 move 37 21
2087 2 move 16 31
2087 3 move 37 4
2087 4 move 38 21
2088 2 move 16 30
2088 3 move 37 3
2088 4 move 39 21
2089 2 move 16 29
2089 3 move 37 2
2089 4 move 40 21
2090 2 move 16 28
2090 3 move 37 1
2090 4 move 40 22
2091 2 move 16 27
2091 3 move 37 0
2091 4 move 40 23
2092 2 move 16 26
2092 3 fulfill 37 0
2092 4 move 40 24
2093 2 move 16 25
2093 3 move 37 1
2093 4 move 40 25
2094 2 move 16 24
2094 3 pick 38 1
2094 4 move 40 26
2095 2 move 16 23
2095 3 move 37 2
2095 4 move 40 27
2096 2 move 16 22
2096 3 pick 38 2
2096 4 move 40 28
2097 2 move 16 21
2097 3 move 37 3
2097 4 move 40 29
2098 2 move 17 21
2098 3 pick 38 3
2098 4 move 40 30
2099 2 move 18 21
2099 3 move 37 4
2099 4 move 40 31
2100 2 move 19 21
2100 3 pick 38 4
2100 4 move 40 32
2101 2 move 19 22
2101 3 move 37 5
2101 4 move 40 33
2102 2 move 19 23
2102 3 pick 38 5
2102 4 move 40 34
2103 2 move 19 24
2103 3 pick 38 5
2103 4 move 40 35
2104 2 move 19 25
2104 3 move 37 6
2104 4 move 40 36
2105 2 move 19 26
2105 3 pick 38 6
2105 4 move 40 37
2106 2 move 19 27
2106 3 move 37 7
2106 4 move 40 38
2107 2 move 19 28
2107 3 move 37 8
2107 4 pick 39 38
2108 2 move 19 29
2108 3 move 37 9
2108 4 move 40 37
2109 2 move 19 30
2109 3 move 37 10
2109 4 move 40 36
2110 2 move 19 31
2110 3 move 37 11
2110 4 pick 39 36
2111 2 move 19 32
2111 3 move 37 12
2111 4 move 40 35
2112 2 move 19 33
2112 3 move 37 13
2112 4 pick 39 35
2113 2 pick 18 33
2113 3 move 37 14
2113 4 move 40 34
2114 2 move 19 34
2114 3 move 37 15
2114 4 move 40 33
2115 2 move 19 35
2115 3 move 37 16
2115 4 move 40 32
2116 2 move 19 36
2116 3 move 38 16
2116 4 pick 39 32
2117 2 pick 18 36
2117 3 move 39 16
2117 4 move 40 31
2118 2 move 19 37
2118 3 move 40 16
2118 4 move 40 30
2119 2 move 19 38
2119 3 move 40 15
2119 4 move 40 29
2120 2 pick 18 38
2120 3 move 40 14
2120 4 move 40 28
2121 2 move 19 39
2121 3 move 40 13
2121 4 move 40 27
2122 2 fulfill 19 39
2122 3 move 40 12
2122 4 move 40 26
2123 2 move 19 38
2123 3 move 40 11
2123 4 move 40 25
2124 2 pick 18 38
2124 3 move 40 10
2124 4 move 40 24
2125 2 pick 18 38
2125 3 move 40 9
2125 4 move 40 23
2126 2 move 19 37
2126 3 move 40 8
2126 4 move 40 22
2127 2 move 19 36
2127 3 move 40 7
2127 4 move 40 21
2128 2 pick 18 36
2128 3 move 40 6
2128 4 move 39 21
2129 2 move 19 35
2129 3 move 40 5
2129 4 move 38 21
2130 2 move 19 34
2130 3 pick 39 5
2130 4 move 37 21
2131 2 move 19 33
2131 3 move 40 4
2131 4 move 37 22
2132 2 move 19 32
2132 3 pick 39 4
2132 4 move 37 23
2133 2 move 19 31
2133 3 pick 39 4
2133 4 move 37 24
2134 2 move 19 30
2134 3 pick 39 4
2134 4 move 37 25
2135 2 move 19 29
2135 3 move 40 3
2135 4 move 37 26
2136 2 move 19 28
2136 3 move 40 2
2136 4 move 37 27
2137 2 move 19 27
2137 3 move 40 1
2137 4 move 37 28
2138 2 move 19 26
2138 3 move 40 0
2138 4 move 37 29
2139 2 move 19 25
2139 3 fulfill 40 0
2139 4 move 37 30
2140 2 move 19 24
2140 3 move 40 1
2140 4 move 37 31
2141 2 move 19 23
2141 3 pick 39 1
2141 4 move 37 32
2142 2 move 19 22
2142 3 move 40 2
2142 4 pick 38 32
2143 2 move 19 21
2143 3 move 40 3
2143 4 pick 38 32
2144 2 move 18 21
2144 3 pick 39 3
2144 4 pick 38 32
2145 2 move 17 21
2145 3 move 40 4
2145 4 pick 38 32
2146 2 move 16 21
2146 3 pick 39 4
2146 4 move 37 33
2147 2 move 16 22
2147 3 pick 39 4
2147 4 move 37 34
2148 2 move 16 23
2148 3 move 40 5
2148 4 move 37 35
2149 2 move 16 24
2149 3 pick 39 5
2149 4 move 37 36
2150 2 move 16 25
2150 3 pick 39 5
2150 4 move 37 37
2151 2 move 16 26
2151 3 move 40 6
2151 4 move 37 38
2152 2 move 16 27
2152 3 move 40 7
2152 4 move 37 39
2153 2 move 16 28
2153 3 move 40 8
2153 4 fulfill 37 39
2154 2 move 16 29
2154 3 move 40 9
2154 4 move 37 38
2155 2 move 16 30
2155 3 move 40 10
2155 4 move 37 37
2156 2 move 16 31
2156 3 move 40 11
2156 4 move 37 36
2157 2 move 16 32
2157 3 move 40 12
2157 4 move 37 35
2158 2 move 16 33
2158 3 move 40 13
2158 4 pick 38 35
2159 2 pick 17 33
2159 3 move 40 14
2159 4 move 37 34
2160 2 pick 17 33
2160 3 move 40 15
2160 4 move 37 33
2161 2 move 16 32
2161 3 move 40 16
2161 4 move 37 32
2162 2 pick 17 32
2162 3 move 39 16
2162 4 pick 38 32
2163 2 pick 17 32
2163 3 move 38 16
2163 4 pick 38 32
2164 2 pick 17 32
2164 3 move 37 16
2164 4 pick 38 32
2165 2 pick 17 32
2165 3 move 37 15
2165 4 pick 38 32
2166 2 pick 17 32
2166 3 move 37 14
2166 4 pick 38 32
2167 2 move 16 33
2167 3 move 37 13
2167 4 move 37 31
2168 2 move 16 34
2168 3 move 37 12
2168 4 move 37 30
2169 2 move 16 35
2169 3 move 37 11
2169 4 move 37 29
2170 2 move 16 36
2170 3 move 37 10
2170 4 move 37 28
2171 2 move 16 37
2171 3 move 37 9
2171 4 move 37 27
2172 2 move 16 38
2172 3 move 37 8
2172 4 move 37 26
2173 2 move 16 39
2173 3 move 37 7
2173 4 move 37 25
2174 2 fulfill 16 39
2174 3 move 37 6
2174 4 move 37 24
2175 2 move 16 38
2175 3 move 37 5
2175 4 move 37 23
2176 2 move 16 37
2176 3 pick 38 5
2176 4 move 37 22
2177 2 move 16 36
2177 3 pick 38 5
2177 4 move 37 21
2178 2 pick 17 36
2178 3 pick 38 5
2178 4 move 38 21
2179 2 move 16 35
2179 3 move 37 4
2179 4 move 39 21
2180 2 move 16 34
2180 3 pick 38 4
2180 4 move 40 21
2181 2 pick 17 34
2181 3 pick 38 4
2181 4 move 40 22
2182 2 move 16 33
2182 3 move 37 3
2182 4 move 40 23
2183 2 pick 17 33
2183 3 pick 38 3
2183 4 move 40 24
2184 2 move 16 32
2184 3 move 37 2
2184 4 move 40 25
2185 2 pick 17 32
2185 3 pick 38 2
2185 4 move 40 26
2186 2 pick 17 32
2186 3 move 37 3
2186 4 move 40 27
2187 2 pick 17 32
2187 3 move 37 4
2187 4 move 40 28
2188 2 move 16 31
2188 3 move 37 5
2188 4 move 40 29
2189 2 move 16 30
2189 3 move 37 6
2189 4 move 40 30
2190 2 move 16 29
2190 3 pick 38 6
2190 4 move 40 31
2191 2 move 16 28
2191 3 move 37 5
2191 4 move 40 32
2192 2 move 16 27
2192 3 move 37 4
2192 4 pick 39 32
2193 2 move 16 26
2193 3 move 37 3
2193 4 move 40 33
2194 2 move 16 25
2194 3 move 37 2
2194 4 pick 39 33
2195 2 move 16 24
2195 3 move 37 1
2195 4 move 40 34
2196 2 move 16 23
2196 3 move 37 0
2196 4 move 40 35
2197 2 move 16 22
2197 3 fulfill 37 0
2197 4 pick 39 35
2198 2 move 16 21
2198 3 move 37 1
2198 4 pick 39 35
2199 2 move 17 21
2199 3 pick 38 1
2199 4 move 40 36
2200 2 move 18 21
2200 3 pick 38 1
2200 4 pick 39 36
2201 2 move 19 21
2201 3 move 37 2
2201 4 move 40 37
2202 2 move 19 22
2202 3 move 37 3
2202 4 move 40 38
2203 2 move 19 23
2203 3 move 37 4
2203 4 pick 39 38
2204 2 move 19 24
2204 3 pick 38 4
2204 4 move 40 39
2205 2 move 19 25
2205 3 pick 38 4
2205 4 fulfill 40 39
2206 2 move 19 26
2206 3 move 37 5
2206 4 move 40 38
2207 2 move 19 27
2207 3 pick 38 5
2207 4 pick 39 38
2208 2 move 19 28
2208 3 pick 38 5
2208 4 move 40 37
2209 2 move 19 29
2209 3 pick 38 5
2209 4 move 40 36
2210 2 move 19 30
2210 3 move 37 6
2210 4 pick 39 36
2211 2 move 19 31
2211 3 pick 38 6
2211 4 move 40 35
2212 2 move 19 32
2212 3 move 37 7
2212 4 pick 39 35
2213 2 move 19 33
2213 3 move 37 8
2213 4 move 40 34
2214 2 pick 18 33
2214 3 move 37 9
2214 4 move 40 33
2215 2 move 19 34
2215 3 move 37 10
2215 4 move 40 32
2216 2 pick 18 34
2216 3 move 37 11
2216 4 pick 39 32
2217 2 move 19 35
2217 3 move 37 12
2217 4 move 40 31
2218 2 move 19 36
2218 3 move 37 13
2218 4 move 40 30
2219 2 move 19 37
2219 3 move 37 14
2219 4 move 40 29
2220 2 move 19 38
2220 3 move 37 15
2220 4 move 40 28
2221 2 pick 18 38
2221 3 move 37 16
2221 4 move 40 27
2222 2 pick 18 38
2222 3 move 38 16
2222 4 move 40 26
2223 2 move 19 39
2223 3 move 39 16
2223 4 move 40 25
2224 2 fulfill 19 39
2224 3 move 40 16
2224 4 move 40 24
2225 2 move 19 38
2225 3 move 40 15
2225 4 move 40 23
2226 2 pick 18 38
2226 3 move 40 14
2226 4 move 40 22
2227 2 move 19 37
2227 3 move 40 13
2227 4 move 40 21
2228 2 move 19 36
2228 3 move 40 12
2228 4 move 39 21
2229 2 move 19 35
2229 3 move 40 11
2229 4 move 38 21
2230 2 move 19 34
2230 3 move 40 10
2230 4 move 37 21
2231 2 pick 18 34
2231 3 move 40 9
2231 4 move 37 22
2232 2 pick 18 34
2232 3 move 40 8
2232 4 move 37 23
2233 2 move 19 33
2233 3 move 40 7
2233 4 move 37 24
2234 2 pick 18 33
2234 3 move 40 6
2234 4 move 37 25
2235 2 move 19 32
2235 3 move 40 5
2235 4 move 37 26
2236 2 pick 18 32
2236 3 pick 39 5
2236 4 move 37 27
2237 2 pick 18 32
2237 3 pick 39 5
2237 4 move 37 28
2238 2 move 19 31
2238 3 move 40 4
2238 4 move 37 29
2239 2 move 19 30
2239 3 pick 39 4
2239 4 move 37 30
2240 2 move 19 29
2240 3 pick 39 4
2240 4 move 37 31
2241 2 move 19 28
2241 3 pick 39 4
2241 4 move 37 32
2242 2 move 19 27
2242 3 move 40 3
2242 4 pick 38 32
2243 2 move 19 26
2243 3 move 40 2
2243 4 pick 38 32
2244 2 move 19 25
2244 3 move 40 1
2244 4 pick 38 32
2245 2 move 19 24
2245 3 move 40 0
2245 4 pick 38 32
2246 2 move 19 23
2246 3 fulfill 40 0
2246 4 pick 38 32
2247 2 move 19 22
2247 3 move 40 1
2247 4 move 37 33
2248 2 move 19 21
2248 3 move 40 2
2248 4 pick 38 33
2249 2 move 18 21
2249 3 pick 39 2
2249 4 move 37 34
2250 2 move 17 21
2250 3 move 40 3
2250 4 move 37 35
2251 2 move 16 21
2251 3 move 40 4
2251 4 move 37 36
2252 2 move 16 22
2252 3 pick 39 4
2252 4 pick 38 36
2253 2 move 16 23
2253 3 move 40 5
2253 4 move 36 36
2254 2 move 16 24
2254 3 pick 39 5
2254 4 move 35 36
2255 2 move 16 25
2255 3 pick 39 5
2255 4 move 34 36
2256 2 move 16 26
2256 3 pick 39 5
2256 4 move 33 36
2257 2 move 16 27
2257 3 move 40 6
2257 4 move 33 35
2258 2 move 16 28
2258 3 move 40 7
2258 4 move 33 34
2259 2 move 16 29
2259 3 move 40 8
2259 4 move 33 33
2260 2 move 16 30
2260 3 move 40 9
2260 4 move 33 32
2261 2 move 16 31
2261 3 move 40 10
2261 4 move 33 31
2262 2 move 16 32
2262 3 move 40 11
2262 4 move 33 30
2263 2 pick 17 32
2263 3 move 40 12
2263 4 move 33 29
2264 2 pick 17 32
2264 3 move 40 13
2264 4 pick 32 29
2265 2 pick 17 32
2265 3 move 40 14
2265 4 move 33 30
2266 2 move 16 33
2266 3 move 40 15
2266 4 move 33 31
2267 2 pick 17 33
2267 3 move 40 16
2267 4 move 33 32
2268 2 move 16 34
2268 3 move 39 16
2268 4 move 33 33
2269 2 move 16 35
2269 3 move 38 16
2269 4 move 33 34
2270 2 move 16 36
2270 3 move 37 16
2270 4 move 33 35
2271 2 pick 17 36
2271 3 move 37 15
2271 4 move 33 36
2272 2 pick 17 36
2272 3 move 37 14
2272 4 move 33 37
2273 2 move 16 37
2273 3 move 37 13
2273 4 move 33 38
2274 2 move 16 38
2274 3 move 37 12
2274 4 move 33 39
2275 2 move 16 39
2275 3 move 37 11
2275 4 fulfill 33 39
2276 2 fulfill 16 39
2276 3 move 37 10
2276 4 move 33 38
2277 2 move 16 38
2277 3 move 37 9
2277 4 move 34 38
2278 2 move 16 37
2278 3 move 37 8
2278 4 move 35 38
2279 2 move 16 36
2279 3 move 37 7
2279 4 move 36 38
2280 2 move 16 35
2280 3 move 37 6
2280 4 move 37 38
2281 2 move 16 34
2281 3 move 37 5
2281 4 move 37 37
2282 2 move 16 33
2282 3 pick 38 5
2282 4 move 37 36
2283 2 move 16 32
2283 3 pick 38 5
2283 4 move 37 35
2284 2 pick 17 32
2284 3 move 37 4
2284 4 move 37 34
2285 2 pick 17 32
2285 3 pick 38 4
2285 4 move 37 33
2286 2 pick 17 32
2286 3 pick 38 4
2286 4 move 37 32
2287 2 move 16 31
2287 3 pick 38 4
2287 4 move 37 31
2288 2 move 16 30
2288 3 move 37 3
2288 4 move 37 30
2289 2 move 16 29
2289 3 pick 38 3
2289 4 move 37 29
2290 2 move 16 28
2290 3 pick 38 3
2290 4 move 37 28
2291 2 move 16 27
2291 3 move 37 2
2291 4 move 37 27
2292 2 move 16 26
2292 3 pick 38 2
2292 4 move 37 26
2293 2 move 16 25
2293 3 move 37 1
2293 4 move 37 25
2294 2 move 16 24
2294 3 pick 38 1
2294 4 move 37 24
2295 2 move 16 23
2295 3 move 37 2
2295 4 move 37 23
2296 2 move 16 22
2296 3 move 37 3
2296 4 move 37 22
2297 2 move 16 21
2297 3 move 37 4
2297 4 move 37 21
2298 2 move 17 21
2298 3 move 37 5
2298 4 move 38 21
2299 2 move 18 21
2299 3 move 37 6
2299 4 move 39 21
2300 2 move 19 21
2300 3 pick 38 6
2300 4 move 40 21
2301 2 move 19 22
2301 3 move 37 5
2301 4 move 40 22
2302 2 move 19 23
2302 3 move 37 4
2302 4 move 40 23
2303 2 move 19 24
2303 3 move 37 3
2303 4 move 40 24
2304 2 move 19 25
2304 3 move 37 2
2304 4 move 40 25
2305 2 move 19 26
2305 3 move 37 1
2305 4 move 40 26
2306 2 move 19 27
2306 3 move 37 0
2306 4 move 40 27
2307 2 move 19 28
2307 3 fulfill 37 0
2307 4 move 40 28
2308 2 move 19 29
2308 3 move 37 1
2308 4 move 40 29
2309 2 move 19 30
2309 3 move 37 2
2309 4 move 40 30
2310 2 move 19 31
2310 3 move 37 3
2310 4 move 40 31
2311 2 move 19 32
2311 3 move 37 4
2311 4 move 40 32
2312 2 pick 18 32
2312 3 move 37 5
2312 4 move 40 33
2313 2 pick 18 32
2313 3 pick 38 5
2313 4 move 40 34
2314 2 move 19 33
2314 3 pick 38 5
2314 4 move 40 35
2315 2 move 19 34
2315 3 pick 38 5
2315 4 move 40 36
2316 2 move 19 35
2316 3 pick 38 5
2316 4 move 40 37
2317 2 move 19 36
2317 3 pick 38 5
2317 4 move 40 38
2318 2 move 19 37
2318 3 pick 38 5
2318 4 pick 39 38
2319 2 move 19 38
2319 3 move 37 6
2319 4 move 40 37
2320 2 move 19 39
2320 3 move 37 7
2320 4 move 40 36
2321 2 fulfill 19 39
2321 3 move 37 8
2321 4 pick 39 36
2322 2 move 19 38
2322 3 move 37 9
2322 4 move 40 35
2323 2 move 19 37
2323 3 move 37 10
2323 4 move 40 34
2324 2 move 19 36
2324 3 move 37 11
2324 4 move 40 33
2325 2 move 19 35
2325 3 move 37 12
2325 4 move 40 32
2326 2 move 19 34
2326 3 move 37 13
2326 4 pick 39 32
2327 2 move 19 33
2327 3 move 37 14
2327 4 pick 39 32
2328 2 move 19 32
2328 3 move 37 15
2328 4 move 40 31
2329 2 pick 18 32
2329 3 move 37 16
2329 4 move 40 30
2330 2 move 19 31
2330 3 move 38 16
2330 4 pick 39 30
2331 2 move 19 30
2331 3 move 39 16
2331 4 pick 39 30
2332 2 move 19 29
2332 3 move 40 16
2332 4 move 40 29
2333 2 move 19 28
2333 3 move 40 15
2333 4 move 40 28
2334 2 move 19 27
2334 3 move 40 14
2334 4 move 40 27
2335 2 move 19 26
2335 3 move 40 13
2335 4 move 40 26
2336 2 move 19 25
2336 3 move 40 12
2336 4 move 40 25
2337 2 move 19 24
2337 3 move 40 11
2337 4 move 40 24
2338 2 move 19 23
2338 3 move 40 10
2338 4 move 40 23
2339 2 move 19 22
2339 3 move 40 9
2339 4 move 40 22
2340 2 move 19 21
2340 3 move 40 8
2340 4 move 40 21
2341 2 move 18 21
2341 3 move 40 7
2341 4 move 39 21
2342 2 move 17 21
2342 3 move 40 6
2342 4 move 38 21
2343 2 move 16 21
2343 3 move 40 5
2343 4 move 37 21
2344 2 move 16 22
2344 3 pick 39 5
2344 4 move 37 22
2345 2 move 16 23
2345 3 move 40 4
2345 4 move 37 23
2346 2 move 16 24
2346 3 move 40 3
2346 4 move 37 24
2347 2 move 16 25
2347 3 move 40 2
2347 4 move 37 25
2348 2 move 16 26
2348 3 move 40 1
2348 4 move 37 26
2349 2 move 16 27
2349 3 move 40 0
2349 4 move 37 27
2350 2 move 16 28
2350 3 fulfill 40 0
2350 4 move 37 28
2351 2 move 16 29
2351 3 move 40 1
2351 4 move 37 29
2352 2 move 16 30
2352 3 move 40 2
2352 4 move 37 30
2353 2 move 16 31
2353 3 move 40 3
2353 4 move 37 31
2354 2 move 16 32
2354 3 move 40 4
2354 4 move 37 32
2355 2 pick 17 32
2355 3 move 40 5
2355 4 pick 38 32
2356 2 pick 17 32
2356 3 pick 39 5
2356 4 pick 38 32
2357 2 pick 17 32
2357 3 pick 39 5
2357 4 pick 38 32
2358 2 pick 17 32
2358 3 pick 39 5
2358 4 move 37 33
2359 2 move 16 33
2359 3 pick 39 5
2359 4 pick 38 33
2360 2 move 16 34
2360 3 move 40 6
2360 4 pick 38 33
2361 2 move 16 35
2361 3 move 40 7
2361 4 move 37 34
2362 2 move 16 36
2362 3 move 40 8
2362 4 move 37 35
2363 2 move 16 37
2363 3 move 40 9
2363 4 move 37 36
2364 2 move 16 38
2364 3 move 40 10
2364 4 move 37 37
2365 2 move 16 39
2365 3 move 40 11
2365 4 move 37 38
2366 2 fulfill 16 39
2366 3 move 40 12
2366 4 move 37 39
2367 2 move 16 38
2367 3 move 40 13
2367 4 fulfill 37 39
2368 2 move 16 37
2368 3 move 40 14
2368 4 move 37 38
2369 2 move 16 36
2369 3 move 40 15
2369 4 move 37 37
2370 2 move 16 35
2370 3 move 40 16
2370 4 move 37 36
2371 2 move 16 34
2371 3 move 39 16
2371 4 move 37 35
2372 2 move 16 33
2372 3 move 38 16
2372 4 pick 38 35
2373 2 move 16 32
2373 3 move 37 16
2373 4 pick 38 35
2374 2 pick 17 32
2374 3 move 37 15
2374 4 move 37 34
2375 2 pick 17 32
2375 3 move 37 14
2375 4 pick 38 34
2376 2 move 16 31
2376 3 move 37 13
2376 4 move 37 33
2377 2 move 16 30
2377 3 move 37 12
2377 4 pick 38 33
2378 2 move 16 29
2378 3 move 37 11
2378 4 pick 38 33
2379 2 move 16 28
2379 3 move 37 10
2379 4 move 37 32
2380 2 move 16 27
2380 3 move 37 9
2380 4 pick 38 32
2381 2 move 16 26
2381 3 move 37 8
2381 4 move 37 31
2382 2 move 16 25
2382 3 move 37 7
2382 4 move 37 30
2383 2 move 16 24
2383 3 move 37 6
2383 4 move 37 29
2384 2 move 16 23
2384 3 move 37 5
2384 4 move 37 28
2385 2 move 16 22
2385 3 pick 38 5
2385 4 move 37 27
2386 2 move 16 21
2386 3 move 37 4
2386 4 move 37 26
2387 2 move 17 21
2387 3 move 37 3
2387 4 move 37 25
2388 2 move 18 21
2388 3 move 37 2
2388 4 move 37 24
2389 2 move 19 21
2389 3 move 37 1
2389 4 move 37 23
2390 2 move 19 22
2390 3 move 37 0
2390 4 move 37 22
2391 2 move 19 23
2391 3 fulfill 37 0
2391 4 move 37 21
2392 2 move 19 24
2392 3 move 37 1
2392 4 move 38 21
2393 2 move 19 25
2393 3 move 37 2
2393 4 move 39 21
2394 2 move 19 26
2394 3 move 37 3
2394 4 move 40 21
2395 2 move 19 27
2395 3 move 37 4
2395 4 move 40 22
2396 2 move 19 28
2396 3 move 37 5
2396 4 move 40 23
2397 2 move 19 29
2397 3 pick 38 5
2397 4 move 40 24
2398 2 move 19 30
2398 3 pick 38 5
2398 4 move 40 25
2399 2 move 19 31
2399 3 move 37 6
2399 4 move 40 26
2400 2 move 19 32
2400 3 move 37 7
2400 4 move 40 27
2401 2 pick 18 32
2401 3 move 37 8
2401 4 move 40 28
2402 2 pick 18 32
2402 3 move 37 9
2402 4 move 40 29
2403 2 pick 18 32
2403 3 move 37 10
2403 4 move 40 30
2404 2 pick 18 32
2404 3 move 37 11
2404 4 move 40 31
2405 2 move 19 31
2405 3 move 37 12
2405 4 move 40 32
2406 2 move 19 30
2406 3 move 37 13
2406 4 pick 39 32
2407 2 move 19 29
2407 3 move 37 14
2407 4 move 40 33
2408 2 move 20 29
2408 3 move 37 15
2408 4 pick 39 33
2409 2 move 21 29
2409 3 move 37 16
2409 4 move 40 34
2410 2 move 22 29
2410 3 move 38 16
2410 4 pick 39 34
2411 2 move 23 29
2411 3 move 39 16
2411 4 pick 39 34
2412 2 pick 24 29
2412 3 move 40 16
2412 4 move 40 35
2413 2 move 23 30
2413 3 move 40 15
2413 4 pick 39 35
2414 2 move 23 31
2414 3 move 40 14
2414 4 pick 39 35
2415 2 move 23 32
2415 3 move 40 13
2415 4 pick 39 35
2416 2 move 23 33
2416 3 move 40 12
2416 4 move 40 36
2417 2 move 23 34
2417 3 move 40 11
2417 4 move 40 37
2418 2 move 23 35
2418 3 move 40 10
2418 4 move 40 38
2419 2 move 23 36
2419 3 move 40 9
2419 4 move 40 39
2420 2 move 23 37
2420 3 move 40 8
2420 4 fulfill 40 39
2421 2 move 23 38
2421 3 move 40 7
2421 4 move 40 38
2422 2 move 23 39
2422 3 move 40 6
2422 4 move 40 37
2423 2 fulfill 23 39
2423 3 move 40 5
2423 4 move 40 36
2424 2 move 22 39
2424 3 pick 39 5
2424 4 move 40 35
2425 2 move 21 39
2425 3 pick 39 5
2425 4 pick 39 35
2426 2 move 20 39
2426 3 pick 39 5
2426 4 move 40 34
2427 2 move 19 39
2427 3 pick 39 5
2427 4 move 40 33
2428 2 move 19 38
2428 3 move 40 4
2428 4 pick 39 33
2429 2 move 19 37
2429 3 pick 39 4
2429 4 move 40 32
2430 2 move 19 36
2430 3 pick 39 4
2430 4 pick 39 32
2431 2 move 19 35
2431 3 move 40 3
2431 4 move 40 31
2432 2 move 19 34
2432 3 pick 39 3
2432 4 move 40 30
2433 2 move 19 33
2433 3 move 40 2
2433 4 move 40 29
2434 2 move 19 32
2434 3 pick 39 2
2434 4 move 40 28
2435 2 pick 18 32
2435 3 move 40 1
2435 4 move 40 27
2436 2 pick 18 32
2436 3 move 40 0
2436 4 move 40 26
2437 2 pick 18 32
2437 3 fulfill 40 0
2437 4 move 40 25
2438 2 pick 18 32
2438 3 move 40 1
2438 4 move 40 24
2439 2 pick 18 32
2439 3 move 40 2
2439 4 move 40 23
2440 2 move 19 31
2440 3 pick 39 2
2440 4 move 40 22
2441 2 move 19 30
2441 3 move 40 3
2441 4 move 40 21
2442 2 move 19 29
2442 3 pick 39 3
2442 4 move 39 21
2443 2 move 19 28
2443 3 move 40 4
2443 4 move 38 21
2444 2 move 19 27
2444 3 move 40 5
2444 4 move 37 21
2445 2 move 19 26
2445 3 pick 39 5
2445 4 move 37 22
2446 2 move 19 25
2446 3 pick 39 5
2446 4 move 37 23
2447 2 move 19 24
2447 3 move 40 6
2447 4 move 37 24
2448 2 move 19 23
2448 3 move 40 7
2448 4 move 37 25
2449 2 move 19 22
2449 3 move 40 8
2449 4 move 37 26
2450 2 move 19 21
2450 3 move 40 9
2450 4 move 37 27
2451 2 move 18 21
2451 3 move 40 10
2451 4 move 37 28
2452 2 move 17 21
2452 3 move 40 11
2452 4 move 37 29
2453 2 move 16 21
2453 3 move 40 12
2453 4 move 37 30
2454 2 move 16 22
2454 3 move 40 13
2454 4 move 37 31
2455 2 move 16 23
2455 3 move 40 14
2455 4 move 37 32
2456 2 move 16 24
2456 3 move 40 15
2456 4 pick 38 32
2457 2 move 16 25
2457 3 move 40 16
2457 4 pick 38 32
2458 2 move 16 26
2458 3 move 39 16
2458 4 pick 38 32
2459 2 move 16 27
2459 3 move 38 16
2459 4 pick 38 32
2460 2 move 16 28
2460 3 move 37 16
2460 4 pick 38 32
2461 2 move 16 29
2461 3 move 37 15
2461 4 pick 38 32
2462 2 move 16 30
2462 3 move 37 14
2462 4 move 37 33
2463 2 move 16 31
2463 3 move 37 13
2463 4 move 37 34
2464 2 move 16 32
2464 3 move 37 12
2464 4 move 37 35
2465 2 pick 17 32
2465 3 move 37 11
2465 4 pick 38 35
2466 2 pick 17 32
2466 3 move 37 10
2466 4 move 37 36
2467 2 pick 17 32
2467 3 move 37 9
2467 4 move 37 37
2468 2 move 16 33
2468 3 move 37 8
2468 4 move 37 38
2469 2 pick 17 33
2469 3 move 37 7
2469 4 move 37 39
2470 2 pick 17 33
2470 3 move 37 6
2470 4 fulfill 37 39
2471 2 move 16 34
2471 3 move 37 5
2471 4 move 37 38
2472 2 move 16 35
2472 3 pick 38 5
2472 4 move 37 37
2473 2 pick 17 35
2473 3 pick 38 5
2473 4 move 37 36
2474 2 move 16 36
2474 3 pick 38 5
2474 4 move 37 35
2475 2 move 16 37
2475 3 pick 38 5
2475 4 move 37 34
2476 2 move 16 38
2476 3 pick 38 5
2476 4 move 37 33
2477 2 move 16 39
2477 3 pick 38 5
2477 4 move 37 32
2478 2 fulfill 16 39
2478 3 pick 38 5
2478 4 move 37 31
2479 2 move 16 38
2479 3 pick 38 5
2479 4 move 37 30
2480 2 move 16 37
2480 3 move 37 4
2480 4 move 37 29
2481 2 move 16 36
2481 3 pick 38 4
2481 4 move 37 28
2482 2 move 16 35
2482 3 move 37 3
2482 4 move 37 27
2483 2 move 16 34
2483 3 move 37 2
2483 4 move 37 26
2484 2 move 16 33
2484 3 move 37 1
2484 4 move 37 25
2485 2 move 16 32
2485 3 move 37 0
2485 4 move 37 24
2486 2 move 16 31
2486 3 fulfill 37 0
2486 4 move 37 23
2487 2 move 16 30
2487 3 move 37 1
2487 4 move 37 22
2488 2 move 16 29
2488 3 move 37 2
2488 4 move 37 21
2489 2 move 16 28
2489 3 pick 38 2
2489 4 move 38 21
2490 2 move 16 27
2490 3 move 37 3
2490 4 move 39 21
2491 2 move 16 26
2491 3 pick 38 3
2491 4 move 40 21
2492 2 move 16 25
2492 3 move 37 4
2492 4 move 40 22
2493 2 move 16 24
2493 3 pick 38 4
2493 4 move 40 23
2494 2 move 16 23
2494 3 pick 38 4
2494 4 move 40 24
2495 2 move 16 22
2495 3 move 37 5
2495 4 move 40 25
2496 2 move 16 21
2496 3 pick 38 5
2496 4 move 40 26
2497 2 move 17 21
2497 3 pick 38 5
2497 4 move 40 27
2498 2 move 18 21
2498 3 pick 38 5
2498 4 move 40 28
2499 2 move 19 21
2499 3 pick 38 5
2499 4 move 40 29
2500 2 move 19 22
2500 3 pick 38 5
2500 4 move 40 30
2501 2 move 19 23
2501 3 pick 38 5
2501 4 move 40 31
2502 2 move 19 24
2502 3 pick 38 5
2502 4 move 40 32
2503 2 move 19 25
2503 3 pick 38 5
2503 4 move 40 33
2504 2 move 19 26
2504 3 move 37 6
2504 4 move 40 34
2505 2 move 19 27
2505 3 move 37 7
2505 4 move 40 35
2506 2 move 19 28
2506 3 move 37 8
2506 4 pick 39 35
2507 2 move 19 29
2507 3 move 37 9
2507 4 move 40 34
2508 2 move 19 30
2508 3 move 37 10
2508 4 move 40 33
2509 2 move 19 31
2509 3 move 37 11
2509 4 pick 39 33
2510 2 move 19 32
2510 3 move 37 12
2510 4 pick 39 33
2511 2 move 19 33
2511 3 move 37 13
2511 4 move 40 32
2512 2 move 19 34
2512 3 move 37 14
2512 4 pick 39 32
2513 2 move 19 35
2513 3 move 37 15
2513 4 pick 39 32
2514 2 move 19 36
2514 3 move 37 16
2514 4 move 40 31
2515 2 move 19 37
2515 3 move 38 16
2515 4 move 40 30
2516 2 move 19 38
2516 3 move 39 16
2516 4 move 40 29
2517 2 pick 18 38
2517 3 move 40 16
2517 4 move 40 28
2518 2 move 19 37
2518 3 move 40 15
2518 4 move 40 27
2519 2 move 19 36
2519 3 move 40 14
2519 4 move 40 26
2520 2 move 19 35
2520 3 move 40 13
2520 4 move 40 25
2521 2 move 19 34
2521 3 move 40 12
2521 4 move 40 24
2522 2 move 19 33
2522 3 move 40 11
2522 4 move 40 23
2523 2 move 19 32
2523 3 move 40 10
2523 4 move 40 22
2524 2 pick 18 32
2524 3 move 40 9
2524 4 move 40 21
2525 2 pick 18 32
2525 3 move 40 8
2525 4 move 39 21
2526 2 move 19 31
2526 3 move 40 7
2526 4 move 38 21
2527 2 move 19 30
2527 3 move 40 6
2527 4 move 37 21
2528 2 move 19 29
2528 3 move 40 5
2528 4 move 37 22
2529 2 move 19 28
2529 3 pick 39 5
2529 4 move 37 23
2530 2 move 19 27
2530 3 pick 39 5
2530 4 move 37 24
2531 2 move 19 26
2531 3 pick 39 5
2531 4 move 37 25
2532 2 move 19 25
2532 3 move 40 4
2532 4 move 37 26
2533 2 move 19 24
2533 3 move 40 3
2533 4 move 37 27
2534 2 move 19 23
2534 3 move 40 2
2534 4 move 37 28
2535 2 move 19 22
2535 3 move 40 1
2535 4 move 37 29
2536 2 move 19 21
2536 3 move 40 0
2536 4 move 37 30
2537 2 move 18 21
2537 3 fulfill 40 0
2537 4 move 37 31
2538 2 move 17 21
2538 3 move 40 1
2538 4 move 37 32
2539 2 move 16 21
2539 3 move 40 2
2539 4 pick 38 32
2540 2 move 16 22
2540 3 pick 39 2
2540 4 pick 38 32
2541 2 move 16 23
2541 3 move 40 3
2541 4 pick 38 32
2542 2 move 16 24
2542 3 move 40 4
2542 4 move 37 33
2543 2 move 16 25
2543 3 move 40 5
2543 4 move 37 34
2544 2 move 16 26
2544 3 pick 39 5
2544 4 move 37 35
2545 2 move 16 27
2545 3 pick 39 5
2545 4 move 37 36
2546 2 move 16 28
2546 3 pick 39 5
2546 4 move 37 37
2547 2 move 16 29
2547 3 move 40 6
2547 4 move 37 38
2548 2 move 16 30
2548 3 move 40 7
2548 4 move 37 39
2549 2 move 16 31
2549 3 move 40 8
2549 4 fulfill 37 39
2550 2 move 16 32
2550 3 move 40 9
2550 4 move 37 38
2551 2 pick 17 32
2551 3 move 40 10
2551 4 move 37 37
2552 2 pick 17 32
2552 3 move 40 11
2552 4 move 37 36
2553 2 pick 17 32
2553 3 move 40 12
2553 4 move 37 35
2554 2 pick 17 32
2554 3 move 40 13
2554 4 move 37 34
2555 2 pick 17 32
2555 3 move 40 14
2555 4 move 37 33
2556 2 move 16 33
2556 3 move 40 15
2556 4 pick 38 33
2557 2 move 16 34
2557 3 move 40 16
2557 4 move 37 32
2558 2 move 16 35
2558 3 move 39 16
2558 4 pick 38 32
2559 2 pick 17 35
2559 3 move 38 16
2559 4 pick 38 32
2560 2 move 16 36
2560 3 move 37 16
2560 4 move 37 31
2561 2 move 16 37
2561 3 move 37 15
2561 4 move 37 30
2562 2 move 16 38
2562 3 move 37 14
2562 4 move 37 29
2563 2 move 16 39
2563 3 move 37 13
2563 4 move 37 28
2564 2 fulfill 16 39
2564 3 move 37 12
2564 4 move 37 27
2565 2 pick 17 39
2565 3 move 37 11
2565 4 move 37 26
2566 2 move 16 38
2566 3 move 37 10
2566 4 move 37 25
2567 2 move 16 37
2567 3 move 37 9
2567 4 move 37 24
2568 2 move 16 36
2568 3 move 37 8
2568 4 move 37 23
2569 2 move 16 35
2569 3 move 37 7
2569 4 move 37 22
2570 2 move 16 34
2570 3 move 37 6
2570 4 move 37 21
2571 2 move 16 33
2571 3 move 37 5
2571 4 move 38 21
2572 2 move 16 32
2572 3 pick 38 5
2572 4 move 39 21
2573 2 pick 17 32
2573 3 pick 38 5
2573 4 move 40 21
2574 2 pick 17 32
2574 3 move 37 4
2574 4 move 40 22
2575 2 pick 17 32
2575 3 pick 38 4
2575 4 move 40 23
2576 2 pick 17 32
2576 3 move 37 3
2576 4 move 40 24
2577 2 pick 17 32
2577 3 move 37 2
2577 4 move 40 25
2578 2 move 16 31
2578 3 move 37 1
2578 4 move 40 26
2579 2 move 16 30
2579 3 move 37 0
2579 4 move 40 27
2580 2 move 16 29
2580 3 fulfill 37 0
2580 4 move 40 28
2581 2 move 16 28
2581 3 move 37 1
2581 4 move 40 29
2582 2 move 16 27
2582 3 move 37 2
2582 4 move 40 30
2583 2 move 16 26
2583 3 pick 38 2
2583 4 move 40 31
2584 2 move 16 25
2584 3 move 37 3
2584 4 move 40 32
2585 2 move 16 24
2585 3 pick 38 3
2585 4 pick 39 32
2586 2 move 16 23
2586 3 move 37 4
2586 4 pick 39 32
2587 2 move 16 22
2587 3 move 37 5
2587 4 move 40 33
2588 2 move 16 21
2588 3 move 37 6
2588 4 pick 39 33
2589 2 move 17 21
2589 3 move 37 7
2589 4 move 40 34
2590 2 move 18 21
2590 3 move 37 8
2590 4 move 40 35
2591 2 move 19 21
2591 3 move 37 9
2591 4 pick 39 35
2592 2 move 19 22
2592 3 move 37 10
2592 4 move 40 36
2593 2 move 19 23
2593 3 move 37 11
2593 4 move 40 37
2594 2 move 19 24
2594 3 move 37 12
2594 4 move 40 38
2595 2 move 19 25
2595 3 move 37 13
2595 4 move 40 39
2596 2 move 19 26
2596 3 move 37 14
2596 4 fulfill 40 39
2597 2 move 19 27
2597 3 move 37 15
2597 4 move 40 38
2598 2 move 19 28
2598 3 move 37 16
2598 4 move 40 37
2599 2 move 19 29
2599 3 move 38 16
2599 4 move 40 36
2600 2 move 19 30
2600 3 move 39 16
2600 4 move 40 35
2601 2 move 19 31
2601 3 move 40 16
2601 4 pick 39 35
2602 2 move 19 32
2602 3 move 40 15
2602 4 pick 39 35
2603 2 pick 18 32
2603 3 move 40 14
2603 4 move 40 34
2604 2 move 19 33
2604 3 move 40 13
2604 4 pick 39 34
2605 2 move 19 34
2605 3 move 40 12
2605 4 pick 39 34
2606 2 move 19 35
2606 3 move 40 11
2606 4 move 40 33
2607 2 move 19 36
2607 3 move 40 10
2607 4 pick 39 33
2608 2 move 19 37
2608 3 move 40 9
2608 4 move 40 32
2609 2 move 19 38
2609 3 move 40 8
2609 4 pick 39 32
2610 2 move 19 39
2610 3 move 40 7
2610 4 pick 39 32
2611 2 fulfill 19 39
2611 3 move 40 6
2611 4 move 40 31
2612 2 move 19 38
2612 3 move 40 5
2612 4 move 40 30
2613 2 move 19 37
2613 3 move 40 4
2613 4 move 40 29
2614 2 move 19 36
2614 3 pick 39 4
2614 4 move 40 28
2615 2 move 19 35
2615 3 move 40 5
2615 4 move 40 27
2616 2 move 19 34
2616 3 pick 39 5
2616 4 move 40 26
2617 2 pick 18 34
2617 3 pick 39 5
2617 4 move 40 25
2618 2 move 19 33
2618 3 pick 39 5
2618 4 move 40 24
2619 2 move 19 32
2619 3 move 40 4
2619 4 move 40 23
2620 2 pick 18 32
2620 3 move 40 3
2620 4 move 40 22
2621 2 pick 18 32
2621 3 move 40 2
2621 4 move 40 21
2622 2 move 19 31
2622 3 move 40 1
2622 4 move 39 21
2623 2 move 19 30
2623 3 move 40 0
2623 4 move 38 21
2624 2 move 19 29
2624 3 fulfill 40 0
2624 4 move 37 21
2625 2 move 19 28
2625 3 move 40 1
2625 4 move 37 22
2626 2 move 19 27
2626 3 move 40 2
2626 4 move 37 23
2627 2 move 19 26
2627 3 pick 39 2
2627 4 move 37 24
2628 2 move 19 25
2628 3 move 40 3
2628 4 move 37 25
2629 2 move 19 24
2629 3 move 40 4
2629 4 move 37 26
2630 2 move 19 23
2630 3 move 40 5
2630 4 move 37 27
2631 2 move 19 22
2631 3 pick 39 5
2631 4 move 37 28
2632 2 move 19 21
2632 3 move 40 6
2632 4 move 37 29
2633 2 move 18 21
2633 3 move 40 7
2633 4 move 37 30
2634 2 move 17 21
2634 3 move 40 8
2634 4 move 37 31
2635 2 move 16 21
2635 3 move 40 9
2635 4 move 37 32
2636 2 move 16 22
2636 3 move 40 10
2636 4 pick 38 32
2637 2 move 16 23
2637 3 move 40 11
2637 4 pick 38 32
2638 2 move 16 24
2638 3 move 40 12
2638 4 pick 38 32
2639 2 move 16 25
2639 3 move 40 13
2639 4 pick 38 32
2640 2 move 16 26
2640 3 move 40 14
2640 4 move 37 33
2641 2 move 16 27
2641 3 move 40 15
2641 4 pick 38 33
2642 2 move 16 28
2642 3 move 40 16
2642 4 move 37 34
2643 2 move 16 29
2643 3 move 39 16
2643 4 move 37 35
2644 2 move 16 30
2644 3 move 38 16
2644 4 pick 38 35
2645 2 move 16 31
2645 3 move 37 16
2645 4 pick 38 35
2646 2 move 16 32
2646 3 move 37 15
2646 4 move 37 36
2647 2 pick 17 32
2647 3 move 37 14
2647 4 move 37 37
2648 2 pick 17 32
2648 3 move 37 13
2648 4 move 37 38
2649 2 move 16 33
2649 3 move 37 12
2649 4 move 37 39
2650 2 move 16 34
2650 3 move 37 11
2650 4 fulfill 37 39
2651 2 move 16 35
2651 3 move 37 10
2651 4 move 37 38
2652 2 pick 17 35
2652 3 move 37 9
2652 4 move 37 37
2653 2 move 16 36
2653 3 move 37 8
2653 4 move 37 36
2654 2 move 16 37
2654 3 move 37 7
2654 4 move 37 35
2655 2 move 16 38
2655 3 move 37 6
2655 4 pick 38 35
2656 2 move 16 39
2656 3 move 37 5
2656 4 pick 38 35
2657 2 fulfill 16 39
2657 3 pick 38 5
2657 4 pick 38 35
2658 2 move 16 38
2658 3 pick 38 5
2658 4 move 37 34
2659 2 move 16 37
2659 3 pick 38 5
2659 4 pick 38 34
2660 2 move 16 36
2660 3 move 37 4
2660 4 move 37 33
2661 2 move 16 35
2661 3 pick 38 4
2661 4 pick 38 33
2662 2 pick 17 35
2662 3 move 37 3
2662 4 pick 38 33
2663 2 move 16 34
2663 3 move 37 2
2663 4 pick 38 33
2664 2 move 16 33
2664 3 move 37 1
2664 4 move 37 32
2665 2 move 16 32
2665 3 move 37 0
2665 4 pick 38 32
2666 2 pick 17 32
2666 3 fulfill 37 0
2666 4 pick 38 32
2667 2 pick 17 32
2667 3 move 37 1
2667 4 pick 38 32
2668 2 move 16 31
2668 3 move 37 2
2668 4 pick 38 32
2669 2 move 16 30
2669 3 pick 38 2
2669 4 pick 38 32
2670 2 move 16 29
2670 3 move 37 3
2670 4 move 37 31
2671 2 move 16 28
2671 3 pick 38 3
2671 4 move 37 30
2672 2 move 16 27
2672 3 move 37 4
2672 4 move 37 29
2673 2 move 16 26
2673 3 move 37 5
2673 4 move 37 28
2674 2 move 16 25
2674 3 pick 38 5
2674 4 move 37 27
2675 2 move 16 24
2675 3 pick 38 5
2675 4 move 37 26
2676 2 move 16 23
2676 3 pick 38 5
2676 4 move 37 25
2677 2 move 16 22
2677 3 pick 38 5
2677 4 move 37 24
2678 2 move 16 21
2678 3 pick 38 5
2678 4 move 37 23
2679 2 move 17 21
2679 3 pick 38 5
2679 4 move 37 22
2680 2 move 18 21
2680 3 move 37 6
2680 4 move 37 21
2681 2 move 19 21
2681 3 move 37 7
2681 4 move 38 21
2682 2 move 19 22
2682 3 move 37 8
2682 4 move 39 21
2683 2 move 19 23
2683 3 move 37 9
2683 4 move 40 21
2684 2 move 19 24
2684 3 move 37 10
2684 4 move 40 22
2685 2 move 19 25
2685 3 move 37 11
2685 4 move 40 23
2686 2 move 19 26
2686 3 move 37 12
2686 4 move 40 24
2687 2 move 19 27
2687 3 move 37 13
2687 4 move 40 25
2688 2 move 19 28
2688 3 move 37 14
2688 4 move 40 26
2689 2 move 19 29
2689 3 move 37 15
2689 4 move 40 27
2690 2 move 19 30
2690 3 move 37 16
2690 4 move 40 28
2691 2 move 19 31
2691 3 move 38 16
2691 4 move 40 29
2692 2 move 19 32
2692 3 move 39 16
2692 4 move 40 30
2693 2 pick 18 32
2693 3 move 40 16
2693 4 move 40 31
2694 2 pick 18 32
2694 3 move 40 15
2694 4 move 40 32
2695 2 pick 18 32
2695 3 move 40 14
2695 4 move 40 33
2696 2 move 19 33
2696 3 move 40 13
2696 4 move 40 34
2697 2 move 19 34
2697 3 move 40 12
2697 4 pick 39 34
2698 2 move 19 35
2698 3 move 40 11
2698 4 pick 39 34
2699 2 pick 18 35
2699 3 move 40 10
2699 4 move 40 35
2700 2 move 19 36
2700 3 move 40 9
2700 4 move 40 36
2701 2 move 19 37
2701 3 move 40 8
2701 4 move 40 37
2702 2 move 19 38
2702 3 move 40 7
2702 4 move 40 38
2703 2 move 19 39
2703 3 move 40 6
2703 4 move 40 39
2704 2 fulfill 19 39
2704 3 move 40 5
2704 4 fulfill 40 39
2705 2 move 19 38
2705 3 pick 39 5
2705 4 move 40 38
2706 2 move 19 37
2706 3 move 40 4
2706 4 move 40 37
2707 2 move 19 36
2707 3 pick 39 4
2707 4 move 40 36
2708 2 move 19 35
2708 3 move 40 3
2708 4 move 40 35
2709 2 pick 18 35
2709 3 move 40 2
2709 4 pick 39 35
2710 2 move 19 34
2710 3 move 40 1
2710 4 move 40 34
2711 2 pick 18 34
2711 3 move 40 0
2711 4 pick 39 34
2712 2 move 19 33
2712 3 fulfill 40 0
2712 4 move 40 33
2713 2 pick 18 33
2713 3 move 40 1
2713 4 pick 39 33
2714 2 pick 18 33
2714 3 move 40 2
2714 4 move 40 32
2715 2 move 19 32
2715 3 move 40 3
2715 4 move 40 31
2716 2 pick 18 32
2716 3 move 40 4
2716 4 move 40 30
2717 2 pick 18 32
2717 3 move 40 5
2717 4 move 40 29
2718 2 pick 18 32
2718 3 move 40 6
2718 4 move 40 28
2719 2 pick 18 32
2719 3 move 40 7
2719 4 move 40 27
2720 2 move 19 31
2720 3 move 40 8
2720 4 move 40 26
2721 2 move 19 30
2721 3 move 40 9
2721 4 move 40 25
2722 2 move 19 29
2722 3 move 40 10
2722 4 move 40 24
2723 2 move 19 28
2723 3 move 40 11
2723 4 move 40 23
2724 2 move 19 27
2724 3 move 40 12
2724 4 move 40 22
2725 2 move 19 26
2725 3 move 40 13
2725 4 move 40 21
2726 2 move 19 25
2726 3 move 40 14
2726 4 move 39 21
2727 2 move 19 24
2727 3 move 40 15
2727 4 move 38 21
2728 2 move 19 23
2728 3 move 40 16
2728 4 move 37 21
2729 2 move 19 22
2729 3 move 39 16
2729 4 move 37 22
2730 2 move 19 21
2730 3 move 38 16
2730 4 move 37 23
2731 2 move 18 21
2731 3 move 37 16
2731 4 move 37 24
2732 2 move 17 21
2732 3 move 37 15
2732 4 move 37 25
2733 2 move 16 21
2733 3 move 37 14
2733 4 move 37 26
2734 2 move 16 22
2734 3 move 37 13
2734 4 move 37 27
2735 2 move 16 23
2735 3 move 37 12
2735 4 move 37 28
2736 2 move 16 24
2736 3 move 37 11
2736 4 move 37 29
2737 2 move 16 25
2737 3 move 37 10
2737 4 move 37 30
2738 2 move 16 26
2738 3 move 37 9
2738 4 move 37 31
2739 2 move 16 27
2739 3 move 37 8
2739 4 move 37 32
2740 2 move 16 28
2740 3 move 37 7
2740 4 pick 38 32
2741 2 move 16 29
2741 3 move 37 6
2741 4 pick 38 32
2742 2 move 16 30
2742 3 move 37 5
2742 4 move 37 33
2743 2 move 16 31
2743 3 move 37 4
2743 4 move 37 34
2744 2 move 16 32
2744 3 move 37 3
2744 4 move 37 35
2745 2 pick 17 32
2745 3 move 37 2
2745 4 move 37 36
2746 2 pick 17 32
2746 3 pick 38 2
2746 4 move 37 37
2747 2 move 16 33
2747 3 move 37 3
2747 4 move 37 38
2748 2 pick 17 33
2748 3 pick 38 3
2748 4 move 37 39
2749 2 pick 17 33
2749 3 move 37 4
2749 4 fulfill 37 39
2750 2 move 16 34
2750 3 pick 38 4
2751 2 move 16 35
2751 3 pick 38 4
2752 2 pick 17 35
2752 3 pick 38 4
2753 2 pick 17 35
2753 3 move 37 5
2754 2 move 16 36
2754 3 pick 38 5
2755 2 move 16 37
2755 3 pick 38 5
2756 2 move 16 38
2756 3 pick 38 5
2757 2 move 16 39
2757 3 move 37 6
2758 2 fulfill 16 39
2758 3 move 37 7
2759 3 move 37 8
2760 3 move 37 9
2761 3 move 37 10
2762 3 move 37 11
2763 3 move 37 12
2764 3 move 37 13
2765 3 move 37 14
2766 3 move 37 15
2767 3 move 37 16
2768 3 move 38 16
2769 3 move 39 16
2770 3 move 40 16
2771 3 move 40 15
2772 3 move 40 14
2773 3 move 40 13
2774 3 move 40 12
2775 3 move 40 11
2776 3 move 40 10
2777 3 move 40 9
2778 3 move 40 8
2779 3 move 40 7
2780 3 move 40 6
2781 3 move 40 5
2782 3 pick 39 5
2783 3 pick 39 5
2784 3 move 40 4
2785 3 move 40 3
2786 3 move 40 2
2787 3 move 40 1
2788 3 move 40 0
2789 3 fulfill 40 0
