1 0 move 58 12
1 1 move 51 5
1 2 move 21 16
1 3 move 40 9
1 4 move 40 14
2 0 move 57 12
2 1 move 50 5
2 2 move 20 16
2 3 move 40 8
2 4 move 40 15
3 0 move 56 12
3 1 move 49 5
3 2 move 19 16
3 3 move 40 7
3 4 move 40 16
4 0 move 55 12
4 1 move 48 5
4 2 move 18 16
4 3 move 40 6
4 4 move 39 16
5 0 move 54 12
5 1 move 47 5
5 2 move 17 16
5 3 move 40 5
5 4 move 38 16
6 0 move 53 12
6 1 move 46 5
6 2 move 16 16
6 3 move 39 5
6 4 move 37 16
7 0 move 52 12
7 1 move 45 5
7 2 move 16 17
7 3 move 38 5
7 4 move 36 16
8 0 move 51 12
8 1 move 44 5
8 2 move 16 18
8 3 move 37 5
8 4 move 35 16
9 0 move 50 12
9 1 move 43 5
9 2 move 16 19
9 3 move 36 5
9 4 move 34 16
10 0 move 49 12
10 1 move 42 5
10 2 move 16 20
10 3 move 35 5
10 4 move 33 16
11 0 move 48 12
11 1 move 41 5
11 2 move 16 21
11 3 move 34 5
11 4 move 32 16
12 0 move 47 12
12 1 move 40 5
12 2 move 16 22
12 3 move 33 5
12 4 move 31 16
13 0 move 47 11
13 1 move 39 5
13 2 move 16 23
13 3 move 32 5
13 4 move 30 16
14 0 move 47 10
14 1 move 38 5
14 2 move 16 24
14 3 move 31 5
14 4 move 29 16
15 0 move 47 9
15 1 move 37 5
15 2 dock 17 24
15 3 move 30 5
15 4 move 28 16
16 0 move 47 8
16 1 move 36 5
16 2 move 15 24
16 3 move 29 5
16 4 move 27 16
17 0 move 47 7
17 1 move 35 5
17 2 move 15 25
17 3 move 28 5
17 4 move 26 16
18 0 move 47 6
18 1 move 34 5
18 2 move 15 26
18 3 move 27 5
18 4 move 25 16
19 0 move 47 5
19 1 move 33 5
19 2 move 15 27
19 3 move 26 5
19 4 move 24 16
20 0 move 46 5
20 1 move 32 5
20 2 move 15 28
20 3 move 25 5
20 4 move 23 16
21 0 move 45 5
21 1 move 31 5
21 2 move 15 29
21 3 move 24 5
21 4 move 23 17
22 0 move 44 5
22 1 move 30 5
22 2 move 15 30
22 3 move 23 5
22 4 move 23 18
23 0 move 44 6
23 1 move 29 5
23 2 move 15 31
23 3 move 22 5
23 4 move 23 19
24 0 move 44 7
24 1 move 28 5
24 2 move 15 32
24 3 move 21 5
24 4 move 23 20
25 0 dock 45 7
25 1 move 27 5
25 2 move 16 32
25 3 move 20 5
25 4 move 23 21
26 0 move 43 7
26 1 move 26 5
26 2 undock 17 32
26 3 move 19 5
26 4 move 23 22
27 0 move 42 7
27 1 move 25 5
27 2 move 16 33
27 3 move 19 6
27 4 move 23 23
28 0 move 41 7
28 1 move 24 5
28 2 move 17 33
28 3 move 19 7
28 4 move 23 24
29 0 move 40 7
29 1 move 23 5
29 2 move 18 33
29 3 move 19 8
29 4 move 23 25
30 0 move 40 6
30 1 move 22 5
30 2 move 18 32
30 3 move 19 9
30 4 move 23 26
31 0 move 40 5
31 1 move 21 5
31 2 move 19 32
31 3 move 19 10
31 4 move 23 27
32 0 move 39 5
32 1 move 20 5
32 2 move 19 31
32 3 move 19 11
32 4 move 23 28
33 0 move 38 5
33 1 move 19 5
33 2 move 19 30
33 3 move 19 12
33 4 dock 24 28
34 0 move 37 5
34 1 move 18 5
34 2 move 19 29
34 3 dock 18 12
34 4 move 22 28
35 0 undock 38 5
35 1 move 17 5
35 2 move 19 28
35 3 move 20 12
35 4 move 21 28
36 0 move 36 5
36 1 move 16 5
36 2 move 19 27
36 3 move 20 13
36 4 move 20 28
37 0 move 35 5
37 1 move 15 5
37 2 move 19 26
37 3 move 20 14
37 4 move 19 28
38 0 move 34 5
38 1 move 14 5
38 2 move 20 26
38 3 move 20 15
38 4 move 19 29
39 0 move 33 5
39 1 move 13 5
39 2 move 21 26
39 3 move 20 16
39 4 move 19 30
40 0 move 32 5
40 1 move 12 5
40 2 move 22 26
40 3 move 20 17
40 4 move 19 31
41 0 move 31 5
41 1 move 11 5
41 2 move 23 26
41 3 move 20 18
41 4 move 19 32
42 0 move 30 5
42 1 move 10 5
42 2 dock 24 26
42 3 move 20 19
42 4 move 18 32
43 0 move 30 6
43 1 move 9 5
43 2 move 22 26
43 3 move 20 20
43 4 move 18 33
44 0 move 30 7
44 1 move 9 6
44 2 move 21 26
44 3 move 20 21
44 4 move 17 33
45 0 move 30 8
45 1 move 9 7
45 2 move 20 26
45 3 move 20 22
45 4 move 16 33
46 0 dock 31 8
46 1 move 9 8
46 2 move 19 26
46 3 move 20 23
46 4 undock 17 33
47 0 move 29 8
47 1 move 9 9
47 2 move 19 27
47 3 move 20 24
47 4 move 15 33
48 0 move 29 7
48 1 move 9 10
48 2 move 19 28
48 3 move 20 25
48 4 move 14 33
49 0 move 29 6
49 1 move 9 11
49 2 move 19 29
49 3 move 20 26
49 4 move 14 32
50 0 move 29 5
50 1 move 9 12
50 2 move 19 30
50 3 move 20 27
50 4 move 14 31
51 0 move 29 4
51 1 move 9 13
51 2 move 19 31
51 3 move 20 28
51 4 move 14 30
52 0 move 30 4
52 1 move 9 14
52 2 move 19 32
52 3 move 20 29
52 4 move 14 29
53 0 move 31 4
53 1 move 9 15
53 2 move 18 32
53 3 move 20 30
53 4 move 14 28
54 0 move 32 4
54 1 move 9 16
54 2 move 18 33
54 3 move 20 31
54 4 move 14 27
55 0 move 33 4
55 1 move 9 17
55 2 move 18 34
55 3 move 20 32
55 4 move 14 26
56 0 move 34 4
56 1 move 9 18
56 2 move 17 34
56 3 move 19 32
56 4 move 14 25
57 0 move 35 4
57 1 move 9 19
57 2 move 16 34
57 3 undock 18 32
57 4 move 14 24
58 0 move 36 4
58 1 move 9 20
58 2 undock 17 34
58 3 move 20 32
58 4 move 14 23
59 0 move 37 4
59 1 move 9 21
59 2 move 15 34
59 3 move 21 32
59 4 move 14 22
60 0 undock 38 4
60 1 move 9 22
60 2 move 14 34
60 3 move 22 32
60 4 move 14 21
61 0 move 36 4
61 1 move 9 23
61 2 move 15 34
61 3 move 23 32
61 4 move 14 20
62 0 move 35 4
62 1 move 9 24
62 2 move 16 34
62 3 move 24 32
62 4 move 14 19
63 0 move 34 4
63 1 move 9 25
63 2 move 16 35
63 3 move 25 32
63 4 move 14 18
64 0 move 33 4
64 1 move 9 26
64 2 move 17 35
64 3 move 26 32
64 4 move 14 17
65 0 move 32 4
65 1 move 9 27
65 2 move 18 35
65 3 move 26 31
65 4 move 14 16
66 0 move 31 4
66 1 dock 10 27
66 2 move 18 34
66 3 move 26 30
66 4 move 15 16
67 0 move 30 4
67 1 move 8 27
67 2 move 18 33
67 3 move 26 29
67 4 move 16 16
68 0 move 29 4
68 1 move 8 28
68 2 move 19 33
68 3 move 26 28
68 4 move 17 16
69 0 move 28 4
69 1 move 8 29
69 2 move 20 33
69 3 move 26 27
69 4 move 18 16
70 0 move 27 4
70 1 move 8 30
70 2 move 21 33
70 3 dock 25 27
70 4 move 19 16
71 0 move 26 4
71 1 move 8 31
71 2 move 22 33
71 3 move 27 27
71 4 move 20 16
72 0 move 26 5
72 1 move 8 32
72 2 move 23 33
72 3 move 27 28
72 4 move 21 16
73 0 move 26 6
73 1 move 8 33
73 2 move 24 33
73 3 move 27 29
73 4 move 22 16
74 0 move 26 7
74 1 move 8 34
74 2 move 25 33
74 3 move 27 30
74 4 move 23 16
75 0 move 26 8
75 1 move 8 35
75 2 move 26 33
75 3 move 27 31
75 4 move 24 16
76 0 move 26 9
76 1 move 9 35
76 2 move 27 33
76 3 move 27 32
76 4 move 25 16
77 0 move 26 10
77 1 move 10 35
77 2 move 27 32
77 3 move 26 32
77 4 move 26 16
78 0 move 26 11
78 1 move 11 35
78 2 move 28 32
78 3 move 25 32
78 4 move 27 16
79 0 dock 25 11
79 1 move 12 35
79 2 move 29 32
79 3 move 24 32
79 4 move 28 16
80 0 move 27 11
80 1 move 13 35
80 2 move 30 32
80 3 move 23 32
80 4 move 29 16
81 0 move 27 10
81 1 move 14 35
81 2 move 31 32
81 3 move 22 32
81 4 move 30 16
82 0 move 27 9
82 1 move 15 35
82 2 move 32 32
82 3 move 21 32
82 4 move 31 16
83 0 move 27 8
83 1 move 16 35
83 2 move 33 32
83 3 move 20 32
83 4 move 32 16
84 0 move 27 7
84 1 undock 17 35
84 2 move 34 32
84 3 move 20 33
84 4 move 33 16
85 0 move 27 6
85 1 move 16 34
85 2 move 35 32
85 3 move 19 33
85 4 move 34 16
86 0 move 27 5
86 1 move 16 33
86 2 move 36 32
86 3 move 19 34
86 4 move 35 16
87 0 move 27 4
87 1 move 16 32
87 2 move 37 32
87 3 move 19 35
87 4 move 36 16
88 0 move 27 3
88 1 move 16 31
88 2 move 38 32
88 3 undock 18 35
88 4 move 37 16
89 0 move 27 2
89 1 move 16 30
89 2 move 39 32
89 3 move 19 36
89 4 move 38 16
90 0 move 28 2
90 1 move 16 29
90 2 move 40 32
90 3 move 18 36
90 4 move 39 16
91 0 move 29 2
91 1 move 16 28
91 2 move 40 31
91 3 move 17 36
91 4 move 40 16
92 0 move 30 2
92 1 move 16 27
92 2 move 40 30
92 3 move 16 36
92 4 move 40 15
93 0 move 31 2
93 1 move 16 26
93 2 move 40 29
93 3 move 15 36
93 4 move 40 14
94 0 move 32 2
94 1 move 16 25
94 2 move 41 29
94 3 move 14 36
94 4 move 40 13
95 0 move 33 2
95 1 move 16 24
95 2 move 42 29
95 3 move 14 35
95 4 move 41 13
96 0 move 34 2
96 1 move 16 23
96 2 move 43 29
96 3 move 15 35
96 4 move 42 13
97 0 move 35 2
97 1 move 16 22
97 2 move 44 29
97 3 move 16 35
97 4 move 43 13
98 0 move 36 2
98 1 move 16 21
98 2 dock 45 29
98 3 move 16 36
98 4 move 44 13
99 0 move 37 2
99 1 move 16 20
99 2 move 43 29
99 3 move 17 36
99 4 dock 45 13
100 0 move 38 2
100 1 move 16 19
100 2 move 42 29
100 3 move 18 36
100 4 move 43 13
101 0 move 39 2
101 1 move 16 18
101 2 move 41 29
101 3 move 19 36
101 4 move 42 13
102 0 undock 38 2
102 1 move 16 17
102 2 move 40 29
102 3 move 19 35
102 4 move 41 13
103 0 move 39 3
103 1 move 16 16
103 2 move 40 30
103 3 move 19 34
103 4 move 40 13
104 0 move 39 4
104 1 move 17 16
104 2 move 40 31
104 3 move 19 33
104 4 move 40 12
105 0 move 39 5
105 1 move 18 16
105 2 move 40 32
105 3 move 19 32
105 4 move 40 11
106 0 move 40 5
106 1 move 19 16
106 2 move 39 32
106 3 move 20 32
106 4 move 40 10
107 0 move 40 6
107 1 move 20 16
107 2 move 38 32
107 3 move 21 32
107 4 move 40 9
108 0 move 40 7
108 1 move 21 16
108 2 move 37 32
108 3 move 22 32
108 4 move 40 8
109 0 move 40 8
109 1 move 22 16
109 2 undock 38 32
109 3 move 23 32
109 4 move 40 7
110 0 move 40 9
110 1 move 23 16
110 2 move 37 31
110 3 move 24 32
110 4 move 40 6
111 0 move 40 10
111 1 move 24 16
111 2 move 37 30
111 3 move 25 32
111 4 move 40 5
112 0 move 40 11
112 1 move 25 16
112 2 move 37 29
112 3 move 26 32
112 4 move 39 5
113 0 move 40 12
113 1 move 26 16
113 2 move 37 28
113 3 move 26 31
113 4 move 39 4
114 0 move 40 13
114 1 move 27 16
114 2 move 37 27
114 3 move 26 30
114 4 move 39 3
115 0 move 40 14
115 1 move 28 16
115 2 move 37 26
115 3 move 26 29
115 4 move 38 3
116 0 move 40 15
116 1 move 29 16
116 2 move 37 25
116 3 move 27 29
116 4 move 37 3
117 0 move 40 16
117 1 move 30 16
117 2 move 37 24
117 3 move 28 29
117 4 undock 38 3
118 0 move 40 17
118 1 move 31 16
118 2 move 37 23
118 3 move 29 29
118 4 move 37 2
119 0 move 40 18
119 1 move 32 16
119 2 move 37 22
119 3 move 30 29
119 4 move 37 1
120 0 move 40 19
120 1 move 33 16
120 2 move 37 21
120 3 dock 31 29
120 4 move 38 1
121 0 move 40 20
121 1 move 34 16
121 2 move 38 21
121 3 move 29 29
121 4 move 39 1
122 0 move 40 21
122 1 move 35 16
122 2 move 39 21
122 3 move 29 30
122 4 move 39 2
123 0 move 40 22
123 1 move 36 16
123 2 move 40 21
123 3 move 29 31
123 4 move 39 3
124 0 move 40 23
124 1 move 37 16
124 2 move 40 22
124 3 move 29 32
124 4 move 39 4
125 0 move 40 24
125 1 move 38 16
125 2 dock 39 22
125 3 move 29 33
125 4 move 39 5
126 0 move 40 25
126 1 dock 38 15
126 2 move 41 22
126 3 move 29 34
126 4 move 40 5
127 0 move 40 26
127 1 move 38 17
127 2 move 41 23
127 3 move 29 35
127 4 move 40 6
128 0 move 41 26
128 1 move 38 18
128 2 move 41 24
128 3 move 30 35
128 4 move 40 7
129 0 move 42 26
129 1 move 38 19
129 2 move 41 25
129 3 move 31 35
129 4 move 40 8
130 0 move 43 26
130 1 move 38 20
130 2 move 41 26
130 3 move 32 35
130 4 move 40 9
131 0 move 44 26
131 1 move 38 21
131 2 move 41 27
131 3 move 33 35
131 4 move 40 10
132 0 dock 45 26
132 1 move 39 21
132 2 move 41 28
132 3 move 34 35
132 4 move 40 11
133 0 move 43 26
133 1 move 40 21
133 2 move 41 29
133 3 move 35 35
133 4 pick 39 11
134 0 move 42 26
134 1 move 40 22
134 2 move 41 30
134 3 move 36 35
134 4 pick 39 11
135 0 move 41 26
135 1 move 40 23
135 2 move 41 31
135 3 move 37 35
135 4 pick 39 11
136 0 move 40 26
136 1 move 40 24
136 2 move 41 32
136 3 undock 38 35
136 4 pick 39 11
137 0 move 40 27
137 1 move 40 25
137 2 move 40 32
137 3 move 36 35
137 4 pick 39 11
138 0 move 40 28
138 1 move 40 26
138 2 move 40 33
138 3 move 35 35
138 4 move 40 10
139 0 move 40 29
139 1 move 40 27
139 2 move 39 33
139 3 move 34 35
139 4 move 40 9
140 0 move 40 30
140 1 move 40 28
140 2 move 39 34
140 3 move 33 35
140 4 move 40 8
141 0 move 40 31
141 1 move 40 29
141 2 undock 38 34
141 3 move 33 34
141 4 move 40 7
142 0 move 40 32
142 1 move 40 30
142 2 move 39 33
142 3 move 33 33
142 4 move 40 6
143 0 move 39 32
143 1 move 40 31
143 2 move 38 33
143 3 move 33 32
143 4 move 40 5
144 0 move 39 33
144 1 move 40 32
144 2 move 37 33
144 3 move 33 31
144 4 move 40 4
145 0 move 38 33
145 1 move 40 33
145 2 move 36 33
145 3 move 33 30
145 4 move 40 3
146 0 move 37 33
146 1 move 39 33
146 2 move 35 33
146 3 move 33 29
146 4 move 40 2
147 0 undock 38 33
147 1 undock 39 32
147 2 move 35 34
147 3 dock 32 29
147 4 move 40 1
148 1 move 39 34
148 2 move 34 34
148 3 move 34 29
148 4 move 40 0
149 0 move 37 34
149 1 move 39 35
149 2 move 34 33
149 3 move 34 30
149 4 fulfill 40 0
150 0 move 37 35
150 1 move 39 36
150 2 move 34 32
150 3 move 34 31
150 4 move 40 1
151 0 move 37 36
151 1 move 38 36
151 2 move 34 31
151 3 move 34 32
151 4 move 40 2
152 0 move 38 36
152 1 move 37 36
152 2 move 33 31
152 3 move 34 33
152 4 move 40 3
153 0 move 39 36
153 1 move 37 35
153 2 move 33 30
153 3 move 34 34
153 4 move 40 4
154 0 move 39 35
154 1 pick 38 35
154 2 move 33 29
154 3 move 34 35
154 4 move 40 5
155 0 move 39 34
155 1 move 36 35
155 2 move 33 28
155 3 move 35 35
155 4 move 40 6
156 0 move 39 33
156 1 move 36 34
156 2 move 33 27
156 3 move 36 35
156 4 move 40 7
157 0 move 40 33
157 1 move 35 34
157 2 pick 32 27
157 3 move 37 35
157 4 move 40 8
158 0 move 40 32
158 1 move 34 34
158 2 pick 32 27
158 3 move 37 36
158 4 pick 39 8
159 0 move 40 31
159 1 move 33 34
159 2 pick 32 27
159 3 move 38 36
159 4 move 40 9
160 0 move 40 30
160 1 move 33 33
160 2 move 33 26
160 3 move 39 36
160 4 pick 39 9
161 0 move 40 29
161 1 move 33 32
161 2 move 33 25
161 3 move 40 36
161 4 pick 39 9
162 0 move 40 28
162 1 move 33 31
162 2 move 33 24
162 3 move 40 35
162 4 move 40 10
163 0 pick 39 28
163 1 pick 32 31
163 2 move 33 23
163 3 undock 39 35
163 4 move 40 11
164 0 pick 39 28
164 1 move 33 30
164 2 move 33 22
164 3 move 40 34
164 4 move 40 12
165 0 pick 39 28
165 1 move 33 29
165 2 pick 32 22
165 3 move 40 33
165 4 move 40 13
166 0 pick 39 28
166 1 move 33 28
166 2 move 33 21
166 3 move 40 32
166 4 move 40 14
167 0 move 40 27
167 1 move 33 27
167 2 move 32 21
167 3 move 40 31
167 4 move 40 15
168 0 move 40 26
168 1 pick 32 27
168 2 move 31 21
168 3 move 40 30
168 4 move 40 16
169 0 move 40 25
169 1 pick 32 27
169 2 move 30 21
169 3 move 40 29
169 4 move 39 16
170 0 move 40 24
170 1 pick 32 27
170 2 move 29 21
170 3 move 40 28
170 4 move 38 16
171 0 move 40 23
171 1 pick 32 27
171 2 move 28 21
171 3 pick 39 28
171 4 move 37 16
172 0 move 40 22
172 1 pick 32 27
172 2 move 27 21
172 3 pick 39 28
172 4 move 37 15
173 0 move 40 21
173 1 pick 32 27
173 2 move 26 21
173 3 pick 39 28
173 4 move 37 14
174 0 move 39 21
174 1 pick 32 27
174 2 move 26 22
174 3 pick 39 28
174 4 move 37 13
175 0 move 38 21
175 1 move 33 26
175 2 move 26 23
175 3 move 40 27
175 4 move 37 12
176 0 move 37 21
176 1 move 33 25
176 2 pick 25 23
176 3 move 40 26
176 4 move 37 11
177 0 move 37 22
177 1 move 33 24
177 2 move 26 22
177 3 pick 39 26
177 4 move 37 10
178 0 move 37 23
178 1 move 33 23
178 2 move 26 21
178 3 move 40 25
178 4 move 37 9
179 0 move 37 24
179 1 move 33 22
179 2 move 26 20
179 3 move 40 24
179 4 pick 38 9
180 0 move 37 25
180 1 pick 32 22
180 2 move 26 19
180 3 move 40 23
180 4 move 37 8
181 0 pick 38 25
181 1 move 33 23
181 2 move 26 18
181 3 move 40 22
181 4 pick 38 8
182 0 move 36 25
182 1 move 33 24
182 2 move 26 17
182 3 move 40 21
182 4 move 37 7
183 0 move 35 25
183 1 move 33 25
183 2 move 26 16
183 3 move 39 21
183 4 move 37 6
184 0 move 34 25
184 1 move 33 26
184 2 move 26 15
184 3 move 38 21
184 4 move 37 5
185 0 move 33 25
185 1 move 33 27
185 2 move 26 14
185 3 move 37 21
185 4 move 37 4
186 0 move 33 24
186 1 move 33 28
186 2 move 26 13
186 3 move 37 22
186 4 move 37 3
187 0 move 33 23
187 1 move 33 29
187 2 pick 25 13
187 3 move 37 23
187 4 move 37 2
188 0 move 33 22
188 1 move 33 30
188 2 move 26 12
188 3 move 37 24
188 4 move 37 1
189 0 move 33 21
189 1 move 33 31
189 2 move 26 11
189 3 move 37 25
189 4 move 37 0
190 0 move 32 21
190 1 move 33 32
190 2 move 26 10
190 3 move 37 26
190 4 fulfill 37 0
191 0 move 31 21
191 1 move 33 33
191 2 move 26 9
191 3 move 37 27
191 4 move 37 1
192 0 move 30 21
192 1 move 33 34
192 2 move 26 8
192 3 move 37 28
192 4 move 38 1
193 0 move 29 21
193 1 move 33 35
193 2 move 26 7
193 3 move 37 29
193 4 move 39 1
194 0 move 28 21
194 1 move 33 36
194 2 move 26 6
194 3 move 37 30
194 4 move 39 2
195 0 move 27 21
195 1 move 33 37
195 2 move 26 5
195 3 move 37 31
195 4 move 39 3
196 0 move 26 21
196 1 move 33 38
196 2 move 26 4
196 3 pick 38 31
196 4 move 39 4
197 0 move 26 22
197 1 move 33 39
197 2 move 26 3
197 3 move 37 32
197 4 move 39 5
198 0 move 26 23
198 1 fulfill 33 39
198 2 move 26 2
198 3 move 37 33
198 4 move 40 5
199 0 pick 25 23
199 1 move 33 38
199 2 move 26 1
199 3 move 37 34
199 4 move 40 6
200 0 move 26 24
200 1 move 33 37
200 2 move 26 0
200 3 move 37 35
200 4 move 40 7
201 0 move 26 25
201 1 move 33 36
201 2 fulfill 26 0
201 3 move 37 36
201 4 move 40 8
202 0 move 26 26
202 1 move 33 35
202 2 move 26 1
202 3 move 37 37
202 4 pick 39 8
203 0 move 26 27
203 1 move 33 34
203 2 move 26 2
203 3 move 37 38
203 4 pick 39 8
204 0 move 26 28
204 1 move 33 33
204 2 move 26 3
204 3 move 37 39
204 4 move 40 9
205 0 move 26 29
205 1 move 33 32
205 2 move 26 4
205 3 fulfill 37 39
205 4 move 40 10
206 0 move 26 30
206 1 move 33 31
206 2 move 26 5
206 3 move 37 38
206 4 move 40 11
207 0 move 26 31
207 1 move 33 30
207 2 move 26 6
207 3 move 37 37
207 4 pick 39 11
208 0 move 26 32
208 1 move 33 29
208 2 move 26 7
208 3 move 37 36
208 4 pick 39 11
209 0 move 26 33
209 1 move 33 28
209 2 move 26 8
209 3 move 38 36
209 4 pick 39 11
210 0 move 26 34
210 1 move 33 27
210 2 pick 25 8
210 3 move 39 36
210 4 move 40 10
211 0 move 26 35
211 1 pick 32 27
211 2 pick 25 8
211 3 move 40 36
211 4 move 40 9
212 0 move 26 36
212 1 pick 32 27
212 2 pick 25 8
212 3 move 40 35
212 4 move 40 8
213 0 move 26 37
213 1 pick 32 27
213 2 pick 25 8
213 3 move 40 34
213 4 move 40 7
214 0 move 26 38
214 1 pick 32 27
214 2 move 26 9
214 3 move 40 33
214 4 move 40 6
215 0 move 26 39
215 1 pick 32 27
215 2 move 27 9
215 3 move 40 32
215 4 move 40 5
216 0 fulfill 26 39
216 1 pick 32 27
216 2 move 28 9
216 3 move 40 31
216 4 move 40 4
217 0 move 26 38
217 1 move 33 26
217 2 move 29 9
217 3 move 40 30
217 4 move 40 3
218 0 move 26 37
218 1 move 33 25
218 2 move 30 9
218 3 move 40 29
218 4 move 40 2
219 0 move 26 36
219 1 move 33 24
219 2 pick 31 9
219 3 pick 39 29
219 4 move 40 1
220 0 move 26 35
220 1 move 33 23
220 2 move 30 8
220 3 pick 39 29
220 4 move 40 0
221 0 move 26 34
221 1 move 33 22
221 2 move 30 7
221 3 pick 39 29
221 4 fulfill 40 0
222 0 move 26 33
222 1 pick 32 22
222 2 move 30 6
222 3 pick 39 29
222 4 move 40 1
223 0 move 26 32
223 1 move 33 23
223 2 move 30 5
223 3 move 40 28
223 4 move 40 2
224 0 move 26 31
224 1 move 33 24
224 2 move 30 4
224 3 pick 39 28
224 4 move 40 3
225 0 pick 25 31
225 1 move 33 25
225 2 move 30 3
225 3 move 40 29
225 4 move 40 4
226 0 pick 25 31
226 1 move 33 26
226 2 move 30 2
226 3 move 40 30
226 4 move 40 5
227 0 pick 25 31
227 1 move 33 27
227 2 move 30 1
227 3 move 40 31
227 4 move 40 6
228 0 pick 25 31
228 1 move 33 28
228 2 move 30 0
228 3 move 40 32
228 4 move 40 7
229 0 move 26 32
229 1 move 33 29
229 2 fulfill 30 0
229 3 move 40 33
229 4 move 40 8
230 0 move 25 32
230 1 move 33 30
230 2 move 30 1
230 3 move 40 34
230 4 pick 39 8
231 0 move 24 32
231 1 move 33 31
231 2 move 30 2
231 3 move 40 35
231 4 pick 39 8
232 0 move 23 32
232 1 move 33 32
232 2 move 30 3
232 3 move 40 36
232 4 move 40 9
233 0 move 23 31
233 1 move 33 33
233 2 move 30 4
233 3 move 40 37
233 4 move 40 10
234 0 move 23 30
234 1 move 33 34
234 2 move 30 5
234 3 move 40 38
234 4 pick 39 10
235 0 move 23 29
235 1 move 33 35
235 2 move 30 6
235 3 move 40 39
235 4 move 40 11
236 0 pick 24 29
236 1 move 33 36
236 2 pick 31 6
236 3 fulfill 40 39
236 4 pick 39 11
237 0 move 22 29
237 1 move 33 37
237 2 move 30 7
237 3 move 40 38
237 4 pick 39 11
238 0 move 21 29
238 1 move 33 38
238 2 move 30 8
238 3 move 40 37
238 4 pick 39 11
239 0 move 20 29
239 1 move 33 39
239 2 move 30 9
239 3 move 40 36
239 4 move 40 12
240 0 move 19 29
240 1 fulfill 33 39
240 2 pick 31 9
240 3 move 40 35
240 4 move 40 13
241 0 move 19 28
241 1 move 33 38
241 2 move 29 9
241 3 move 40 34
241 4 move 40 14
242 0 move 19 27
242 1 move 33 37
242 2 move 28 9
242 3 move 40 33
242 4 move 40 15
243 0 pick 18 27
243 1 move 33 36
243 2 move 27 9
243 3 move 40 32
243 4 move 40 16
244 0 pick 18 27
244 1 move 33 35
244 2 move 26 9
244 3 move 40 31
244 4 move 39 16
245 0 move 19 28
245 1 move 33 34
245 2 move 26 8
245 3 move 40 30
245 4 move 38 16
246 0 move 19 29
246 1 move 33 33
246 2 pick 25 8
246 3 pick 39 30
246 4 move 37 16
247 0 move 19 30
247 1 move 33 32
247 2 pick 25 8
247 3 move 40 31
247 4 move 37 15
248 0 move 19 31
248 1 move 33 31
248 2 pick 25 8
248 3 move 40 32
248 4 move 37 14
249 0 move 19 32
249 1 pick 32 31
249 2 pick 25 8
249 3 move 40 33
249 4 move 37 13
250 0 move 19 33
250 1 move 33 30
250 2 move 26 7
250 3 move 40 34
250 4 move 37 12
251 0 move 19 34
251 1 pick 32 30
251 2 move 26 6
251 3 move 40 35
251 4 move 37 11
252 0 move 19 35
252 1 move 33 29
252 2 move 26 5
252 3 move 40 36
252 4 move 37 10
253 0 move 19 36
253 1 move 33 28
253 2 move 26 4
253 3 move 39 36
253 4 move 37 9
254 0 move 19 37
254 1 move 33 27
254 2 move 26 3
254 3 move 38 36
254 4 move 37 8
255 0 move 19 38
255 1 pick 32 27
255 2 move 26 2
255 3 move 37 36
255 4 move 37 7
256 0 move 19 39
256 1 pick 32 27
256 2 move 26 1
256 3 move 37 35
256 4 pick 38 7
257 0 fulfill 19 39
257 1 pick 32 27
257 2 move 26 0
257 3 move 37 34
257 4 move 37 6
258 0 move 19 38
258 1 pick 32 27
258 2 fulfill 26 0
258 3 move 37 33
258 4 move 37 5
259 0 move 19 37
259 1 pick 32 27
259 2 move 26 1
259 3 move 37 32
259 4 move 37 4
260 0 move 19 36
260 1 move 33 26
260 2 move 26 2
260 3 move 37 31
260 4 move 37 3
261 0 move 19 35
261 1 move 33 25
261 2 move 26 3
261 3 move 37 30
261 4 move 37 2
262 0 move 19 34
262 1 move 33 24
262 2 move 26 4
262 3 move 37 29
262 4 move 37 1
263 0 move 19 33
263 1 move 33 23
263 2 move 26 5
263 3 move 37 28
263 4 move 37 0
264 0 move 19 32
264 1 move 33 22
264 2 move 26 6
264 3 pick 38 28
264 4 fulfill 37 0
265 0 move 19 31
265 1 pick 32 22
265 2 move 26 7
265 3 pick 38 28
265 4 move 37 1
266 0 pick 18 31
266 1 pick 32 22
266 2 move 26 8
266 3 move 37 27
266 4 move 37 2
267 0 move 19 30
267 1 move 33 23
267 2 pick 25 8
267 3 move 37 26
267 4 move 37 3
268 0 move 19 29
268 1 move 33 24
268 2 pick 25 8
268 3 move 37 25
268 4 move 37 4
269 0 move 19 28
269 1 move 33 25
269 2 move 26 9
269 3 pick 38 25
269 4 move 37 5
270 0 move 19 27
270 1 move 33 26
270 2 move 26 10
270 3 pick 38 25
270 4 move 37 6
271 0 pick 18 27
271 1 move 33 27
271 2 move 26 11
271 3 move 37 26
271 4 move 37 7
272 0 pick 18 27
272 1 move 33 28
272 2 move 26 12
272 3 move 37 27
272 4 move 37 8
273 0 move 19 26
273 1 move 33 29
273 2 move 26 13
273 3 move 37 28
273 4 move 37 9
274 0 move 19 25
274 1 move 33 30
274 2 pick 25 13
274 3 move 37 29
274 4 move 37 10
275 0 move 19 24
275 1 move 33 31
275 2 move 26 14
275 3 move 37 30
275 4 move 37 11
276 0 move 19 23
276 1 move 33 32
276 2 move 27 14
276 3 move 37 31
276 4 pick 38 11
277 0 move 19 22
277 1 move 33 33
277 2 move 28 14
277 3 move 37 32
277 4 move 37 12
278 0 move 19 21
278 1 move 33 34
278 2 move 29 14
278 3 move 37 33
278 4 move 37 13
279 0 move 18 21
279 1 move 33 35
279 2 move 30 14
279 3 move 37 34
279 4 move 37 14
280 0 move 17 21
280 1 move 33 36
280 2 pick 31 14
280 3 move 37 35
280 4 move 37 15
281 0 move 16 21
281 1 move 33 37
281 2 pick 31 14
281 3 move 37 36
281 4 move 37 16
282 0 move 16 22
282 1 move 33 38
282 2 pick 31 14
282 3 move 37 37
282 4 move 38 16
283 0 move 16 23
283 1 move 33 39
283 2 move 29 14
283 3 move 37 38
283 4 move 39 16
284 0 move 16 24
284 1 fulfill 33 39
284 2 move 28 14
284 3 move 37 39
284 4 move 40 16
285 0 move 16 25
285 1 move 33 38
285 2 move 27 14
285 3 fulfill 37 39
285 4 move 40 15
286 0 move 16 26
286 1 move 33 37
286 2 move 26 14
286 3 move 36 39
286 4 move 40 14
287 0 move 16 27
287 1 move 33 36
287 2 move 26 15
287 3 move 35 39
287 4 move 40 13
288 0 pick 17 27
288 1 move 33 35
288 2 move 26 16
288 3 move 34 39
288 4 move 40 12
289 0 pick 17 27
289 1 move 33 34
289 2 move 25 16
289 3 move 33 39
289 4 move 40 11
290 0 pick 17 27
290 1 move 34 34
290 2 move 24 16
290 3 move 33 38
290 4 pick 39 11
291 0 pick 17 27
291 1 move 35 34
291 2 move 23 16
291 3 move 33 37
291 4 pick 39 11
292 0 pick 17 27
292 1 move 36 34
292 2 move 22 16
292 3 move 33 36
292 4 pick 39 11
293 0 pick 17 27
293 1 move 37 34
293 2 move 21 16
293 3 move 33 35
293 4 pick 39 11
294 0 move 16 28
294 1 pick 38 34
294 2 move 20 16
294 3 move 33 34
294 4 pick 39 11
295 0 move 16 29
295 1 move 37 35
295 2 move 19 16
295 3 move 33 33
295 4 move 40 10
296 0 move 16 30
296 1 move 37 36
296 2 move 19 15
296 3 move 33 32
296 4 move 40 9
297 0 move 16 31
297 1 move 38 36
297 2 pick 18 15
297 3 move 33 31
297 4 move 40 8
298 0 move 16 32
298 1 move 39 36
298 2 move 19 14
298 3 pick 32 31
298 4 pick 39 8
299 0 move 16 33
299 1 move 40 36
299 2 move 19 13
299 3 move 33 30
299 4 move 40 7
300 0 move 16 34
300 1 move 40 35
300 2 move 19 12
300 3 move 33 29
300 4 move 40 6
301 0 move 16 35
301 1 move 40 34
301 2 move 19 11
301 3 move 33 28
301 4 move 40 5
302 0 move 16 36
302 1 move 40 33
302 2 move 19 10
302 3 move 33 27
302 4 move 40 4
303 0 move 16 37
303 1 move 40 32
303 2 move 19 9
303 3 pick 32 27
303 4 move 40 3
304 0 move 16 38
304 1 move 40 31
304 2 move 19 8
304 3 pick 32 27
304 4 move 40 2
305 0 move 16 39
305 1 move 40 30
305 2 move 19 7
305 3 pick 32 27
305 4 move 40 1
306 0 fulfill 16 39
306 1 move 40 29
306 2 move 19 6
306 3 pick 32 27
306 4 move 40 0
307 0 move 16 38
307 1 pick 39 29
307 2 move 19 5
307 3 pick 32 27
307 4 fulfill 40 0
308 0 move 16 37
308 1 move 40 28
308 2 move 19 4
308 3 move 33 26
308 4 move 39 0
309 0 move 16 36
309 1 pick 39 28
309 2 move 19 3
309 3 move 33 25
309 4 move 39 1
310 0 move 17 36
310 1 pick 39 28
310 2 move 19 2
310 3 move 33 24
310 4 move 39 2
311 0 move 18 36
311 1 pick 39 28
311 2 move 19 1
311 3 move 33 23
311 4 move 39 3
312 0 pick 18 35
312 1 move 41 28
312 2 move 19 0
312 3 move 33 22
312 4 move 39 4
313 0 move 19 36
313 1 move 42 28
313 2 fulfill 19 0
313 3 pick 32 22
313 4 move 39 5
314 0 move 19 35
314 1 move 43 28
314 2 move 19 1
314 3 move 33 23
314 4 pick 38 5
315 0 move 19 34
315 1 move 44 28
315 2 move 19 2
315 3 move 33 24
315 4 pick 38 5
316 0 move 18 34
316 1 move 44 29
316 2 move 19 3
316 3 move 33 25
316 4 move 40 5
317 0 move 18 33
317 1 move 44 30
317 2 move 19 4
317 3 move 33 26
317 4 move 40 6
318 0 pick 17 33
318 1 move 44 31
318 2 move 19 5
318 3 move 33 27
318 4 move 40 7
319 0 move 19 33
319 1 move 44 32
319 2 move 19 6
319 3 move 33 28
319 4 move 40 8
320 0 move 19 32
320 1 move 45 32
320 2 move 19 7
320 3 move 33 29
320 4 pick 39 8
321 0 move 19 31
321 1 move 46 32
321 2 move 19 8
321 3 move 33 30
321 4 pick 39 8
322 0 move 19 30
322 1 move 47 32
322 2 move 19 9
322 3 move 33 31
322 4 move 40 9
323 0 move 19 29
323 1 move 47 31
323 2 move 19 10
323 3 move 33 32
323 4 pick 39 9
324 0 move 19 28
324 1 move 47 30
324 2 pick 18 10
324 3 move 33 33
324 4 move 40 10
325 0 move 19 27
325 1 move 47 29
325 2 move 19 9
325 3 move 33 34
325 4 move 40 11
326 0 pick 18 27
326 1 move 47 28
326 2 move 19 8
326 3 move 33 35
326 4 pick 39 11
327 0 pick 18 27
327 1 pick 46 28
327 2 move 19 7
327 3 move 33 36
327 4 pick 39 11
328 0 pick 18 27
328 1 move 47 29
328 2 move 19 6
328 3 move 33 37
328 4 pick 39 11
329 0 pick 18 27
329 1 move 47 30
329 2 move 19 5
329 3 move 33 38
329 4 move 40 10
330 0 pick 18 27
330 1 move 47 31
330 2 move 18 5
330 3 move 33 39
330 4 move 40 9
331 0 move 19 26
331 1 move 47 32
331 2 move 17 5
331 3 fulfill 33 39
331 4 move 40 8
332 0 move 19 25
332 1 move 47 33
332 2 move 16 5
332 3 move 33 38
332 4 move 40 7
333 0 move 19 24
333 1 move 47 34
333 2 move 16 6
333 3 move 33 37
333 4 move 40 6
334 0 move 19 23
334 1 move 47 35
334 2 move 16 7
334 3 move 33 36
334 4 move 40 5
335 0 move 19 22
335 1 move 47 36
335 2 move 16 8
335 3 move 33 35
335 4 move 40 4
336 0 move 19 21
336 1 move 47 37
336 2 move 16 9
336 3 move 33 34
336 4 move 40 3
337 0 move 18 21
337 1 move 47 38
337 2 move 16 10
337 3 move 33 33
337 4 move 40 2
338 0 move 17 21
338 1 move 47 39
338 2 move 16 11
338 3 move 33 32
338 4 move 40 1
339 0 move 16 21
339 1 fulfill 47 39
339 2 pick 17 11
339 3 move 33 31
339 4 move 40 0
340 0 move 16 22
340 1 move 46 39
340 2 move 16 12
340 3 move 33 30
340 4 fulfill 40 0
341 0 move 16 23
341 1 move 45 39
341 2 move 16 13
341 3 move 33 29
341 4 move 39 0
342 0 move 16 24
342 1 move 45 38
342 2 pick 17 13
342 3 move 33 28
342 4 move 39 1
343 0 move 16 25
343 1 move 45 37
343 2 pick 17 13
343 3 move 33 27
343 4 move 39 2
344 0 move 16 26
344 1 move 45 36
344 2 move 16 14
344 3 pick 32 27
344 4 move 39 3
345 0 move 16 27
345 1 move 45 35
345 2 move 16 15
345 3 pick 32 27
345 4 move 39 4
346 0 pick 17 27
346 1 move 45 34
346 2 move 16 16
346 3 pick 32 27
346 4 move 39 5
347 0 move 16 28
347 1 move 45 33
347 2 move 17 16
347 3 pick 32 27
347 4 pick 38 5
348 0 move 16 29
348 1 move 45 32
348 2 move 18 16
348 3 move 33 28
348 4 move 40 5
349 0 move 16 30
349 1 pick 45 31
349 2 move 19 16
349 3 move 33 29
349 4 move 40 6
350 0 move 16 31
350 1 move 44 32
350 2 move 19 15
350 3 move 33 30
350 4 move 40 7
351 0 move 16 32
351 1 move 44 31
351 2 move 19 14
351 3 move 33 31
351 4 pick 39 7
352 0 move 16 33
352 1 move 44 30
352 2 move 19 13
352 3 move 33 32
352 4 move 40 8
353 0 move 16 34
353 1 move 44 29
353 2 move 19 12
353 3 move 32 32
353 4 pick 39 8
354 0 move 16 35
354 1 move 44 28
354 2 move 20 12
354 3 move 31 32
354 4 pick 39 8
355 0 move 16 36
355 1 move 44 27
355 2 move 21 12
355 3 move 30 32
355 4 move 40 9
356 0 move 16 37
356 1 move 44 26
356 2 move 22 12
356 3 move 30 31
356 4 move 40 10
357 0 move 16 38
357 1 move 44 25
357 2 move 23 12
357 3 move 30 30
357 4 move 40 11
358 0 move 16 39
358 1 pick 45 25
358 2 pick 24 12
358 3 move 30 29
358 4 pick 39 11
359 0 fulfill 16 39
359 1 move 43 25
359 2 pick 24 12
359 3 move 30 28
359 4 pick 39 11
360 0 move 16 38
360 1 move 42 25
360 2 pick 24 12
360 3 move 30 27
360 4 pick 39 11
361 0 move 16 37
361 1 move 41 25
361 2 move 23 11
361 3 pick 31 27
361 4 pick 39 11
362 0 move 16 36
362 1 move 40 25
362 2 move 23 10
362 3 move 29 27
362 4 move 40 10
363 0 move 16 35
363 1 move 40 24
363 2 move 23 9
363 3 move 28 27
363 4 move 40 9
364 0 move 16 34
364 1 move 40 23
364 2 move 23 8
364 3 move 27 27
364 4 move 40 8
365 0 move 16 33
365 1 move 40 22
365 2 move 23 7
365 3 move 26 27
365 4 move 40 7
366 0 move 16 32
366 1 move 40 21
366 2 move 23 6
366 3 move 26 26
366 4 move 40 6
367 0 move 16 31
367 1 move 39 21
367 2 move 23 5
367 3 move 26 25
367 4 move 40 5
368 0 move 16 30
368 1 move 38 21
368 2 move 23 4
368 3 pick 25 25
368 4 move 40 4
369 0 move 16 29
369 1 move 37 21
369 2 move 23 3
369 3 pick 25 25
369 4 move 40 3
370 0 pick 17 29
370 1 move 37 22
370 2 move 23 2
370 3 pick 25 25
370 4 move 40 2
371 0 pick 17 29
371 1 move 37 23
371 2 move 23 1
371 3 pick 25 25
371 4 move 40 1
372 0 move 16 28
372 1 move 37 24
372 2 move 23 0
372 3 move 26 26
372 4 move 40 0
373 0 pick 17 28
373 1 move 37 25
373 2 fulfill 23 0
373 3 move 26 27
373 4 fulfill 40 0
374 0 pick 17 28
374 1 pick 38 25
374 2 move 23 1
374 3 move 26 28
374 4 move 40 1
375 0 pick 17 28
375 1 move 36 25
375 2 move 23 2
375 3 move 26 29
375 4 move 40 2
376 0 pick 17 28
376 1 move 35 25
376 2 move 23 3
376 3 move 26 30
376 4 move 40 3
377 0 move 16 29
377 1 move 34 25
377 2 move 23 4
377 3 move 26 31
377 4 move 40 4
378 0 move 16 30
378 1 move 33 25
378 2 move 23 5
378 3 move 26 32
378 4 move 40 5
379 0 move 16 31
379 1 move 33 26
379 2 move 23 6
379 3 move 25 32
379 4 move 40 6
380 0 move 16 32
380 1 move 33 27
380 2 move 23 7
380 3 move 24 32
380 4 move 40 7
381 0 move 16 33
381 1 pick 32 27
381 2 pick 24 7
381 3 move 23 32
381 4 move 40 8
382 0 move 16 34
382 1 pick 32 27
382 2 move 23 6
382 3 move 22 32
382 4 move 40 9
383 0 move 16 35
383 1 move 33 26
383 2 move 23 5
383 3 move 21 32
383 4 move 40 10
384 0 move 16 36
384 1 move 33 25
384 2 move 24 5
384 3 move 20 32
384 4 move 40 11
385 0 move 16 37
385 1 move 33 24
385 2 move 25 5
385 3 move 19 32
385 4 pick 39 11
386 0 move 16 38
386 1 move 33 23
386 2 move 26 5
386 3 move 19 31
386 4 pick 39 11
387 0 move 16 39
387 1 move 33 22
387 2 move 26 6
387 3 pick 18 31
387 4 pick 39 11
388 0 fulfill 16 39
388 1 pick 32 22
388 2 move 26 7
388 3 move 19 32
388 4 pick 39 11
389 0 move 16 38
389 1 move 33 23
389 2 move 26 8
389 3 move 19 33
389 4 pick 39 11
390 0 move 16 37
390 1 move 33 24
390 2 pick 25 8
390 3 move 19 34
390 4 pick 39 11
391 0 move 16 36
391 1 move 33 25
391 2 pick 25 8
391 3 move 19 35
391 4 pick 39 11
392 0 move 16 35
392 1 move 33 26
392 2 pick 25 8
392 3 move 19 36
392 4 pick 39 11
393 0 move 16 34
393 1 move 33 27
393 2 move 26 9
393 3 move 19 37
393 4 pick 39 11
394 0 move 16 33
394 1 move 33 28
394 2 move 26 10
394 3 move 19 38
394 4 move 40 12
395 0 move 16 32
395 1 move 33 29
395 2 move 26 11
395 3 move 19 39
395 4 move 40 13
396 0 move 16 31
396 1 move 33 30
396 2 move 26 12
396 3 fulfill 19 39
396 4 move 40 14
397 0 move 16 30
397 1 move 33 31
397 2 pick 25 12
397 3 move 19 38
397 4 move 40 15
398 0 pick 17 30
398 1 move 33 32
398 2 move 26 11
398 3 move 19 37
398 4 move 40 16
399 0 move 16 29
399 1 move 33 33
399 2 move 26 10
399 3 move 19 36
399 4 move 39 16
400 0 move 16 28
400 1 move 33 34
400 2 move 26 9
400 3 move 19 35
400 4 move 38 16
401 0 pick 17 28
401 1 move 33 35
401 2 move 26 8
401 3 move 19 34
401 4 move 37 16
402 0 move 16 27
402 1 move 33 36
402 2 move 26 7
402 3 move 19 33
402 4 move 37 15
403 0 move 16 26
403 1 move 33 37
403 2 move 26 6
403 3 move 19 32
403 4 move 37 14
404 0 move 16 25
404 1 move 33 38
404 2 move 26 5
404 3 move 19 31
404 4 move 37 13
405 0 move 16 24
405 1 move 33 39
405 2 move 26 4
405 3 move 19 30
405 4 move 37 12
406 0 move 16 23
406 1 fulfill 33 39
406 2 move 26 3
406 3 move 19 29
406 4 move 37 11
407 0 move 16 22
407 1 move 33 38
407 2 move 26 2
407 3 move 19 28
407 4 move 37 10
408 0 move 16 21
408 1 move 33 37
408 2 move 26 1
408 3 move 19 27
408 4 move 37 9
409 0 move 17 21
409 1 move 33 36
409 2 move 26 0
409 3 pick 18 27
409 4 pick 38 9
410 0 move 18 21
410 1 move 33 35
410 2 fulfill 26 0
410 3 pick 18 27
410 4 move 37 8
411 0 move 19 21
411 1 move 34 35
411 2 move 26 1
411 3 move 19 26
411 4 move 37 7
412 0 move 19 22
412 1 move 35 35
412 2 move 26 2
412 3 pick 18 26
412 4 move 37 6
413 0 move 19 23
413 1 move 36 35
413 2 move 26 3
413 3 pick 18 26
413 4 move 37 5
414 0 move 19 24
414 1 move 37 35
414 2 move 26 4
414 3 pick 18 26
414 4 move 37 4
415 1 pick 38 35
415 2 move 26 5
415 3 move 19 25
415 4 move 37 3
416 0 move 19 25
416 1 move 37 36
416 2 move 26 6
416 3 move 19 24
416 4 move 37 2
417 0 move 19 26
417 1 move 38 36
417 2 move 26 7
417 3 move 19 23
417 4 move 37 1
418 0 move 19 27
418 1 move 39 36
418 2 move 26 8
418 3 move 19 22
418 4 move 37 0
419 0 pick 18 27
419 1 move 40 36
419 2 pick 25 8
419 3 move 19 21
419 4 fulfill 37 0
420 0 pick 18 27
420 1 move 40 35
420 2 pick 25 8
420 3 move 18 21
420 4 move 37 1
421 0 pick 18 27
421 1 move 40 34
421 2 pick 25 8
421 3 move 17 21
421 4 move 37 2
422 0 pick 18 27
422 1 move 40 33
422 2 pick 25 8
422 3 move 16 21
422 4 move 37 3
423 0 move 19 26
423 1 move 40 32
423 2 pick 25 8
423 3 move 16 22
423 4 move 37 4
424 0 pick 18 26
424 1 move 40 31
424 2 move 26 9
424 3 move 16 23
424 4 move 37 5
425 0 move 19 27
425 1 move 40 30
425 2 pick 25 9
425 3 move 16 24
425 4 pick 38 5
426 0 move 19 28
426 1 move 40 29
426 2 move 26 10
426 3 move 16 25
426 4 pick 38 5
427 0 move 19 29
427 1 pick 39 29
427 2 move 26 11
427 3 move 16 26
427 4 move 37 4
428 0 move 19 30
428 1 move 40 28
428 2 move 26 12
428 3 move 16 27
428 4 move 37 3
429 0 move 19 31
429 1 pick 39 28
429 2 move 26 13
429 3 pick 17 27
429 4 move 37 2
430 0 move 19 32
430 1 pick 39 28
430 2 pick 25 13
430 3 pick 17 27
430 4 move 37 1
431 0 move 19 33
431 1 move 40 27
431 2 move 26 14
431 3 move 16 26
431 4 move 38 1
432 0 move 19 34
432 1 move 40 26
432 2 move 26 15
432 3 move 16 25
432 4 move 39 1
433 0 move 19 35
433 1 move 40 25
433 2 move 27 15
433 3 move 16 24
433 4 move 39 2
434 0 move 19 36
434 1 move 40 24
434 2 move 28 15
434 3 move 16 23
434 4 move 39 3
435 0 move 19 37
435 1 move 40 23
435 2 move 29 15
435 3 move 16 22
435 4 move 39 4
436 0 move 19 38
436 1 move 40 22
436 2 move 30 15
436 3 pick 17 22
436 4 move 39 5
437 0 move 19 39
437 1 move 40 21
437 2 pick 31 15
437 3 move 15 22
437 4 move 40 5
438 0 fulfill 19 39
438 1 move 39 21
438 2 move 30 14
438 3 move 14 22
438 4 move 40 6
439 0 move 19 38
439 1 move 38 21
439 2 move 30 13
439 3 move 13 22
439 4 move 40 7
440 0 move 19 37
440 1 move 37 21
440 2 move 30 12
440 3 move 12 22
440 4 move 40 8
441 0 move 19 36
441 1 move 37 22
441 2 move 30 11
441 3 move 12 21
441 4 move 40 9
442 0 move 19 35
442 1 move 37 23
442 2 move 30 10
442 3 move 11 21
442 4 pick 39 9
443 0 move 19 34
443 1 move 37 24
443 2 move 30 9
443 3 move 10 21
443 4 move 40 10
444 0 move 19 33
444 1 move 37 25
444 2 move 30 8
444 3 move 9 21
444 4 move 40 11
445 0 move 19 32
445 1 pick 38 25
445 2 move 30 7
445 3 move 8 21
445 4 pick 39 11
446 0 move 19 31
446 1 pick 38 25
446 2 move 30 6
446 3 move 7 21
446 4 pick 39 11
447 0 pick 18 31
447 1 move 37 26
447 2 move 30 5
447 3 move 6 21
447 4 move 40 10
448 0 move 20 31
448 1 move 37 27
448 2 move 30 4
448 3 move 5 21
448 4 move 40 9
449 0 move 21 31
449 1 move 37 28
449 2 move 30 3
449 3 move 4 21
449 4 move 40 8
450 0 move 22 31
450 1 move 37 29
450 2 move 30 2
450 3 move 3 21
450 4 move 40 7
451 0 move 23 31
451 1 move 37 30
451 2 move 30 1
451 3 move 2 21
451 4 move 40 6
452 0 pick 24 31
452 1 move 37 31
452 2 move 30 0
452 3 move 1 21
452 4 move 40 5
453 0 move 23 32
453 1 move 37 32
453 2 fulfill 30 0
453 3 move 0 21
453 4 move 40 4
454 0 move 24 32
454 1 move 37 33
454 2 move 30 1
454 3 move 0 22
454 4 move 40 3
455 0 move 25 32
455 1 move 37 34
455 2 move 30 2
455 3 fulfill 0 22
455 4 move 40 2
456 0 move 26 32
456 1 move 37 35
456 2 move 30 3
456 3 move 1 22
456 4 move 40 1
457 0 move 26 31
457 1 move 37 36
457 2 move 30 4
457 3 move 2 22
457 4 move 40 0
458 0 pick 25 31
458 1 move 37 37
458 2 move 30 5
458 3 move 3 22
458 4 fulfill 40 0
459 0 move 26 32
459 1 move 37 38
459 2 move 30 6
459 3 move 4 22
459 4 move 40 1
460 0 move 25 32
460 1 move 37 39
460 2 move 30 7
460 3 move 5 22
460 4 move 41 1
461 0 move 24 32
461 1 fulfill 37 39
461 2 move 30 8
461 3 move 6 22
461 4 move 42 1
462 0 move 23 32
462 1 move 37 38
462 2 move 30 9
462 3 move 7 22
462 4 move 43 1
463 0 move 22 32
463 1 move 37 37
463 2 pick 31 9
463 3 move 8 22
463 4 move 44 1
464 0 move 21 32
464 1 move 37 36
464 2 pick 31 9
464 3 move 9 22
464 4 move 45 1
465 0 move 20 32
465 1 move 37 35
465 2 pick 31 9
465 3 pick 10 22
465 4 move 45 2
466 0 move 19 32
466 1 move 37 34
466 2 pick 31 9
466 3 move 9 21
466 4 move 45 3
467 0 move 19 31
467 1 move 37 33
467 2 pick 31 9
467 3 move 9 20
467 4 move 45 4
468 0 move 19 30
468 1 move 37 32
468 2 move 29 9
468 3 move 9 19
468 4 move 45 5
469 0 move 19 29
469 1 move 37 31
469 2 move 28 9
469 3 move 9 18
469 4 move 46 5
470 0 move 19 28
470 1 move 37 30
470 2 move 27 9
470 3 move 9 17
470 4 pick 46 6
471 0 move 19 27
471 1 move 37 29
471 2 move 26 9
471 3 move 9 16
471 4 pick 46 6
472 0 pick 18 27
472 1 move 37 28
472 2 move 26 8
472 3 move 9 15
472 4 pick 46 6
473 0 pick 18 27
473 1 pick 38 28
473 2 pick 25 8
473 3 move 9 14
473 4 pick 46 6
474 0 move 19 28
474 1 move 37 27
474 2 pick 25 8
474 3 move 9 13
474 4 pick 46 6
475 0 move 19 29
475 1 move 37 26
475 2 pick 25 8
475 3 move 9 12
475 4 move 47 5
476 0 move 19 30
476 1 move 37 25
476 2 pick 25 8
476 3 move 9 11
476 4 move 47 6
477 0 move 19 31
477 1 move 37 24
477 2 pick 25 8
477 3 pick 10 11
477 4 move 47 7
478 0 move 19 32
478 1 move 37 23
478 2 move 27 8
478 3 pick 10 11
478 4 move 47 8
479 0 move 19 33
479 1 move 37 22
479 2 move 28 8
479 3 pick 10 11
479 4 move 47 9
480 0 move 19 34
480 1 move 37 21
480 2 move 29 8
480 3 move 9 10
480 4 move 47 10
481 0 move 19 35
481 1 move 38 21
481 2 move 30 8
481 3 move 9 9
481 4 pick 46 10
482 0 move 19 36
482 1 move 39 21
482 2 move 30 7
482 3 move 9 8
482 4 move 47 11
483 0 move 19 37
483 1 move 40 21
483 2 move 30 6
483 3 move 9 7
483 4 move 47 12
484 0 move 19 38
484 1 move 40 22
484 2 move 30 5
484 3 move 9 6
484 4 pick 46 12
485 0 move 19 39
485 1 move 40 23
485 2 move 31 5
485 3 pick 10 6
485 4 move 47 13
486 0 fulfill 19 39
486 1 move 40 24
486 2 move 32 5
486 3 pick 10 6
486 4 move 47 14
487 0 move 18 39
487 1 move 40 25
487 2 move 33 5
487 3 pick 10 6
487 4 move 47 15
488 0 move 17 39
488 1 move 40 26
488 2 move 33 6
488 3 move 9 5
488 4 move 47 16
489 0 move 16 39
489 1 move 40 27
489 2 move 33 7
489 3 move 9 4
489 4 move 46 16
490 0 move 16 38
490 1 move 40 28
490 2 move 33 8
490 3 move 9 3
490 4 move 45 16
491 0 move 16 37
491 1 pick 39 28
491 2 move 33 9
491 3 move 9 2
491 4 move 44 16
492 0 move 16 36
492 1 pick 39 28
492 2 move 34 9
492 3 move 9 1
492 4 move 43 16
493 0 move 16 35
493 1 pick 39 28
493 2 move 35 9
493 3 move 9 0
493 4 move 42 16
494 0 move 16 34
494 1 pick 39 28
494 2 move 36 9
494 3 fulfill 9 0
494 4 move 41 16
495 0 move 16 33
495 1 move 40 29
495 2 move 37 9
495 3 move 9 1
495 4 move 40 16
496 0 move 16 32
496 1 pick 39 29
496 2 pick 38 9
496 3 move 9 2
496 4 move 39 16
497 0 pick 17 32
497 1 move 40 30
497 2 pick 38 9
497 3 move 9 3
497 4 move 38 16
498 0 move 16 31
498 1 move 40 31
498 2 move 37 8
498 3 move 9 4
498 4 move 37 16
499 0 move 16 30
499 1 move 40 32
499 2 move 37 7
499 3 move 9 5
499 4 move 37 15
500 0 move 16 29
500 1 move 40 33
500 2 move 37 6
500 3 move 9 6
500 4 move 37 14
501 0 pick 17 29
501 1 move 40 34
501 2 move 37 5
501 3 pick 10 6
501 4 move 37 13
502 0 pick 17 29
502 1 move 40 35
502 2 move 37 4
502 3 pick 10 6
502 4 pick 38 13
503 0 pick 17 29
503 1 move 40 36
503 2 move 37 3
503 3 pick 10 6
503 4 move 37 12
504 0 move 16 28
504 1 move 40 37
504 2 move 37 2
504 3 pick 10 6
504 4 move 37 11
505 0 pick 17 28
505 1 move 40 38
505 2 move 37 1
505 3 pick 10 6
505 4 move 37 10
506 0 pick 17 28
506 1 move 40 39
506 2 move 37 0
506 3 pick 10 6
506 4 move 37 9
507 0 pick 17 28
507 1 fulfill 40 39
507 2 fulfill 37 0
507 3 pick 10 6
507 4 move 37 8
508 0 move 16 27
508 1 move 40 38
508 2 move 37 1
508 3 pick 10 6
508 4 move 37 7
509 0 move 16 26
509 1 move 40 37
509 2 move 37 2
509 3 pick 10 6
509 4 move 37 6
510 0 move 16 25
510 1 move 40 36
510 2 move 37 3
510 3 move 9 7
510 4 move 37 5
511 0 move 16 24
511 1 move 40 35
511 2 move 37 4
511 3 move 9 8
512 0 move 16 23
512 1 move 40 34
512 2 move 37 5
512 3 move 9 9
512 4 move 37 4
513 0 move 16 22
513 1 move 40 33
513 2 move 37 6
513 3 pick 10 9
513 4 move 37 3
514 0 move 16 21
514 1 move 40 32
514 2 move 37 7
514 3 move 9 8
514 4 move 37 2
515 0 move 17 21
515 1 move 40 31
515 2 move 37 8
515 3 move 9 7
515 4 move 37 1
516 0 move 18 21
516 1 move 40 30
516 2 move 37 9
516 3 move 9 6
516 4 move 37 0
517 0 move 19 21
517 1 move 40 29
517 2 pick 38 9
517 3 move 9 5
517 4 fulfill 37 0
518 0 move 19 22
518 1 pick 39 29
518 2 pick 38 9
518 3 move 10 5
518 4 move 37 1
519 0 move 19 23
519 1 move 40 28
519 2 move 36 9
519 3 move 11 5
519 4 move 37 2
520 0 move 19 24
520 1 pick 39 28
520 2 move 35 9
520 3 move 12 5
520 4 move 37 3
521 0 move 19 25
521 1 pick 39 28
521 2 move 34 9
521 3 move 12 6
521 4 move 37 4
522 0 move 19 26
522 1 pick 39 28
522 2 move 33 9
522 3 move 12 7
522 4 move 37 5
523 0 move 19 27
523 1 pick 39 28
523 2 pick 32 9
523 3 move 12 8
523 4 move 37 6
524 0 pick 18 27
524 1 move 40 27
524 2 pick 32 9
524 3 move 12 9
524 4 move 37 7
525 0 pick 18 27
525 1 move 40 26
525 2 pick 32 9
525 3 move 13 9
525 4 move 37 8
526 0 pick 18 27
526 1 move 40 25
526 2 move 33 8
526 3 move 14 9
526 4 move 37 9
527 0 move 19 28
527 1 move 40 24
527 2 move 33 7
527 3 move 15 9
527 4 pick 38 9
528 0 move 19 29
528 1 move 40 23
528 2 move 33 6
528 3 move 16 9
528 4 move 36 9
529 0 move 19 30
529 1 move 40 22
529 2 move 33 5
529 3 pick 17 9
529 4 move 35 9
530 0 move 19 31
530 1 move 40 21
530 2 move 32 5
530 3 move 16 10
530 4 move 34 9
531 0 move 19 32
531 1 move 39 21
531 2 move 31 5
531 3 move 16 11
531 4 move 33 9
532 0 move 19 33
532 1 move 38 21
532 2 move 30 5
532 3 move 16 12
532 4 pick 32 9
533 0 move 19 34
533 1 move 37 21
533 2 move 29 5
533 3 move 16 13
533 4 pick 32 9
534 0 move 19 35
534 1 move 37 22
534 2 move 28 5
534 3 move 16 14
534 4 move 33 8
535 0 move 19 36
535 1 move 37 23
535 2 move 27 5
535 3 move 16 15
535 4 move 33 7
536 0 move 19 37
536 1 move 37 24
536 2 move 26 5
536 3 move 16 16
536 4 move 33 6
537 0 move 19 38
537 1 move 37 25
537 2 move 26 6
537 3 move 16 17
537 4 move 33 5
538 0 move 19 39
538 1 move 37 26
538 2 move 26 7
538 3 move 16 18
538 4 move 32 5
539 0 fulfill 19 39
539 1 move 37 27
539 2 move 26 8
539 3 move 16 19
539 4 move 31 5
540 0 move 18 39
540 1 move 37 28
540 2 pick 25 8
540 3 move 16 20
540 4 move 30 5
541 0 move 17 39
541 1 pick 38 28
541 2 pick 25 8
541 3 move 16 21
541 4 move 29 5
542 0 move 16 39
542 1 move 37 29
542 2 pick 25 8
542 3 move 16 22
542 4 move 28 5
543 0 move 16 38
543 1 move 37 30
543 2 pick 25 8
543 3 move 16 23
543 4 move 27 5
544 0 move 16 37
544 1 move 37 31
544 2 move 26 7
544 3 move 16 24
544 4 move 27 6
545 0 move 16 36
545 1 move 37 32
545 2 move 26 6
545 3 move 16 25
545 4 move 27 7
546 0 move 16 35
546 1 move 37 33
546 2 move 26 5
546 3 move 16 26
546 4 move 26 7
547 0 move 16 34
547 1 move 37 34
547 2 move 26 4
547 3 move 16 27
547 4 move 26 8
548 0 move 16 33
548 1 move 37 35
548 2 move 26 3
548 3 move 16 28
548 4 pick 25 8
549 0 move 16 32
549 1 move 37 36
549 2 move 26 2
549 3 move 16 29
549 4 pick 25 8
550 0 pick 17 32
550 1 move 37 37
550 2 move 26 1
550 3 pick 17 29
550 4 pick 25 8
551 0 move 16 31
551 1 move 37 38
551 2 move 26 0
551 3 pick 17 29
551 4 pick 25 8
552 1 move 37 39
552 2 fulfill 26 0
552 3 move 16 30
552 4 pick 25 8
553 0 move 16 30
553 1 fulfill 37 39
553 2 move 26 1
553 3 move 16 31
553 4 pick 25 8
554 0 move 16 29
554 1 move 37 38
554 2 move 26 2
554 3 move 16 32
554 4 move 26 7
555 0 pick 17 29
555 1 move 37 37
555 2 move 26 3
555 3 move 16 33
555 4 move 26 6
556 0 move 16 28
556 1 move 37 36
556 2 move 26 4
556 3 move 16 34
556 4 move 26 5
557 0 move 16 27
557 1 move 37 35
557 2 move 26 5
557 3 move 16 35
557 4 move 26 4
558 0 move 16 26
558 1 move 37 34
558 2 move 26 6
558 3 move 16 36
558 4 move 26 3
559 0 move 16 25
559 1 move 37 33
559 2 move 26 7
559 3 move 16 37
559 4 move 26 2
560 0 move 16 24
560 1 move 37 32
560 2 move 26 8
560 3 move 16 38
560 4 move 26 1
561 0 move 16 23
561 1 move 37 31
561 2 pick 25 8
561 3 move 16 39
561 4 move 26 0
562 0 move 16 22
562 1 move 37 30
562 2 pick 25 8
562 3 fulfill 16 39
562 4 fulfill 26 0
563 0 move 16 21
563 1 move 37 29
563 2 pick 25 8
563 3 move 16 38
563 4 move 26 1
564 0 move 17 21
564 1 pick 38 29
564 2 move 26 9
564 3 move 16 37
564 4 move 26 2
565 0 move 18 21
565 1 pick 38 29
565 2 move 26 10
565 3 move 16 36
565 4 move 26 3
566 0 move 19 21
566 1 pick 38 29
566 2 move 26 11
566 3 move 17 36
566 4 move 26 4
567 0 move 19 22
567 1 move 37 28
567 2 move 26 12
567 3 move 18 36
567 4 move 26 5
568 0 move 19 23
568 1 pick 38 28
568 2 pick 25 12
568 3 move 19 36
568 4 move 26 6
569 0 move 19 24
569 1 move 37 27
569 2 move 26 13
569 3 move 19 35
569 4 move 26 7
570 0 move 19 25
570 1 move 37 26
570 2 move 26 14
570 3 move 19 34
570 4 move 26 8
571 0 move 19 26
571 1 move 37 25
571 2 move 26 15
571 3 move 19 33
571 4 pick 25 8
572 0 move 19 27
572 1 move 37 24
572 2 move 26 16
572 3 move 19 32
572 4 pick 25 8
573 0 pick 18 27
573 1 move 37 23
573 2 move 25 16
573 3 move 19 31
573 4 pick 25 8
574 0 pick 18 27
574 1 move 37 22
574 2 move 24 16
574 3 move 19 30
574 4 pick 25 8
575 0 pick 18 27
575 1 move 37 21
575 2 move 24 17
575 3 move 19 29
575 4 move 26 9
576 0 move 19 28
576 1 move 38 21
576 2 move 24 18
576 4 move 26 10
577 0 move 19 29
577 1 move 39 21
577 2 move 24 19
577 3 move 19 28
577 4 move 26 11
578 0 move 19 30
578 1 move 40 21
578 2 move 24 20
578 3 move 19 27
578 4 move 26 12
579 0 move 19 31
579 1 move 40 22
579 2 move 24 21
579 3 pick 18 27
579 4 pick 25 12
580 0 move 19 32
580 1 move 40 23
580 2 pick 24 22
580 3 pick 18 27
580 4 pick 25 12
581 0 move 19 33
581 1 move 40 24
581 2 move 23 21
581 3 pick 18 27
581 4 move 26 13
582 0 move 19 34
582 1 move 40 25
582 2 move 23 22
582 3 pick 18 27
582 4 move 26 14
583 0 move 19 35
583 1 move 40 26
583 2 move 23 23
583 3 pick 18 27
583 4 move 27 14
584 0 move 19 36
584 1 move 40 27
584 2 move 23 24
584 3 pick 18 27
584 4 move 28 14
585 0 move 19 37
585 1 move 40 28
585 2 move 23 25
585 3 pick 18 27
585 4 move 29 14
586 0 move 19 38
586 1 pick 39 28
586 2 move 23 26
586 3 move 19 26
586 4 move 30 14
587 0 move 19 39
587 1 pick 39 28
587 2 move 23 27
587 3 move 19 25
587 4 pick 31 14
588 0 fulfill 19 39
588 1 pick 39 28
588 2 move 23 28
588 3 move 19 24
588 4 move 30 15
589 0 move 19 38
589 1 pick 39 28
589 2 move 23 29
589 3 move 19 23
589 4 move 30 16
590 0 move 19 37
590 1 move 40 29
590 2 move 23 30
590 3 move 19 22
590 4 move 31 16
591 0 move 19 36
591 1 pick 39 29
591 2 move 23 31
591 3 move 19 21
591 4 move 32 16
592 0 move 19 35
592 1 move 40 30
592 2 move 23 32
592 3 move 19 20
592 4 move 33 16
593 0 move 19 34
593 1 move 40 31
593 2 move 23 33
593 3 move 19 19
593 4 move 33 15
594 0 move 18 34
594 1 move 40 32
594 2 move 23 34
594 3 move 19 18
594 4 move 33 14
595 0 move 18 33
595 1 move 40 33
595 2 move 23 35
595 3 move 19 17
595 4 move 33 13
596 0 pick 17 33
596 1 move 40 34
596 2 move 23 36
596 3 move 19 16
596 4 move 33 12
597 0 move 19 33
597 1 move 40 35
597 2 move 23 37
597 3 move 19 15
597 4 move 33 11
598 0 move 19 32
598 1 move 40 36
598 2 move 23 38
598 3 move 20 15
598 4 move 33 10
599 0 move 19 31
599 1 move 40 37
599 2 move 23 39
599 3 move 21 15
599 4 move 33 9
600 0 move 19 30
600 1 move 40 38
600 2 move 24 39
600 3 move 22 15
600 4 move 34 9
601 0 pick 18 30
601 1 move 40 39
601 2 fulfill 24 39
601 3 move 23 15
601 4 move 35 9
602 0 pick 18 30
602 1 fulfill 40 39
602 2 move 24 38
602 3 pick 24 15
602 4 move 36 9
603 0 move 19 29
603 1 move 40 38
603 2 move 24 37
603 3 move 23 14
603 4 move 37 9
604 0 move 19 28
604 1 move 40 37
604 2 move 24 36
604 3 move 23 13
604 4 pick 38 9
605 0 move 19 27
605 1 move 40 36
605 2 move 24 35
605 3 move 23 12
605 4 pick 38 9
606 0 pick 18 27
606 1 move 40 35
606 2 move 24 34
606 3 move 23 11
606 4 pick 38 9
607 0 pick 18 27
607 1 move 40 34
607 2 move 24 33
607 3 move 23 10
607 4 move 37 8
608 0 move 19 28
608 1 move 40 33
608 2 move 24 32
608 3 move 23 9
608 4 move 37 7
609 0 move 19 29
609 1 move 40 32
609 2 move 25 32
609 3 move 23 8
609 4 move 37 6
610 0 move 19 30
610 1 move 40 31
610 2 pick 25 31
610 3 move 23 7
610 4 move 37 5
611 0 move 19 31
611 1 move 40 30
611 2 pick 25 31
611 3 move 23 6
611 4 move 37 4
612 0 move 19 32
612 1 pick 39 30
612 2 pick 25 31
612 3 move 23 5
612 4 move 37 3
613 0 move 19 33
613 1 move 40 29
613 2 pick 25 31
613 3 move 23 4
613 4 move 37 2
614 0 move 19 34
614 1 pick 39 29
614 2 move 26 32
614 3 move 23 3
614 4 move 37 1
615 0 move 19 35
615 1 pick 39 29
615 2 move 26 31
615 3 move 23 2
615 4 move 37 0
616 0 move 19 36
616 1 pick 39 29
616 2 move 26 30
616 3 move 23 1
616 4 fulfill 37 0
617 0 move 19 37
617 1 move 40 28
617 2 move 26 29
617 3 move 23 0
617 4 move 37 1
618 0 move 19 38
618 1 pick 39 28
618 2 pick 25 29
618 3 fulfill 23 0
618 4 move 37 2
619 0 move 19 39
619 1 pick 39 28
619 2 pick 25 29
619 3 move 23 1
619 4 move 37 3
620 0 fulfill 19 39
620 1 move 40 27
620 2 pick 25 29
620 3 move 23 2
620 4 move 37 4
621 0 move 19 38
621 1 move 40 26
621 2 move 26 28
621 3 move 23 3
621 4 move 37 5
622 0 move 19 37
622 1 move 40 25
622 2 move 26 27
622 3 move 23 4
622 4 move 37 6
623 0 move 19 36
623 1 move 40 24
623 2 move 26 26
623 3 move 23 5
623 4 move 37 7
624 0 move 19 35
624 1 move 40 23
624 2 pick 25 26
624 3 move 24 5
624 4 move 37 8
625 0 pick 18 35
625 1 move 40 22
625 2 move 26 25
625 3 move 25 5
625 4 move 37 9
626 0 move 19 36
626 1 move 40 21
626 2 move 26 24
626 3 move 26 5
626 4 pick 38 9
627 0 move 18 36
627 1 move 39 21
627 2 move 27 24
627 3 move 26 6
627 4 move 36 9
628 0 move 17 36
628 1 move 38 21
628 2 move 28 24
628 3 move 26 7
628 4 move 35 9
629 0 move 16 36
629 1 move 37 21
629 2 move 29 24
629 3 move 26 8
629 4 move 34 9
630 0 move 16 35
630 1 move 37 22
630 2 move 30 24
630 3 pick 25 8
630 4 move 33 9
631 0 move 16 34
631 1 move 37 23
631 2 pick 31 24
631 3 pick 25 8
631 4 pick 32 9
632 0 move 16 33
632 1 move 37 24
632 2 pick 31 24
632 3 pick 25 8
632 4 move 33 8
633 0 move 16 32
633 1 move 37 25
633 2 pick 31 24
633 3 move 26 9
633 4 move 33 7
634 0 pick 17 32
634 1 move 37 26
634 2 pick 31 24
634 3 move 27 9
634 4 move 33 6
635 0 move 16 31
635 1 move 37 27
635 2 move 30 25
635 3 move 28 9
635 4 move 33 5
636 0 move 16 30
636 1 move 37 28
636 2 move 30 26
636 3 move 29 9
636 4 move 32 5
637 0 move 16 29
637 1 pick 38 28
637 2 move 30 27
637 3 move 30 9
637 4 move 31 5
638 0 pick 17 29
638 1 pick 38 28
638 2 move 30 28
638 3 pick 31 9
638 4 move 30 5
639 0 pick 17 29
639 1 move 37 29
639 2 move 30 29
639 3 pick 31 9
639 4 move 29 5
640 0 move 16 28
640 1 move 37 30
640 2 move 30 30
640 3 pick 31 9
640 4 move 28 5
641 0 move 16 27
641 1 move 37 31
641 2 move 30 31
641 3 move 30 8
641 4 move 27 5
642 0 move 16 26
642 1 move 37 32
642 2 move 30 32
642 3 move 30 7
642 4 move 26 5
643 0 move 16 25
643 1 move 37 33
643 2 move 30 33
643 3 move 30 6
643 4 move 26 6
644 0 move 16 24
644 1 move 37 34
644 2 move 30 34
644 3 move 30 5
644 4 move 26 7
645 0 move 16 23
645 1 move 37 35
645 2 move 30 35
645 3 move 31 5
645 4 move 26 8
646 0 move 16 22
646 1 move 37 36
646 2 move 30 36
646 3 move 32 5
646 4 pick 25 8
647 0 move 16 21
647 1 move 37 37
647 2 move 30 37
647 3 move 33 5
647 4 pick 25 8
648 0 move 17 21
648 1 move 37 38
648 2 move 30 38
648 3 move 33 6
648 4 pick 25 8
649 0 move 18 21
649 1 move 37 39
649 2 move 30 39
649 3 move 33 7
649 4 pick 25 8
650 0 move 19 21
650 1 fulfill 37 39
650 2 fulfill 30 39
650 3 move 33 8
650 4 move 26 7
651 0 move 19 22
651 1 move 37 38
651 2 move 30 38
651 3 move 33 9
651 4 move 26 6
652 0 move 19 23
652 1 move 37 37
652 2 move 30 37
652 3 move 34 9
652 4 move 26 5
653 0 move 19 24
653 1 move 37 36
653 2 move 30 36
653 3 move 35 9
653 4 move 26 4
654 0 move 19 25
654 1 move 37 35
654 2 move 30 35
654 3 move 36 9
654 4 move 26 3
655 0 move 19 26
655 1 move 37 34
655 2 move 30 34
655 3 move 37 9
655 4 move 26 2
656 0 move 19 27
656 1 move 37 33
656 2 move 30 33
656 3 pick 38 9
656 4 move 26 1
657 0 pick 18 27
657 1 move 37 32
657 2 move 30 32
657 3 pick 38 9
657 4 move 26 0
658 0 pick 18 27
658 1 move 37 31
658 2 move 30 31
658 3 move 37 8
658 4 fulfill 26 0
659 0 pick 18 27
659 1 move 37 30
659 2 move 30 30
659 3 move 37 7
659 4 move 26 1
660 0 move 19 28
660 1 move 37 29
660 2 move 30 29
660 3 move 37 6
660 4 move 26 2
661 0 move 19 29
661 1 move 37 28
661 2 move 30 28
661 3 move 37 5
661 4 move 26 3
662 0 move 19 30
662 1 pick 38 28
662 2 move 30 27
662 3 move 37 4
662 4 move 26 4
663 0 move 19 31
663 1 move 37 27
663 2 pick 31 27
663 3 move 37 3
663 4 move 26 5
664 0 move 19 32
664 1 move 37 26
664 2 move 30 26
664 3 move 37 2
664 4 move 26 6
665 0 move 19 33
665 1 move 37 25
665 2 move 30 25
665 3 move 37 1
665 4 move 26 7
666 0 move 19 34
666 1 move 37 24
666 2 move 30 24
666 3 move 37 0
666 4 move 26 8
667 0 move 19 35
667 1 move 37 23
667 2 pick 31 24
667 3 fulfill 37 0
667 4 pick 25 8
668 0 move 19 36
668 1 move 37 22
668 2 pick 31 24
668 3 move 37 1
668 4 pick 25 8
669 0 move 19 37
669 1 move 37 21
669 2 pick 31 24
669 3 move 37 2
669 4 pick 25 8
670 0 move 19 38
670 1 move 38 21
670 2 move 29 24
670 3 move 37 3
670 4 move 26 9
671 0 move 19 39
671 1 move 39 21
671 2 move 28 24
671 3 move 37 4
671 4 move 26 10
672 0 fulfill 19 39
672 1 move 40 21
672 2 move 27 24
672 3 move 37 5
672 4 move 26 11
673 0 move 19 38
673 1 move 40 22
673 2 move 26 24
673 3 move 37 6
673 4 move 26 12
674 0 move 19 37
674 1 move 40 23
674 2 pick 25 24
674 3 move 37 7
674 4 move 26 13
675 0 move 19 36
675 1 move 40 24
675 2 move 26 25
675 3 move 37 8
675 4 move 26 14
676 0 move 19 35
676 1 move 40 25
676 2 move 26 26
676 3 move 37 9
676 4 move 26 15
677 0 move 19 34
677 1 move 40 26
677 2 move 26 27
677 3 pick 38 9
677 4 move 27 15
678 0 move 18 34
678 1 move 40 27
678 2 move 26 28
678 3 move 37 10
678 4 move 28 15
679 0 move 18 33
679 1 move 40 28
679 2 move 26 29
679 3 move 37 11
679 4 move 29 15
680 0 pick 17 33
680 1 pick 39 28
680 2 move 26 30
680 3 move 37 12
680 4 move 30 15
681 0 move 18 34
681 1 pick 39 28
681 2 move 26 31
681 3 move 37 13
681 4 pick 31 15
682 0 move 19 34
682 1 pick 39 28
682 2 move 26 32
682 3 move 37 14
682 4 move 29 15
683 0 move 19 35
683 1 pick 39 28
683 2 move 26 33
683 3 move 37 15
683 4 move 28 15
684 0 move 19 36
684 1 move 40 27
684 2 move 26 34
684 3 move 37 16
684 4 move 27 15
685 0 move 18 36
685 1 move 40 26
685 2 move 26 35
685 3 move 38 16
685 4 move 26 15
686 0 move 17 36
686 1 pick 39 26
686 2 move 26 36
686 3 move 39 16
686 4 move 26 16
687 0 move 16 36
687 1 pick 39 26
687 2 move 26 37
687 3 move 40 16
687 4 move 25 16
688 0 move 16 35
688 1 move 40 27
688 2 move 26 38
688 3 move 40 15
688 4 move 24 16
689 0 move 16 34
689 1 move 40 28
689 2 move 26 39
689 3 move 40 14
689 4 move 23 16
690 0 move 16 33
690 1 move 40 29
690 2 fulfill 26 39
690 3 move 40 13
690 4 move 22 16
691 0 move 16 32
691 1 move 40 30
691 2 move 26 38
691 3 move 40 12
691 4 move 21 16
692 0 move 16 31
692 1 move 40 31
692 2 move 26 37
692 3 move 40 11
692 4 move 20 16
693 0 move 16 30
693 1 move 40 32
693 2 move 26 36
693 3 move 40 10
693 4 move 19 16
694 0 move 16 29
694 1 move 40 33
694 2 move 26 35
694 3 move 40 9
694 4 move 19 15
695 0 pick 17 29
695 1 move 40 34
695 2 move 26 34
695 3 pick 39 9
695 4 pick 18 15
696 0 move 16 28
696 1 move 40 35
696 2 move 26 33
696 3 move 40 8
696 4 move 19 14
697 0 pick 17 28
697 1 move 40 36
697 2 move 26 32
697 3 pick 39 8
697 4 move 19 13
698 0 move 16 27
698 1 move 40 37
698 2 move 26 31
698 3 pick 39 8
698 4 move 19 12
699 0 move 16 26
699 1 move 40 38
699 2 move 26 30
699 3 pick 39 8
699 4 move 19 11
700 0 move 16 25
700 1 move 40 39
700 2 move 26 29
700 3 move 40 9
700 4 move 19 10
701 0 move 16 24
701 1 fulfill 40 39
701 2 pick 25 29
701 3 move 40 10
701 4 move 19 9
702 0 move 16 23
702 1 move 40 38
702 2 move 26 28
702 3 move 40 11
702 4 move 19 8
703 0 move 16 22
703 1 move 40 37
703 2 move 26 27
703 3 pick 39 11
703 4 move 19 7
704 0 move 16 21
704 1 move 40 36
704 2 move 26 26
704 3 pick 39 11
704 4 move 19 6
705 0 move 17 21
705 1 move 40 35
705 2 move 26 25
705 3 move 40 10
705 4 move 19 5
706 0 move 18 21
706 1 move 40 34
706 2 move 26 24
706 3 move 40 9
706 4 move 19 4
707 0 move 19 21
707 1 move 40 33
707 2 pick 25 24
707 3 move 40 8
707 4 move 19 3
708 0 move 19 22
708 1 move 40 32
708 2 pick 25 24
708 3 move 40 7
708 4 move 19 2
709 0 move 19 23
709 1 move 40 31
709 2 move 27 24
709 3 move 40 6
709 4 move 19 1
710 0 move 19 24
710 1 move 40 30
710 2 move 28 24
710 3 move 40 5
710 4 move 19 0
711 0 move 19 25
711 1 pick 39 30
711 2 move 29 24
711 3 move 40 4
711 4 fulfill 19 0
712 0 move 19 26
712 1 move 40 29
712 2 move 30 24
712 3 move 40 3
712 4 move 19 1
713 0 move 19 27
713 1 pick 39 29
713 2 pick 31 24
713 3 move 40 2
713 4 move 19 2
714 0 pick 18 27
714 1 pick 39 29
714 2 pick 31 24
714 3 move 40 1
714 4 move 19 3
715 0 pick 18 27
715 1 pick 39 29
715 2 pick 31 24
715 3 move 40 0
715 4 move 19 4
716 0 pick 18 27
716 1 pick 39 29
716 2 move 30 25
716 3 fulfill 40 0
716 4 move 19 5
717 0 move 19 28
717 1 move 40 28
717 2 move 30 26
717 3 move 40 1
717 4 move 19 6
718 0 move 19 29
718 1 pick 39 28
718 2 move 30 27
718 3 move 40 2
718 4 move 19 7
719 0 move 19 30
719 1 pick 39 28
719 2 move 30 28
719 3 move 40 3
719 4 move 19 8
720 0 move 19 31
720 1 pick 39 28
720 2 move 30 29
720 3 move 40 4
720 4 move 19 9
721 0 move 19 32
721 1 pick 39 28
721 2 move 30 30
721 3 move 40 5
721 4 move 19 10
722 0 move 19 33
722 1 pick 39 28
722 2 move 30 31
722 3 move 40 6
722 4 pick 18 10
723 0 move 19 34
723 1 move 40 27
723 2 move 30 32
723 3 move 40 7
723 4 move 19 9
724 0 move 19 35
724 1 move 40 26
724 2 move 30 33
724 3 move 40 8
724 4 move 19 8
725 0 move 19 36
725 1 move 40 25
725 2 move 30 34
725 3 pick 39 8
725 4 move 19 7
726 0 move 19 37
726 1 move 40 24
726 2 move 30 35
726 3 move 40 9
726 4 move 19 6
727 0 move 19 38
727 1 move 40 23
727 2 move 30 36
727 3 pick 39 9
727 4 move 19 5
728 0 move 19 39
728 1 move 40 22
728 2 move 30 37
728 3 pick 39 9
728 4 move 18 5
729 0 fulfill 19 39
729 1 move 40 21
729 2 move 30 38
729 3 move 40 10
729 4 move 17 5
730 0 move 19 38
730 1 move 39 21
730 2 move 30 39
730 3 move 40 11
730 4 move 16 5
731 0 move 19 37
731 1 move 38 21
731 2 fulfill 30 39
731 3 pick 39 11
731 4 move 16 6
732 0 move 19 36
732 1 move 37 21
732 2 move 29 39
732 3 move 40 12
732 4 move 16 7
733 0 move 19 35
733 1 move 37 22
733 2 move 28 39
733 3 move 40 13
733 4 move 16 8
734 0 move 19 34
734 1 move 37 23
734 2 move 27 39
734 3 move 40 14
734 4 move 16 9
735 0 move 18 34
735 1 move 37 24
735 2 move 26 39
735 3 move 40 15
735 4 move 16 10
736 0 move 18 33
736 1 move 37 25
736 2 move 26 38
736 3 move 40 16
736 4 move 16 11
737 0 pick 17 33
737 1 move 37 26
737 2 move 26 37
737 3 move 39 16
737 4 pick 17 11
738 0 move 18 34
738 1 move 37 27
738 2 move 26 36
738 3 move 38 16
738 4 move 15 11
739 0 move 19 34
739 1 move 37 28
739 2 move 26 35
739 3 move 37 16
739 4 move 14 11
740 0 move 19 35
740 1 pick 38 28
740 2 move 26 34
740 3 move 37 15
740 4 move 13 11
741 0 move 19 36
741 1 pick 38 28
741 2 move 26 33
741 3 move 37 14
741 4 move 12 11
742 0 move 18 36
742 1 move 37 27
742 2 move 26 32
742 3 move 37 13
742 4 move 12 10
743 0 move 17 36
743 1 move 37 26
743 2 move 26 31
743 3 move 37 12
743 4 move 12 9
744 0 move 16 36
744 1 move 37 25
744 2 pick 25 31
744 3 move 37 11
744 4 move 12 8
745 0 move 16 35
745 1 move 37 24
745 2 pick 25 31
745 3 move 37 10
745 4 pick 11 8
746 0 move 16 34
746 1 move 37 23
746 2 pick 25 31
746 3 pick 38 10
746 4 move 12 7
747 0 move 16 33
747 1 move 37 22
747 2 move 26 30
747 3 move 37 9
747 4 move 12 6
748 0 move 16 32
748 1 move 37 21
748 2 move 26 29
748 3 move 37 8
748 4 move 12 5
749 0 pick 17 32
749 1 move 38 21
749 2 move 26 28
749 3 move 37 7
749 4 move 11 5
750 0 pick 17 32
750 1 move 39 21
750 2 move 26 27
750 3 move 37 6
750 4 move 10 5
751 0 move 16 31
751 1 move 40 21
751 2 move 26 26
751 3 move 37 5
751 4 move 9 5
752 0 move 16 30
752 1 move 41 21
752 2 pick 25 26
752 3 move 37 4
752 4 move 9 6
753 0 move 16 29
753 1 move 42 21
753 2 pick 25 26
753 3 move 37 3
753 4 pick 10 6
754 0 pick 17 29
754 1 move 43 21
754 2 pick 25 26
754 3 move 37 2
754 4 pick 10 6
755 0 move 16 28
755 1 move 44 21
755 2 move 26 25
755 3 move 37 1
755 4 pick 10 6
756 0 pick 17 28
756 1 move 45 21
756 2 move 27 25
756 3 move 37 0
756 4 move 9 7
757 0 move 16 27
757 1 move 46 21
757 2 move 28 25
757 3 fulfill 37 0
757 4 move 9 8
758 0 move 16 26
758 1 move 47 21
758 2 move 29 25
758 3 move 37 1
758 4 move 9 9
759 0 move 16 25
759 1 move 47 22
759 2 move 30 25
759 3 move 37 2
759 4 move 9 10
760 0 move 16 24
760 1 move 47 23
760 2 pick 31 25
760 3 move 37 3
760 4 move 9 11
761 0 move 16 23
761 1 move 47 24
761 2 move 30 24
761 3 move 37 4
761 4 move 9 12
762 0 move 16 22
762 1 move 47 25
762 2 pick 31 24
762 3 move 37 5
762 4 move 9 13
763 0 move 16 21
763 1 move 47 26
763 2 pick 31 24
763 3 move 37 6
763 4 move 9 14
764 0 move 17 21
764 1 move 47 27
764 2 pick 31 24
764 3 move 37 7
764 4 move 9 15
765 0 move 18 21
765 1 move 47 28
765 2 move 30 25
765 3 move 37 8
765 4 move 9 16
766 0 move 19 21
766 1 pick 46 28
766 2 move 30 26
766 3 move 37 9
766 4 move 9 17
767 0 move 19 22
767 1 pick 46 28
767 2 move 30 27
767 3 pick 38 9
767 4 move 9 18
768 0 move 19 23
768 1 move 47 29
768 2 move 30 28
768 3 move 37 10
768 4 move 9 19
769 0 move 19 24
769 1 move 47 30
769 2 move 30 29
769 3 move 37 11
769 4 move 9 20
770 0 move 19 25
770 1 move 47 31
770 2 move 30 30
770 3 move 37 12
770 4 move 9 21
771 0 move 19 26
771 1 move 47 32
771 2 move 30 31
771 3 move 37 13
771 4 move 9 22
772 0 move 19 27
772 1 move 47 33
772 2 move 30 32
772 3 move 37 14
772 4 move 9 23
773 0 pick 18 27
773 1 move 47 34
773 2 move 30 33
773 3 move 37 15
773 4 move 9 24
774 0 move 19 28
774 1 move 47 35
774 2 move 30 34
774 3 move 37 16
774 4 pick 10 24
775 0 move 19 29
775 1 move 47 36
775 2 move 30 35
775 3 move 38 16
775 4 pick 10 24
776 0 move 19 30
776 1 move 47 37
776 2 move 30 36
776 3 move 39 16
776 4 move 8 24
777 0 move 19 31
777 1 move 47 38
777 2 move 30 37
777 3 move 40 16
777 4 move 7 24
778 0 move 19 32
778 1 move 47 39
778 2 move 30 38
778 3 move 40 15
778 4 move 6 24
779 0 move 19 33
779 1 fulfill 47 39
779 2 move 30 39
779 3 move 40 14
779 4 move 5 24
780 0 move 19 34
780 1 move 47 38
780 2 fulfill 30 39
780 3 move 40 13
780 4 move 4 24
781 0 move 19 35
781 1 move 47 37
781 2 move 30 38
781 3 move 40 12
781 4 move 3 24
782 0 move 19 36
782 1 move 47 36
782 2 move 30 37
782 3 move 40 11
782 4 move 2 24
783 0 move 19 37
783 1 move 47 35
783 2 move 30 36
783 3 move 40 10
783 4 move 1 24
784 0 move 19 38
784 1 move 47 34
784 2 move 30 35
784 3 pick 39 10
784 4 move 0 24
785 0 move 19 39
785 1 move 47 33
785 2 move 30 34
785 3 move 40 11
785 4 fulfill 0 24
786 0 fulfill 19 39
786 1 move 47 32
786 2 move 30 33
786 3 pick 39 11
786 4 move 1 24
787 0 move 19 38
787 1 move 47 31
787 2 move 30 32
787 3 pick 39 11
787 4 move 2 24
788 0 move 19 37
788 1 move 47 30
788 2 move 30 31
788 3 move 40 10
788 4 move 3 24
789 0 move 19 36
789 1 move 47 29
789 2 pick 31 31
789 3 move 40 9
789 4 move 4 24
790 0 move 19 35
790 1 move 47 28
790 2 move 29 31
790 3 move 40 8
790 4 move 5 24
791 0 move 19 34
791 1 move 47 27
791 2 move 28 31
791 3 pick 39 8
791 4 move 6 24
792 0 move 19 33
792 1 move 47 26
792 2 move 27 31
792 3 pick 39 8
792 4 move 7 24
793 0 move 19 32
793 1 pick 46 26
793 2 move 26 31
793 3 move 40 7
793 4 move 8 24
794 0 move 19 31
794 1 move 47 27
794 2 pick 25 31
794 3 move 40 6
794 4 move 9 24
795 0 move 20 31
795 1 move 47 28
795 2 move 26 30
795 3 move 40 5
795 4 pick 10 24
796 0 move 21 31
796 1 move 47 29
796 2 move 26 29
796 3 move 40 4
796 4 move 9 23
797 0 move 22 31
797 1 move 47 30
797 2 move 26 28
797 3 move 40 3
797 4 move 9 22
798 0 move 23 31
798 1 move 47 31
798 2 move 26 27
798 3 move 40 2
798 4 move 9 21
799 0 pick 24 31
799 1 move 47 32
799 2 move 26 26
799 3 move 40 1
799 4 move 10 21
800 0 pick 24 31
800 1 move 46 32
800 2 move 26 25
800 3 move 40 0
800 4 move 11 21
801 0 move 23 32
801 1 move 45 32
801 2 move 27 25
801 3 fulfill 40 0
801 4 move 12 21
802 0 move 24 32
802 1 move 44 32
802 2 move 28 25
802 3 move 40 1
802 4 move 12 22
803 0 move 25 32
803 1 move 44 31
803 2 move 29 25
803 3 move 40 2
803 4 move 12 23
804 0 move 26 32
804 1 move 44 30
804 2 move 30 25
804 3 move 40 3
804 4 move 12 24
805 0 move 26 31
805 1 move 44 29
805 2 pick 31 25
805 3 move 40 4
805 4 move 12 25
806 0 pick 25 31
806 1 move 44 28
806 2 move 30 24
806 3 move 40 5
806 4 move 12 26
807 0 pick 25 31
807 1 pick 45 28
807 2 pick 31 24
807 3 move 40 6
807 4 move 12 27
808 0 move 26 30
808 1 move 43 28
808 2 pick 31 24
808 3 move 40 7
808 4 move 13 27
809 0 move 26 29
809 1 move 42 28
809 2 move 30 25
809 3 move 40 8
809 4 move 14 27
810 0 move 26 28
810 1 move 41 28
810 2 move 30 26
810 3 pick 39 8
810 4 move 15 27
811 0 pick 25 28
811 1 move 40 28
811 2 move 30 27
811 3 pick 39 8
811 4 move 16 27
812 0 move 26 29
812 1 pick 39 28
812 2 move 30 28
812 3 move 40 9
812 4 pick 17 27
813 0 move 26 30
813 1 pick 39 28
813 2 move 30 29
813 3 move 40 10
813 4 pick 17 27
814 0 move 26 31
814 1 pick 39 28
814 2 move 30 30
814 3 pick 39 10
814 4 pick 17 27
815 0 move 26 32
815 1 move 40 29
815 2 move 30 31
815 3 pick 39 10
815 4 move 16 26
816 0 move 25 32
816 1 pick 39 29
816 2 move 30 32
816 3 move 40 11
816 4 move 16 25
817 0 move 24 32
817 1 move 40 30
817 2 move 30 33
817 3 pick 39 11
817 4 move 16 24
818 0 move 23 32
818 1 pick 39 30
818 2 move 30 34
818 3 move 40 12
818 4 move 16 23
819 0 move 22 32
819 1 move 40 31
819 2 move 30 35
819 3 move 40 13
819 4 move 16 22
820 0 move 21 32
820 1 move 40 32
820 2 move 30 36
820 3 move 40 14
820 4 move 16 21
821 0 move 20 32
821 1 move 40 33
821 2 move 30 37
821 3 move 40 15
821 4 move 17 21
822 0 move 19 32
822 1 move 40 34
822 2 move 30 38
822 3 move 40 16
822 4 move 18 21
823 0 move 19 31
823 1 move 40 35
823 2 move 30 39
823 3 move 39 16
823 4 move 19 21
824 0 move 19 30
824 1 move 40 36
824 2 fulfill 30 39
824 3 move 38 16
824 4 move 19 22
825 0 move 19 29
825 1 move 40 37
825 2 move 30 38
825 3 move 37 16
825 4 move 19 23
826 0 move 19 28
826 1 move 40 38
826 2 move 30 37
826 3 move 37 15
826 4 move 19 24
827 0 move 19 27
827 1 move 40 39
827 2 move 30 36
827 3 move 37 14
827 4 move 19 25
828 0 pick 18 27
828 1 fulfill 40 39
828 2 move 30 35
828 3 move 37 13
828 4 move 19 26
829 0 move 19 28
829 1 move 40 38
829 2 move 30 34
829 3 move 37 12
829 4 move 19 27
830 0 move 19 29
830 1 move 40 37
830 2 move 30 33
830 3 move 37 11
830 4 pick 18 27
831 0 move 19 30
831 1 move 40 36
831 2 move 30 32
831 3 move 37 10
831 4 pick 18 27
832 0 move 19 31
832 1 move 40 35
832 2 move 30 31
832 3 pick 38 10
832 4 pick 18 27
833 0 move 19 32
833 1 move 40 34
833 2 pick 31 31
833 3 move 37 9
833 4 pick 18 27
834 0 move 19 33
834 1 move 39 34
834 2 move 30 30
834 3 move 37 8
834 4 pick 18 27
835 0 move 19 34
835 1 pick 38 34
835 2 move 30 29
835 3 move 37 7
835 4 pick 18 27
836 0 move 19 35
836 1 move 39 33
836 2 move 30 28
836 3 move 37 6
836 4 move 19 28
837 0 move 19 36
837 1 move 40 33
837 2 move 30 27
837 3 move 37 5
837 4 move 19 29
838 0 move 19 37
838 1 move 40 32
838 2 pick 31 27
838 3 move 37 4
838 4 move 19 30
839 0 move 19 38
839 1 move 40 31
839 2 move 30 26
839 3 move 37 3
839 4 move 19 31
840 0 move 19 39
840 1 move 40 30
840 2 move 30 25
840 3 move 37 2
840 4 move 19 32
841 0 fulfill 19 39
841 1 pick 39 30
841 2 move 30 24
841 3 move 37 1
841 4 move 19 33
842 0 move 18 39
842 1 move 40 29
842 2 pick 31 24
842 3 move 37 0
842 4 move 18 33
843 0 move 17 39
843 1 pick 39 29
843 2 pick 31 24
843 3 fulfill 37 0
843 4 pick 17 33
844 0 move 17 38
844 1 pick 39 29
844 2 pick 31 24
844 3 move 37 1
844 4 move 18 34
845 0 move 17 37
845 1 pick 39 29
845 2 pick 31 24
845 3 move 37 2
845 4 move 19 34
846 0 move 17 36
846 1 move 40 28
846 2 move 29 24
846 3 move 37 3
846 4 move 19 35
847 0 pick 17 35
847 1 pick 39 28
847 2 move 28 24
847 3 move 37 4
847 4 move 19 36
848 1 pick 39 28
848 2 move 27 24
848 3 move 37 5
848 4 move 18 36
849 0 move 18 36
849 1 pick 39 28
849 2 move 26 24
849 3 move 37 6
849 4 move 18 37
850 0 move 19 36
850 1 move 40 29
850 2 pick 25 24
850 3 pick 38 6
850 4 move 18 38
851 0 move 19 35
851 1 move 40 30
851 2 move 26 25
851 3 move 37 5
851 4 move 18 39
852 0 move 19 34
852 1 move 40 31
852 2 move 26 26
852 3 move 37 4
852 4 fulfill 18 39
853 0 move 19 33
853 1 move 40 32
853 2 move 26 27
853 3 move 37 3
853 4 move 18 38
854 0 move 19 32
854 1 move 40 33
854 2 move 26 28
854 3 move 37 2
854 4 move 18 37
855 0 move 19 31
855 1 move 40 34
855 2 move 26 29
855 3 move 37 1
855 4 move 18 36
856 0 move 19 30
856 1 move 40 35
856 2 move 26 30
856 3 move 38 1
856 4 pick 18 35
857 0 move 19 29
857 1 move 40 36
857 2 move 26 31
857 3 move 39 1
857 4 pick 18 35
858 0 pick 18 29
858 1 move 40 37
858 2 move 26 32
858 3 move 39 2
858 4 move 19 36
859 0 move 19 28
859 1 move 40 38
859 2 move 26 33
859 3 move 39 3
859 4 move 19 35
860 0 move 19 27
860 1 move 40 39
860 2 move 26 34
860 3 move 39 4
860 4 move 19 34
861 0 pick 18 27
861 1 fulfill 40 39
861 2 move 26 35
861 3 move 39 5
861 4 move 18 34
862 0 pick 18 27
862 1 move 40 38
862 2 move 26 36
862 3 move 40 5
862 4 move 18 33
863 0 move 19 26
863 1 move 40 37
863 2 move 26 37
863 3 move 40 6
863 4 pick 17 33
864 0 move 19 25
864 1 move 40 36
864 2 move 26 38
864 3 move 40 7
864 4 move 19 33
865 0 move 19 24
865 1 move 40 35
865 2 move 26 39
865 3 move 40 8
865 4 move 19 32
866 0 move 19 23
866 1 pick 39 35
866 2 fulfill 26 39
866 3 pick 39 8
866 4 move 19 31
867 0 move 19 22
867 1 move 40 34
867 2 move 26 38
867 3 pick 39 8
867 4 move 19 30
868 0 move 19 21
868 1 move 40 33
868 2 move 26 37
868 3 move 40 9
868 4 move 19 29
869 0 move 18 21
869 1 move 40 32
869 2 move 26 36
869 3 move 40 10
869 4 pick 18 29
870 0 move 17 21
870 1 move 40 31
870 2 move 26 35
870 3 move 40 11
870 4 move 19 28
871 0 move 16 21
871 1 move 40 30
871 2 move 26 34
871 3 pick 39 11
871 4 move 19 27
872 0 move 16 22
872 1 move 40 29
872 2 move 26 33
872 3 pick 39 11
872 4 pick 18 27
873 0 move 16 23
873 1 move 40 28
873 2 move 26 32
873 3 pick 39 11
873 4 pick 18 27
874 0 move 16 24
874 1 pick 39 28
874 2 move 26 31
874 3 pick 39 11
874 4 pick 18 27
875 0 move 16 25
875 1 pick 39 28
875 2 pick 25 31
875 3 move 40 12
875 4 pick 18 27
876 0 move 16 26
876 1 pick 39 28
876 2 move 26 32
876 3 move 40 13
876 4 move 19 26
877 0 move 16 27
877 1 pick 39 28
877 2 move 25 32
877 3 move 40 14
877 4 move 19 25
878 0 pick 17 27
878 1 pick 39 28
878 2 move 24 32
878 3 move 40 15
878 4 move 19 24
879 0 move 16 26
879 1 pick 39 28
879 2 move 23 32
879 3 move 40 16
879 4 move 19 23
880 0 pick 17 26
880 1 move 40 27
880 2 move 22 32
880 3 move 39 16
880 4 move 19 22
881 0 move 16 27
881 1 move 40 26
881 2 move 21 32
881 3 move 38 16
881 4 move 19 21
882 0 move 16 28
882 1 pick 39 26
882 2 move 20 32
882 3 move 37 16
882 4 move 18 21
883 0 move 16 29
883 1 move 40 25
883 2 move 19 32
883 3 move 36 16
883 4 move 17 21
884 0 move 16 30
884 1 move 40 24
884 2 move 19 33
884 3 move 35 16
884 4 move 16 21
885 0 move 16 31
885 1 move 40 23
885 2 move 18 33
885 3 move 34 16
885 4 move 16 22
886 0 move 16 32
886 1 move 40 22
886 2 pick 17 33
886 3 move 33 16
886 4 move 16 23
887 0 move 16 33
887 1 move 40 21
887 2 move 19 33
887 3 move 33 15
887 4 move 16 24
888 0 move 16 34
888 1 move 39 21
888 2 move 19 32
888 3 move 33 14
888 4 move 16 25
889 0 move 16 35
889 1 move 38 21
889 2 move 19 31
889 3 move 33 13
889 4 move 16 26
890 0 move 16 36
890 1 move 37 21
890 2 move 19 30
890 3 pick 32 13
890 4 move 16 27
891 0 move 16 37
891 1 move 37 22
891 2 move 19 29
891 3 move 33 12
891 4 pick 17 27
892 0 move 16 38
892 1 move 37 23
892 2 move 19 28
892 3 move 33 11
892 4 move 16 26
893 0 move 16 39
893 1 move 37 24
893 2 move 19 27
893 3 move 33 10
893 4 pick 17 26
894 0 fulfill 16 39
894 1 move 37 25
894 2 pick 18 27
894 3 move 33 9
894 4 move 16 25
895 0 move 16 38
895 1 move 37 26
895 2 pick 18 27
895 3 move 33 8
895 4 move 16 24
896 0 move 16 37
896 1 move 37 27
896 2 pick 18 27
896 3 move 33 7
896 4 move 16 23
897 0 move 16 36
897 1 move 37 28
897 2 pick 18 27
897 3 move 33 6
897 4 move 16 22
898 0 move 16 35
898 1 move 37 29
898 2 move 19 26
898 3 move 33 5
898 4 pick 17 22
899 0 move 16 34
899 1 move 37 30
899 2 move 19 25
899 3 move 33 4
899 4 move 15 22
900 0 move 16 33
900 1 move 37 31
900 2 move 19 24
900 3 move 33 3
900 4 move 14 22
901 0 pick 17 33
901 1 pick 38 31
901 2 move 19 23
901 3 move 33 2
901 4 move 13 22
902 0 move 16 32
902 1 move 37 32
902 2 move 19 22
902 3 move 33 1
902 4 move 12 22
903 0 move 16 31
903 1 move 37 33
903 2 move 19 21
903 3 move 33 0
903 4 move 12 21
904 0 move 16 30
904 1 move 37 34
904 2 move 18 21
904 3 fulfill 33 0
904 4 move 11 21
905 0 move 16 29
905 1 move 37 35
905 2 move 17 21
905 3 move 33 1
905 4 move 10 21
906 0 move 16 28
906 1 move 37 36
906 2 move 16 21
906 3 move 33 2
906 4 move 9 21
907 0 pick 17 28
907 1 move 37 37
907 2 move 16 22
907 3 move 33 3
907 4 move 8 21
908 0 move 16 27
908 1 move 37 38
908 2 move 16 23
908 3 move 33 4
908 4 move 7 21
909 0 move 16 26
909 1 move 37 39
909 2 move 16 24
909 3 move 33 5
909 4 move 6 21
910 0 pick 17 26
910 1 fulfill 37 39
910 2 move 16 25
910 3 move 33 6
910 4 move 5 21
911 0 move 16 25
911 1 move 37 38
911 2 move 16 26
911 3 move 33 7
911 4 move 4 21
912 0 move 16 24
912 1 move 37 37
912 2 pick 17 26
912 3 move 33 8
912 4 move 3 21
913 0 move 16 23
913 1 move 37 36
913 2 move 16 27
913 3 move 33 9
913 4 move 2 21
914 0 move 16 22
914 1 move 38 36
914 2 move 16 28
914 3 pick 32 9
914 4 move 1 21
915 0 move 16 21
915 1 move 39 36
915 2 move 16 29
915 3 move 33 8
915 4 move 0 21
916 0 move 17 21
916 1 pick 39 35
916 2 move 16 30
916 3 move 33 7
916 4 move 0 22
917 0 move 18 21
917 1 pick 39 35
917 2 move 16 31
917 3 move 33 6
917 4 fulfill 0 22
918 0 move 19 21
918 1 move 38 36
918 2 move 16 32
918 3 move 33 5
918 4 move 1 22
919 0 move 19 22
919 1 move 37 36
919 2 move 16 33
919 3 move 32 5
919 4 move 2 22
920 0 move 19 23
920 1 move 37 35
920 2 move 16 34
920 3 move 31 5
920 4 move 3 22
921 0 move 19 24
921 1 move 37 34
921 2 move 16 35
921 3 move 30 5
921 4 move 4 22
922 0 move 19 25
922 1 move 37 33
922 2 move 16 36
922 3 move 30 6
922 4 move 5 22
923 0 move 19 26
923 1 move 37 32
923 2 move 16 37
923 3 move 30 7
923 4 move 6 22
924 0 move 19 27
924 1 pick 38 32
924 2 move 16 38
924 3 pick 31 7
924 4 move 7 22
925 0 pick 18 27
925 1 pick 38 32
925 2 move 16 39
925 3 move 29 7
925 4 move 8 22
926 0 pick 18 27
926 1 move 37 33
926 2 fulfill 16 39
926 3 move 28 7
926 4 move 9 22
927 0 pick 18 27
927 1 move 37 34
927 2 move 16 38
927 3 move 27 7
927 4 move 9 21
928 0 move 19 28
928 1 move 37 35
928 2 move 16 37
928 3 move 26 7
928 4 move 10 21
929 0 move 19 29
929 1 move 37 36
929 2 move 16 36
929 3 move 26 8
929 4 move 11 21
930 0 move 19 30
930 1 move 38 36
930 2 move 17 36
930 3 pick 25 8
930 4 move 12 21
931 0 move 19 31
931 1 move 39 36
931 2 move 18 36
931 3 pick 25 8
931 4 move 12 22
932 0 move 19 32
932 1 move 40 36
932 2 pick 18 35
932 3 pick 25 8
932 4 pick 11 22
933 0 move 19 33
933 1 move 40 35
933 2 move 19 36
933 3 move 26 9
933 4 move 12 21
934 0 move 19 34
934 1 move 40 34
934 2 move 19 35
934 3 move 26 10
934 4 move 12 20
935 0 move 19 35
935 1 move 40 33
935 2 move 19 34
935 3 move 26 11
935 4 move 12 19
936 0 move 19 36
936 1 move 40 32
936 2 move 18 34
936 3 move 26 12
936 4 move 12 18
937 0 move 19 37
937 1 move 40 31
937 2 move 18 33
937 3 move 26 13
937 4 move 12 17
938 0 move 19 38
938 1 move 40 30
938 2 pick 17 33
938 3 move 26 14
938 4 move 12 16
939 0 move 19 39
939 1 move 40 29
939 2 move 19 33
939 3 pick 25 14
939 4 move 12 15
940 0 fulfill 19 39
940 1 pick 39 29
940 2 move 19 32
940 3 move 26 13
940 4 pick 11 15
941 0 move 19 38
941 1 pick 39 29
941 2 move 19 31
941 3 move 26 12
941 4 pick 11 15
942 0 move 19 37
942 1 pick 39 29
942 2 move 19 30
942 3 move 26 11
942 4 move 12 16
943 0 move 19 36
943 1 move 40 28
943 2 move 19 29
943 3 move 26 10
943 4 move 11 16
944 0 move 19 35
944 1 pick 39 28
944 2 pick 18 29
944 3 move 26 9
944 4 move 10 16
945 0 move 19 34
945 1 pick 39 28
945 2 move 19 28
945 3 move 26 8
945 4 move 9 16
946 0 move 18 34
946 1 pick 39 28
946 2 move 19 27
946 3 move 26 7
946 4 move 9 15
947 0 move 18 33
947 1 pick 39 28
947 2 pick 18 27
947 3 move 26 6
947 4 move 9 14
948 0 pick 17 33
948 1 pick 39 28
948 2 pick 18 27
948 3 move 26 5
948 4 move 9 13
949 0 move 18 34
949 1 pick 39 28
949 2 pick 18 27
949 3 move 26 4
949 4 move 9 12
950 0 move 19 34
950 1 pick 39 28
950 2 pick 18 27
950 3 move 26 3
950 4 move 9 11
951 0 move 19 35
951 1 move 40 29
951 2 pick 18 27
951 3 move 26 2
951 4 pick 10 11
952 0 move 19 36
952 1 move 40 30
952 2 pick 18 27
952 3 move 26 1
952 4 move 9 10
953 0 move 18 36
953 1 move 40 31
953 2 move 19 26
953 3 move 26 0
953 4 move 9 9
954 0 move 17 36
954 1 move 40 32
954 2 move 19 25
954 3 fulfill 26 0
954 4 move 9 8
955 0 move 16 36
955 1 move 40 33
955 2 move 19 24
955 3 move 26 1
955 4 move 9 7
956 0 move 16 35
956 1 move 40 34
956 2 move 19 23
956 3 move 26 2
956 4 move 9 6
957 0 move 16 34
957 1 move 40 35
957 2 move 19 22
957 3 move 26 3
957 4 pick 10 6
958 0 move 16 33
958 1 move 40 36
958 2 move 19 21
958 3 move 26 4
958 4 pick 10 6
959 0 move 16 32
959 1 move 40 37
959 2 move 18 21
959 3 move 26 5
959 4 pick 10 6
960 0 move 16 31
960 1 move 40 38
960 2 move 17 21
960 3 move 26 6
960 4 pick 10 6
961 0 pick 17 31
961 1 move 40 39
961 2 move 16 21
961 3 move 26 7
961 4 pick 10 6
962 0 move 16 30
962 1 fulfill 40 39
962 2 move 16 22
962 3 move 26 8
962 4 pick 10 6
963 0 move 16 29
963 1 move 40 38
963 2 move 16 23
963 3 pick 25 8
963 4 pick 10 6
964 0 move 16 28
964 1 move 40 37
964 2 move 16 24
964 3 pick 25 8
964 4 move 9 5
965 0 pick 17 28
965 1 move 40 36
965 2 move 16 25
965 3 move 26 7
965 4 move 9 4
966 0 move 16 27
966 1 move 40 35
966 2 move 16 26
966 3 move 26 6
966 4 move 9 3
967 0 move 16 26
967 1 move 40 34
967 2 move 16 27
967 3 move 26 5
967 4 move 9 2
968 0 move 16 25
968 1 move 40 33
968 2 pick 17 27
968 3 move 25 5
968 4 move 9 1
969 0 move 16 24
969 1 move 40 32
969 2 move 16 26
969 3 move 24 5
969 4 move 9 0
970 0 move 16 23
970 1 move 40 31
970 2 pick 17 26
970 3 move 23 5
970 4 fulfill 9 0
971 0 move 16 22
971 1 move 40 30
971 2 move 16 27
971 3 move 23 6
971 4 move 9 1
972 0 move 16 21
972 1 move 40 29
972 2 move 16 28
972 3 move 23 7
972 4 move 9 2
973 0 move 17 21
973 1 move 40 28
973 2 move 16 29
973 3 move 23 8
973 4 move 9 3
974 0 move 18 21
974 1 pick 39 28
974 2 move 16 30
974 3 move 23 9
974 4 move 9 4
975 0 move 19 21
975 1 pick 39 28
975 2 move 16 31
975 3 move 23 10
975 4 move 9 5
976 0 move 19 22
976 1 pick 39 28
976 2 move 16 32
976 3 pick 24 10
976 4 move 9 6
977 0 move 19 23
977 1 pick 39 28
977 2 move 16 33
977 3 move 23 11
977 4 pick 10 6
978 0 move 19 24
978 1 move 40 27
978 2 move 16 34
978 3 move 23 12
978 4 pick 10 6
979 0 move 19 25
979 1 move 40 26
979 2 move 16 35
979 3 move 23 13
979 4 pick 10 6
980 0 move 19 26
980 1 move 40 25
980 2 move 16 36
980 3 move 23 14
980 4 move 9 7
981 0 move 19 27
981 1 move 40 24
981 2 move 16 37
981 3 move 23 15
981 4 move 9 8
982 0 pick 18 27
982 1 move 40 23
982 2 move 16 38
982 3 move 23 16
982 4 pick 10 8
983 0 pick 18 27
983 1 move 40 22
983 2 move 16 39
983 3 move 24 16
983 4 move 9 7
984 0 move 19 28
984 1 move 40 21
984 2 fulfill 16 39
984 3 move 25 16
984 4 move 9 6
985 0 move 19 29
985 1 move 39 21
985 2 move 16 38
985 3 move 26 16
985 4 move 9 5
986 0 move 19 30
986 1 move 38 21
986 2 move 16 37
986 3 move 26 15
986 4 move 10 5
987 0 move 19 31
987 1 move 37 21
987 2 move 16 36
987 3 move 26 14
987 4 move 11 5
988 0 move 19 32
988 1 move 37 22
988 2 move 16 35
988 3 pick 25 14
988 4 move 12 5
989 0 move 19 33
989 1 move 37 23
989 2 move 16 34
989 3 move 27 14
989 4 move 12 6
990 0 move 19 34
990 1 move 37 24
990 2 move 16 33
990 3 move 28 14
990 4 move 12 7
991 0 move 19 35
991 1 move 37 25
991 2 move 16 32
991 3 move 29 14
991 4 move 12 8
992 0 move 19 36
992 1 pick 38 25
992 2 pick 17 32
992 3 move 30 14
992 4 move 12 9
993 0 move 19 37
993 1 pick 38 25
993 2 pick 17 32
993 3 pick 31 14
993 4 move 13 9
994 0 move 19 38
994 1 move 37 26
994 2 move 16 33
994 3 move 30 13
994 4 move 14 9
995 0 move 19 39
995 1 move 37 27
995 2 move 16 34
995 3 move 30 12
995 4 move 15 9
996 0 fulfill 19 39
996 1 move 37 28
996 2 move 16 35
996 3 move 30 11
996 4 move 16 9
997 0 move 19 38
997 1 move 37 29
997 2 move 16 36
997 3 move 30 10
997 4 pick 17 9
998 0 move 19 37
998 1 move 37 30
998 2 move 17 36
998 3 move 30 9
998 4 move 16 8
999 0 move 19 36
999 1 move 37 31
999 2 move 18 36
999 3 move 30 8
999 4 move 16 7
1000 0 move 19 35
1000 1 move 37 32
1000 2 move 19 36
1000 3 move 30 7
1000 4 move 16 6
1001 0 move 19 34
1001 1 move 37 33
1001 2 move 19 35
1001 3 move 30 6
1001 4 move 16 5
1002 0 move 19 33
1002 1 move 37 34
1002 2 move 19 34
1002 3 move 30 5
1002 4 move 16 4
1003 0 move 19 32
1003 1 move 37 35
1003 2 move 19 33
1003 3 move 30 4
1003 4 move 16 3
1004 0 move 19 31
1004 1 move 37 36
1004 2 move 19 32
1004 3 move 30 3
1004 4 move 16 2
1005 0 move 20 31
1005 1 move 37 37
1005 2 move 19 31
1005 3 move 30 2
1005 4 move 16 1
1006 0 move 21 31
1006 1 move 37 38
1006 2 move 19 30
1006 3 move 30 1
1006 4 move 16 0
1007 0 move 22 31
1007 1 move 37 39
1007 2 move 19 29
1007 3 move 30 0
1007 4 fulfill 16 0
1008 0 move 23 31
1008 1 fulfill 37 39
1008 2 move 19 28
1008 3 fulfill 30 0
1008 4 move 15 0
1009 0 pick 24 31
1009 1 move 37 38
1009 2 move 19 27
1009 3 move 29 0
1009 4 move 14 0
1010 0 pick 24 31
1010 1 move 37 37
1010 2 pick 18 27
1010 3 move 28 0
1010 4 move 13 0
1011 0 move 23 32
1011 1 move 37 36
1011 2 move 19 26
1011 3 move 27 0
1011 4 move 12 0
1012 0 move 24 32
1012 1 move 37 35
1012 2 pick 18 26
1012 3 move 26 0
1012 4 move 11 0
1013 0 move 25 32
1013 1 move 37 34
1013 2 move 19 25
1013 3 move 26 1
1013 4 move 10 0
1014 0 move 26 32
1014 1 move 37 33
1014 2 move 20 25
1014 3 move 26 2
1014 4 move 10 1
1015 0 move 26 31
1015 1 move 37 32
1015 2 move 21 25
1015 3 move 26 3
1015 4 move 10 2
1016 0 move 26 30
1016 1 move 37 31
1016 2 move 22 25
1016 3 move 26 4
1016 4 move 10 3
1017 0 move 26 29
1017 1 move 37 30
1017 2 move 23 25
1017 3 move 26 5
1017 4 move 10 4
1018 0 move 26 28
1018 1 move 37 29
1018 2 pick 24 25
1018 3 move 26 6
1018 4 move 10 5
1019 0 pick 25 28
1019 1 pick 38 29
1019 2 move 23 26
1019 3 move 26 7
1019 4 pick 10 6
1020 0 move 26 29
1020 1 pick 38 29
1020 2 move 23 27
1020 3 pick 25 7
1020 4 pick 10 6
1021 0 move 26 30
1021 1 move 37 28
1021 2 move 23 28
1021 3 move 26 8
1021 4 pick 10 6
1022 0 move 26 31
1022 1 move 37 27
1022 2 move 23 29
1022 3 pick 25 8
1022 4 pick 10 6
1023 0 move 26 32
1023 1 move 37 26
1023 2 move 23 30
1023 3 pick 25 8
1023 4 move 9 5
1024 0 move 25 32
1024 1 move 37 25
1024 2 move 23 31
1024 3 pick 25 8
1024 4 move 9 6
1025 0 move 24 32
1025 1 pick 38 25
1025 2 move 23 32
1025 3 move 26 9
1025 4 move 9 7
1026 0 move 23 32
1026 1 move 36 25
1026 2 move 23 33
1026 3 move 26 10
1026 4 move 9 8
1027 0 move 22 32
1027 1 move 35 25
1027 2 move 23 34
1027 3 move 26 11
1027 4 move 9 9
1028 0 move 21 32
1028 1 move 34 25
1028 2 move 23 35
1028 3 move 26 12
1028 4 pick 10 9
1029 0 move 20 32
1029 1 move 33 25
1029 2 move 23 36
1029 3 pick 25 12
1029 4 pick 10 9
1030 0 move 19 32
1030 1 move 33 26
1030 2 move 23 37
1030 3 move 26 11
1030 4 move 9 8
1031 0 move 19 31
1031 1 move 33 27
1031 2 move 23 38
1031 3 move 26 10
1031 4 move 9 7
1032 0 move 19 30
1032 1 pick 32 27
1032 2 move 23 39
1032 3 move 26 9
1032 4 move 9 6
1033 0 move 19 29
1033 1 pick 32 27
1033 2 fulfill 23 39
1033 3 move 26 8
1033 4 move 9 5
1034 0 move 19 28
1034 1 pick 32 27
1034 2 move 23 38
1034 3 move 26 7
1034 4 move 10 5
1035 0 move 19 27
1035 1 pick 32 27
1035 2 move 23 37
1035 3 move 26 6
1035 4 move 11 5
1036 0 pick 18 27
1036 1 move 33 28
1036 2 move 23 36
1036 3 move 26 5
1036 4 move 12 5
1037 0 pick 18 27
1037 1 move 33 29
1037 2 move 23 35
1037 3 move 26 4
1037 4 move 13 5
1038 0 pick 18 27
1038 1 move 33 30
1038 2 move 23 34
1038 3 move 26 3
1038 4 move 14 5
1039 0 pick 18 27
1039 1 move 33 31
1039 2 move 23 33
1039 3 move 26 2
1039 4 move 15 5
1040 0 pick 18 27
1040 1 move 33 32
1040 2 move 23 32
1040 3 move 26 1
1040 4 move 16 5
1041 0 move 19 28
1041 1 move 33 33
1041 2 move 24 32
1041 3 move 26 0
1041 4 move 17 5
1042 0 move 19 29
1042 1 move 33 34
1042 2 move 25 32
1042 3 fulfill 26 0
1042 4 move 18 5
1043 0 move 19 30
1043 1 move 33 35
1043 2 pick 25 31
1043 3 move 26 1
1043 4 move 19 5
1044 0 move 19 31
1044 1 move 33 36
1044 2 pick 25 31
1044 3 move 26 2
1044 4 move 19 6
1045 0 move 19 32
1045 1 move 33 37
1045 2 pick 25 31
1045 3 move 26 3
1045 4 move 19 7
1046 0 move 19 33
1046 1 move 33 38
1046 2 pick 25 31
1046 3 move 26 4
1046 4 move 19 8
1047 0 move 19 34
1047 1 move 33 39
1047 2 pick 25 31
1047 3 move 26 5
1047 4 move 19 9
1048 0 move 19 35
1048 1 fulfill 33 39
1048 2 move 26 32
1048 3 move 26 6
1048 4 move 19 10
1049 0 move 19 36
1049 1 move 32 39
1049 2 move 26 31
1049 3 move 26 7
1049 4 move 19 11
1050 0 move 19 37
1050 1 move 31 39
1050 2 move 26 30
1050 3 move 26 8
1050 4 pick 18 11
1051 0 move 19 38
1051 1 move 31 38
1051 2 move 26 29
1051 3 pick 25 8
1051 4 move 19 10
1052 0 move 19 39
1052 1 move 31 37
1052 2 move 26 28
1052 3 pick 25 8
1052 4 move 19 9
1053 0 fulfill 19 39
1053 1 move 31 36
1053 2 move 26 27
1053 3 move 26 7
1053 4 move 19 8
1054 0 move 19 38
1054 1 move 31 35
1054 2 move 26 26
1054 3 move 26 6
1054 4 move 19 7
1055 0 move 19 37
1055 1 move 31 34
1055 2 pick 25 26
1055 3 move 26 5
1055 4 move 19 6
1056 0 move 19 36
1056 1 move 31 33
1056 2 pick 25 26
1056 3 move 25 5
1056 4 move 19 5
1057 0 move 19 35
1057 1 move 31 32
1057 2 move 26 25
1057 3 move 24 5
1057 4 move 19 4
1058 0 move 19 34
1058 1 pick 31 31
1058 2 move 26 24
1058 3 move 23 5
1058 4 move 19 3
1059 0 move 19 33
1059 1 move 32 32
1059 2 pick 25 24
1059 3 move 23 6
1059 4 move 19 2
1060 0 move 19 32
1060 1 move 33 32
1060 2 move 27 24
1060 3 move 23 7
1060 4 move 19 1
1061 0 move 19 31
1061 1 move 34 32
1061 2 move 28 24
1061 3 move 23 8
1061 4 move 19 0
1062 0 move 19 30
1062 1 move 35 32
1062 2 move 29 24
1062 3 pick 24 8
1062 4 fulfill 19 0
1063 0 move 19 29
1063 1 move 36 32
1063 2 move 30 24
1063 3 move 23 7
1063 4 move 19 1
1064 0 move 19 28
1064 1 move 37 32
1064 2 pick 31 24
1064 3 move 23 6
1064 4 move 19 2
1065 0 move 19 27
1065 1 pick 38 32
1065 2 pick 31 24
1065 3 move 23 5
1065 4 move 19 3
1066 0 pick 18 27
1066 1 move 37 33
1066 2 pick 31 24
1066 3 move 24 5
1066 4 move 19 4
1067 0 pick 18 27
1067 1 move 37 34
1067 2 move 30 25
1067 3 move 25 5
1067 4 move 19 5
1068 0 move 19 26
1068 1 move 37 35
1068 2 move 30 26
1068 3 move 26 5
1068 4 move 19 6
1069 0 move 19 25
1069 1 move 37 36
1069 2 move 30 27
1069 3 move 26 6
1069 4 move 20 6
1070 0 move 19 24
1070 1 move 38 36
1070 2 move 30 28
1070 3 move 26 7
1070 4 move 21 6
1071 0 move 19 23
1071 1 move 39 36
1071 2 move 30 29
1071 3 move 26 8
1071 4 move 22 6
1072 0 move 19 22
1072 1 move 40 36
1072 2 move 30 30
1072 3 move 26 9
1072 4 move 23 6
1073 0 move 19 21
1073 1 move 40 35
1073 2 move 30 31
1073 3 move 27 9
1073 4 pick 24 6
1074 0 move 18 21
1074 1 move 40 34
1074 2 move 30 32
1074 3 move 28 9
1074 4 move 23 5
1075 0 move 17 21
1075 1 move 40 33
1075 2 move 30 33
1075 3 move 29 9
1075 4 move 24 5
1076 0 move 16 21
1076 1 move 40 32
1076 2 move 30 34
1076 3 move 30 9
1076 4 move 25 5
1077 0 move 16 22
1077 1 move 40 31
1077 2 move 30 35
1077 3 pick 31 9
1077 4 move 26 5
1078 0 move 16 23
1078 1 move 40 30
1078 2 move 30 36
1078 3 pick 31 9
1078 4 move 26 6
1079 0 move 16 24
1079 1 move 40 29
1079 2 move 30 37
1079 3 pick 31 9
1079 4 move 26 7
1080 0 move 16 25
1080 1 move 40 28
1080 2 move 30 38
1080 3 move 30 8
1080 4 move 26 8
1081 0 move 16 26
1081 1 pick 39 28
1081 2 move 30 39
1081 3 move 30 7
1081 4 pick 25 8
1082 0 move 16 27
1082 1 pick 39 28
1082 2 fulfill 30 39
1082 3 move 30 6
1082 4 pick 25 8
1083 0 pick 17 27
1083 1 pick 39 28
1083 2 move 30 38
1083 3 move 30 5
1083 4 pick 25 8
1084 0 pick 17 27
1084 1 pick 39 28
1084 2 move 30 37
1084 3 move 31 5
1084 4 pick 25 8
1085 0 move 16 28
1085 1 move 40 29
1085 2 move 30 36
1085 3 move 32 5
1085 4 pick 25 8
1086 0 move 16 29
1086 1 move 40 30
1086 2 move 30 35
1086 3 move 33 5
1086 4 move 26 9
1087 0 pick 17 29
1087 1 move 40 31
1087 2 move 30 34
1087 3 move 33 6
1087 4 move 26 10
1088 0 move 15 29
1088 1 move 40 32
1088 2 move 30 33
1088 3 move 33 7
1088 4 move 26 11
1089 0 move 14 29
1089 1 move 40 33
1089 2 move 30 32
1089 3 move 33 8
1089 4 move 26 12
1090 0 move 13 29
1090 1 move 40 34
1090 2 move 30 31
1090 3 move 33 9
1090 4 move 26 13
1091 0 move 12 29
1091 1 move 40 35
1091 2 pick 31 31
1091 3 move 34 9
1091 4 move 26 14
1092 0 move 12 30
1092 1 move 40 36
1092 2 pick 31 31
1092 3 move 35 9
1092 4 pick 25 14
1093 0 move 12 31
1093 1 move 40 37
1093 2 move 30 30
1093 3 move 36 9
1093 4 move 26 15
1094 0 move 12 32
1094 1 move 40 38
1094 2 move 30 29
1094 3 move 37 9
1094 4 move 27 15
1095 0 move 11 32
1095 1 move 40 39
1095 2 move 30 28
1095 3 pick 38 9
1095 4 move 28 15
1096 0 move 10 32
1096 1 fulfill 40 39
1096 2 move 30 27
1096 3 move 37 8
1096 4 move 29 15
1097 0 move 9 32
1097 1 move 40 38
1097 2 move 30 26
1097 3 move 37 7
1097 4 move 30 15
1098 0 move 9 31
1098 1 move 40 37
1098 2 move 30 25
1098 3 move 37 6
1098 4 pick 31 15
1099 0 move 9 30
1099 1 move 40 36
1099 2 move 30 24
1099 3 move 37 5
1099 4 move 30 14
1100 0 move 9 29
1100 1 move 40 35
1100 2 pick 31 24
1100 3 move 37 4
1100 4 move 30 13
1101 0 pick 10 29
1101 1 move 40 34
1101 2 pick 31 24
1101 3 move 37 3
1101 4 move 30 12
1102 0 move 8 29
1102 1 move 40 33
1102 2 move 30 23
1102 3 move 37 2
1102 4 move 30 11
1103 0 move 7 29
1103 1 move 40 32
1103 2 move 30 22
1103 3 move 37 1
1103 4 move 30 10
1104 0 move 6 29
1104 1 move 40 31
1104 2 move 30 21
1104 3 move 37 0
1104 4 move 30 9
1105 0 move 5 29
1105 1 move 40 30
1105 2 move 31 21
1105 3 fulfill 37 0
1105 4 move 30 8
1106 0 move 4 29
1106 1 move 40 29
1106 2 move 32 21
1106 3 move 37 1
1106 4 move 30 7
1107 0 move 3 29
1107 1 pick 39 29
1107 2 move 33 21
1107 3 move 37 2
1107 4 move 30 6
1108 0 move 2 29
1108 1 move 40 28
1108 2 move 33 22
1108 3 move 37 3
1108 4 move 30 5
1109 0 move 1 29
1109 1 pick 39 28
1109 2 move 33 23
1109 3 move 37 4
1109 4 move 30 4
1110 0 move 0 29
1110 1 pick 39 28
1110 2 move 33 24
1110 3 move 37 5
1110 4 move 30 3
1111 0 fulfill 0 29
1111 1 move 40 27
1111 2 move 33 25
1111 3 move 37 6
1111 4 move 30 2
1112 0 move 0 28
1112 1 move 40 26
1112 2 move 33 26
1112 3 move 37 7
1112 4 move 30 1
1113 0 move 1 28
1113 1 move 40 25
1113 2 pick 32 26
1113 3 move 37 8
1113 4 move 30 0
1114 0 move 2 28
1114 1 pick 39 25
1114 2 move 33 27
1114 3 move 37 9
1114 4 fulfill 30 0
1115 0 move 3 28
1115 1 move 40 24
1115 2 move 34 27
1115 3 pick 38 9
1115 4 move 30 1
1116 0 move 4 28
1116 1 pick 39 24
1116 2 move 35 27
1116 3 pick 38 9
1116 4 move 30 2
1117 0 move 5 28
1117 1 pick 39 24
1117 2 move 36 27
1117 3 move 36 9
1117 4 move 30 3
1118 0 move 6 28
1118 1 move 40 25
1118 2 move 37 27
1118 3 move 35 9
1118 4 move 30 4
1119 0 move 7 28
1119 1 move 40 26
1119 2 pick 38 27
1119 3 move 34 9
1119 4 move 30 5
1120 0 move 8 28
1120 1 move 40 27
1120 2 pick 38 27
1120 3 move 33 9
1120 4 move 30 6
1121 0 move 9 28
1121 1 move 40 28
1121 2 move 37 28
1121 3 pick 32 9
1121 4 move 30 7
1122 0 pick 10 28
1122 1 move 40 29
1122 2 move 37 29
1122 3 move 33 8
1122 4 move 30 8
1123 0 pick 10 28
1123 1 move 40 30
1123 2 move 37 30
1123 3 move 33 7
1123 4 move 30 9
1124 0 pick 10 28
1124 1 move 40 31
1124 2 move 37 31
1124 3 move 33 6
1124 4 pick 31 9
1125 0 move 9 29
1125 1 move 40 32
1125 2 move 37 32
1125 3 move 33 5
1125 4 move 29 9
1126 0 move 9 30
1126 1 move 40 33
1126 2 move 37 33
1126 3 move 32 5
1126 4 move 28 9
1127 0 move 9 31
1127 1 move 40 34
1127 2 move 37 34
1127 3 move 31 5
1127 4 move 27 9
1128 0 move 9 32
1128 1 move 40 35
1128 2 move 37 35
1128 3 move 30 5
1128 4 move 26 9
1129 0 move 10 32
1129 1 move 40 36
1129 2 move 37 36
1129 3 move 29 5
1129 4 move 26 8
1130 0 move 11 32
1130 1 move 40 37
1130 2 move 37 37
1130 3 move 28 5
1130 4 pick 25 8
1131 0 move 12 32
1131 1 move 40 38
1131 2 move 37 38
1131 3 move 27 5
1131 4 pick 25 8
1132 0 move 12 31
1132 1 move 40 39
1132 2 move 37 39
1132 3 move 26 5
1132 4 pick 25 8
1133 0 move 12 30
1133 1 fulfill 40 39
1133 2 fulfill 37 39
1133 3 move 26 6
1133 4 pick 25 8
1134 0 move 12 29
1134 1 move 40 38
1134 2 move 37 38
1134 3 move 26 7
1134 4 pick 25 8
1135 0 pick 11 29
1135 1 move 40 37
1135 2 move 37 37
1135 3 move 26 8
1135 4 move 26 7
1136 0 move 12 28
1136 1 move 40 36
1136 2 move 37 36
1136 3 pick 25 8
1136 4 move 26 6
1137 0 move 13 28
1137 1 move 40 35
1137 2 move 37 35
1137 3 move 26 7
1137 4 pick 25 6
1138 0 move 14 28
1138 1 move 40 34
1138 2 move 37 34
1138 3 move 26 6
1138 4 move 27 6
1139 0 move 15 28
1139 1 move 40 33
1139 2 move 37 33
1139 3 pick 25 6
1139 4 move 28 6
1140 0 move 16 28
1140 1 move 40 32
1140 2 move 37 32
1140 3 move 26 5
1140 4 move 29 6
1141 0 pick 17 28
1141 1 move 40 31
1141 2 move 37 31
1141 3 move 26 4
1141 4 move 30 6
1142 0 move 16 27
1142 1 move 40 30
1142 2 move 37 30
1142 3 move 26 3
1142 4 move 30 5
1143 0 move 16 26
1143 1 move 40 29
1143 2 move 37 29
1143 3 move 26 2
1143 4 move 31 5
1144 0 move 16 25
1144 1 pick 39 29
1144 2 move 37 28
1144 3 move 26 1
1144 4 move 32 5
1145 0 move 16 24
1145 1 move 40 28
1145 2 pick 38 28
1145 3 move 26 0
1145 4 move 33 5
1146 0 move 16 23
1146 1 pick 39 28
1146 2 move 37 27
1146 3 fulfill 26 0
1146 4 move 33 6
1147 0 move 16 22
1147 1 pick 39 28
1147 2 move 37 26
1147 3 move 26 1
1147 4 move 33 7
1148 0 move 16 21
1148 1 move 40 27
1148 2 pick 38 26
1148 3 move 26 2
1148 4 move 33 8
1149 0 move 17 21
1149 1 move 40 26
1149 2 move 36 26
1149 3 move 26 3
1149 4 move 33 9
1150 0 move 18 21
1150 1 move 40 25
1150 2 move 35 26
1150 3 move 26 4
1150 4 move 34 9
1151 0 move 19 21
1151 1 move 40 24
1151 2 move 34 26
1151 3 move 26 5
1151 4 move 35 9
1152 0 move 19 22
1152 1 move 40 23
1152 2 move 33 26
1152 3 move 26 6
1152 4 move 36 9
1153 0 move 19 23
1153 1 move 40 22
1153 2 move 33 27
1153 3 move 26 7
1153 4 move 37 9
1154 0 move 19 24
1154 1 move 40 21
1154 2 pick 32 27
1154 3 move 26 8
1154 4 pick 38 9
1155 0 move 19 25
1155 1 move 39 21
1155 2 pick 32 27
1155 3 pick 25 8
1155 4 pick 38 9
1156 0 move 19 26
1156 1 move 38 21
1156 2 pick 32 27
1156 3 pick 25 8
1156 4 move 37 8
1157 0 move 19 27
1157 1 move 37 21
1157 2 pick 32 27
1157 3 pick 25 8
1157 4 move 37 7
1158 0 pick 18 27
1158 1 move 37 22
1158 2 move 33 26
1158 3 pick 25 8
1158 4 move 37 6
1159 0 pick 18 27
1159 1 move 37 23
1159 2 move 33 25
1159 3 pick 25 8
1159 4 move 37 5
1160 0 pick 18 27
1160 1 move 37 24
1160 2 move 33 24
1160 3 move 26 7
1160 4 move 37 4
1161 0 move 19 28
1161 1 move 37 25
1161 2 move 33 23
1161 3 move 26 6
1161 4 move 37 3
1162 0 move 19 29
1162 1 move 37 26
1162 2 move 33 22
1162 3 move 26 5
1162 4 move 37 2
1163 0 move 19 30
1163 1 move 37 27
1163 2 pick 32 22
1163 3 move 25 5
1163 4 move 37 1
1164 0 move 19 31
1164 1 move 37 28
1164 2 pick 32 22
1164 3 move 24 5
1164 4 move 37 0
1165 0 move 19 32
1165 1 pick 38 28
1165 2 move 33 23
1165 3 move 23 5
1165 4 fulfill 37 0
1166 0 move 19 33
1166 1 move 37 29
1166 2 move 33 24
1166 3 move 23 6
1166 4 move 37 1
1167 0 move 19 34
1167 1 move 37 30
1167 2 move 33 25
1167 3 move 23 7
1167 4 move 37 2
1168 0 move 19 35
1168 1 move 37 31
1168 2 move 33 26
1168 3 move 23 8
1168 4 move 37 3
1169 0 move 19 36
1169 1 pick 38 31
1169 2 move 33 27
1169 3 pick 24 8
1169 4 pick 38 3
1170 0 move 19 37
1170 1 move 37 32
1170 2 move 33 28
1170 3 move 22 8
1170 4 move 37 4
1171 0 move 19 38
1171 1 move 37 33
1171 2 move 33 29
1171 3 move 21 8
1171 4 move 37 5
1172 0 move 19 39
1172 1 move 37 34
1172 2 move 33 30
1172 3 move 20 8
1172 4 move 37 6
1173 0 fulfill 19 39
1173 1 move 37 35
1173 2 move 33 31
1173 3 move 19 8
1173 4 move 37 7
1174 0 move 18 39
1174 1 move 37 36
1174 2 move 33 32
1174 3 pick 18 8
1174 4 move 37 8
1175 0 move 17 39
1175 1 move 37 37
1175 2 move 33 33
1175 3 move 19 7
1175 4 move 37 9
1176 0 move 16 39
1176 1 move 37 38
1176 2 move 33 34
1176 3 move 19 6
1176 4 pick 38 9
1177 0 move 16 38
1177 1 move 37 39
1177 2 move 33 35
1177 3 move 19 5
1177 4 move 36 9
1178 0 move 16 37
1178 1 fulfill 37 39
1178 2 move 33 36
1178 3 move 18 5
1178 4 move 35 9
1179 0 move 16 36
1179 1 move 37 38
1179 2 move 33 37
1179 3 move 17 5
1179 4 move 34 9
1180 0 move 16 35
1180 1 move 37 37
1180 2 move 33 38
1180 3 move 16 5
1180 4 move 33 9
1181 0 move 16 34
1181 1 move 37 36
1181 2 move 33 39
1181 3 move 16 6
1181 4 pick 32 9
1182 0 move 16 33
1182 1 move 37 35
1182 2 fulfill 33 39
1182 3 move 16 7
1182 4 move 33 8
1183 0 move 16 32
1183 1 move 37 34
1183 2 move 33 38
1183 3 move 16 8
1183 4 move 33 7
1184 0 pick 17 32
1184 1 move 37 33
1184 2 move 33 37
1184 3 move 16 9
1184 4 move 33 6
1185 0 move 16 31
1185 1 move 37 32
1185 2 move 33 36
1185 3 move 16 10
1185 4 move 33 5
1186 0 move 16 30
1186 1 move 37 31
1186 2 move 33 35
1186 3 move 16 11
1186 4 move 32 5
1187 0 move 16 29
1187 1 pick 38 31
1187 2 move 33 34
1187 3 pick 17 11
1187 4 move 31 5
1188 0 pick 17 29
1188 1 move 37 32
1188 2 move 33 33
1188 3 pick 17 11
1188 4 move 30 5
1189 0 pick 17 29
1189 1 move 37 33
1189 2 move 33 32
1189 3 move 16 12
1189 4 move 29 5
1190 0 move 16 28
1190 1 move 37 34
1190 2 move 33 31
1190 3 move 16 13
1190 4 move 28 5
1191 0 pick 17 28
1191 1 move 37 35
1191 2 move 33 30
1191 3 move 16 14
1191 4 move 27 5
1192 0 pick 17 28
1192 1 move 37 36
1192 2 pick 32 30
1192 3 move 16 15
1192 4 move 26 5
1193 0 pick 17 28
1193 1 move 38 36
1193 2 move 33 29
1193 3 move 16 16
1193 4 move 26 6
1194 0 move 16 27
1194 1 move 39 36
1194 2 move 33 28
1194 3 move 16 17
1194 4 move 26 7
1195 1 move 40 36
1195 2 move 33 27
1195 3 move 16 18
1195 4 move 26 8
1196 0 move 16 26
1196 1 move 40 35
1196 2 pick 32 27
1196 3 move 16 19
1196 4 pick 25 8
1197 0 move 16 25
1197 1 move 40 34
1197 2 pick 32 27
1197 3 move 16 20
1197 4 pick 25 8
1198 0 move 16 24
1198 1 move 40 33
1198 2 pick 32 27
1198 3 move 16 21
1198 4 pick 25 8
1199 0 move 16 23
1199 1 move 40 32
1199 2 move 34 27
1199 3 move 16 22
1199 4 pick 25 8
1200 0 move 16 22
1200 1 move 40 31
1200 2 move 35 27
1200 3 move 16 23
1200 4 pick 25 8
1201 0 move 16 21
1201 1 move 40 30
1201 2 move 36 27
1201 3 move 16 24
1201 4 pick 25 8
1202 0 move 17 21
1202 1 move 40 29
1202 2 move 37 27
1202 3 move 16 25
1202 4 pick 25 8
1203 0 move 18 21
1203 1 pick 39 29
1203 2 pick 38 27
1203 3 move 16 26
1203 4 move 26 7
1204 0 move 19 21
1204 1 pick 39 29
1204 2 pick 38 27
1204 3 move 16 27
1204 4 move 26 6
1205 0 move 19 22
1205 1 move 40 28
1205 2 pick 38 27
1205 3 move 16 28
1205 4 move 26 5
1206 0 move 19 23
1206 1 pick 39 28
1206 2 move 37 28
1206 3 move 16 29
1206 4 move 26 4
1207 0 move 19 24
1207 1 pick 39 28
1207 2 move 37 29
1207 3 pick 17 29
1207 4 move 26 3
1208 0 move 19 25
1208 1 pick 39 28
1208 2 pick 38 29
1208 3 move 16 30
1208 4 move 26 2
1209 0 move 19 26
1209 1 pick 39 28
1209 2 move 37 30
1209 3 move 16 31
1209 4 move 26 1
1210 0 move 19 27
1210 1 pick 39 28
1210 2 move 37 31
1210 3 move 16 32
1210 4 move 26 0
1211 0 pick 18 27
1211 1 move 40 27
1211 2 move 37 32
1211 3 move 16 33
1211 4 fulfill 26 0
1212 0 pick 18 27
1212 1 move 40 26
1212 2 move 37 33
1212 3 move 16 34
1212 4 move 26 1
1213 0 pick 18 27
1213 1 move 40 25
1213 2 move 37 34
1213 3 move 16 35
1213 4 move 26 2
1214 0 pick 18 27
1214 1 move 40 24
1214 2 move 37 35
1214 3 move 16 36
1214 4 move 26 3
1215 0 pick 18 27
1215 1 move 40 23
1215 2 move 37 36
1215 3 move 16 37
1215 4 move 26 4
1216 0 pick 18 27
1216 1 move 40 22
1216 2 move 38 36
1216 3 move 16 38
1216 4 move 26 5
1217 0 pick 18 27
1217 1 move 40 21
1217 2 move 39 36
1217 3 move 16 39
1217 4 move 26 6
1218 0 pick 18 27
1218 1 move 39 21
1218 2 move 40 36
1218 3 fulfill 16 39
1218 4 move 26 7
1219 0 move 19 28
1219 1 move 38 21
1219 2 move 40 35
1219 3 move 16 38
1219 4 move 26 8
1220 0 move 19 29
1220 1 move 37 21
1220 2 move 40 34
1220 3 move 16 37
1220 4 pick 25 8
1221 0 pick 18 29
1221 1 move 37 22
1221 2 move 40 33
1221 3 move 16 36
1221 4 pick 25 8
1222 0 move 19 30
1222 1 move 37 23
1222 2 move 40 32
1222 3 move 16 35
1222 4 move 26 9
1223 0 move 19 31
1223 1 move 37 24
1223 2 move 40 31
1223 3 move 16 34
1223 4 pick 25 9
1224 0 move 19 32
1224 1 move 37 25
1224 2 move 40 30
1224 3 move 16 33
1224 4 move 26 10
1225 0 move 19 33
1225 1 move 37 26
1225 2 move 40 29
1225 3 move 16 32
1225 4 move 26 11
1226 0 move 19 34
1226 1 pick 38 26
1226 2 pick 39 29
1226 3 pick 17 32
1226 4 move 26 12
1227 0 move 19 35
1227 1 move 37 27
1227 2 pick 39 29
1227 3 move 16 33
1227 4 pick 25 12
1228 0 move 19 36
1228 1 move 37 28
1228 2 move 40 30
1228 3 move 16 34
1228 4 move 26 13
1229 0 move 19 37
1229 1 move 37 29
1229 2 move 40 31
1229 3 move 16 35
1229 4 move 26 14
1230 0 move 19 38
1230 1 move 37 30
1230 2 move 40 32
1230 3 move 16 36
1230 4 move 27 14
1231 0 move 19 39
1231 1 move 37 31
1231 2 move 40 33
1231 3 move 17 36
1231 4 move 28 14
1232 0 fulfill 19 39
1232 1 move 37 32
1232 2 move 40 34
1232 3 move 18 36
1232 4 move 29 14
1233 0 move 18 39
1233 1 move 37 33
1233 2 move 40 35
1233 3 move 19 36
1233 4 move 30 14
1234 0 move 17 39
1234 1 move 37 34
1234 2 move 40 36
1234 3 move 19 35
1234 4 pick 31 14
1235 0 move 16 39
1235 1 move 37 35
1235 2 move 40 37
1235 3 move 19 34
1235 4 move 30 15
1236 0 move 16 38
1236 1 move 37 36
1236 2 move 40 38
1236 3 move 19 33
1236 4 move 30 16
1237 0 move 16 37
1237 1 move 37 37
1237 2 move 40 39
1237 3 move 19 32
1237 4 move 31 16
1238 0 move 16 36
1238 1 move 37 38
1238 2 fulfill 40 39
1238 3 move 19 31
1238 4 move 32 16
1239 0 move 16 35
1239 1 move 37 39
1239 2 move 40 38
1239 3 pick 18 31
1239 4 move 33 16
1240 0 move 16 34
1240 1 fulfill 37 39
1240 2 move 41 38
1240 3 move 19 30
1240 4 move 33 15
1241 0 move 16 33
1241 1 move 37 38
1241 2 move 42 38
1241 3 move 19 29
1241 4 move 33 14
1242 0 move 16 32
1242 1 move 37 37
1242 2 move 43 38
1242 3 move 19 28
1242 4 move 33 13
1243 0 pick 17 32
1243 1 move 37 36
1243 2 move 44 38
1243 3 move 19 27
1243 4 move 33 12
1244 0 move 16 31
1244 1 move 38 36
1244 2 move 45 38
1244 3 pick 18 27
1244 4 move 33 11
1245 0 move 16 30
1245 1 move 39 36
1245 2 move 45 37
1245 3 pick 18 27
1245 4 move 33 10
1246 0 move 16 29
1246 1 move 40 36
1246 2 move 45 36
1246 3 pick 18 27
1246 4 move 33 9
1247 0 pick 17 29
1247 1 move 40 35
1247 2 move 45 35
1247 3 move 19 26
1247 4 move 34 9
1248 0 pick 17 29
1248 1 move 40 34
1248 2 move 45 34
1248 3 move 19 25
1248 4 move 35 9
1249 0 move 16 28
1249 1 move 40 33
1249 2 move 45 33
1249 3 move 19 24
1249 4 move 36 9
1250 0 pick 17 28
1250 1 move 40 32
1250 2 move 45 32
1250 3 move 19 23
1250 4 move 37 9
1251 0 pick 17 28
1251 1 move 40 31
1251 2 pick 45 31
1251 3 move 19 22
1251 4 pick 38 9
1252 0 pick 17 28
1252 1 pick 39 31
1252 2 move 44 32
1252 3 move 19 21
1252 4 move 37 8
1253 0 pick 17 28
1253 1 move 40 30
1253 2 move 43 32
1253 3 move 18 21
1253 4 move 37 7
1254 0 move 16 27
1254 1 move 40 29
1254 2 move 42 32
1254 3 move 17 21
1254 4 move 37 6
1255 0 move 16 26
1255 1 pick 39 29
1255 2 move 41 32
1255 3 move 16 21
1255 4 move 37 5
1256 0 move 16 25
1256 1 move 40 28
1256 2 move 40 32
1256 3 move 16 22
1256 4 move 37 4
1257 0 move 16 24
1257 1 pick 39 28
1257 2 move 40 31
1257 3 move 16 23
1257 4 move 37 3
1258 0 move 16 23
1258 1 pick 39 28
1258 2 move 40 30
1258 3 move 16 24
1258 4 move 37 2
1259 0 move 16 22
1259 1 pick 39 28
1259 2 pick 39 30
1259 3 move 16 25
1259 4 move 37 1
1260 0 move 16 21
1260 1 pick 39 28
1260 2 pick 39 30
1260 3 move 16 26
1260 4 move 37 0
1261 0 move 17 21
1261 1 pick 39 28
1261 2 pick 39 30
1261 3 move 16 27
1261 4 fulfill 37 0
1262 0 move 18 21
1262 1 pick 39 28
1262 2 pick 39 30
1262 3 pick 17 27
1262 4 move 37 1
1263 0 move 19 21
1263 1 move 40 27
1263 2 move 40 29
1263 3 move 16 28
1263 4 move 37 2
1264 0 move 19 22
1264 1 move 40 26
1264 2 pick 39 29
1264 3 move 16 29
1264 4 move 37 3
1265 0 move 19 23
1265 1 move 40 25
1265 2 move 40 28
1265 3 move 16 30
1265 4 pick 38 3
1266 0 move 19 24
1266 1 move 40 24
1266 2 pick 39 28
1266 3 move 16 31
1266 4 move 37 4
1267 0 move 19 25
1267 1 move 40 23
1267 2 pick 39 28
1267 3 move 16 32
1267 4 move 37 5
1268 0 move 19 26
1268 1 move 40 22
1268 2 move 40 29
1268 3 move 16 33
1268 4 move 37 6
1269 0 move 19 27
1269 1 move 40 21
1269 2 move 40 30
1269 3 move 16 34
1269 4 move 37 7
1270 0 move 19 28
1270 1 move 39 21
1270 2 move 40 31
1270 3 move 16 35
1270 4 move 37 8
1271 0 move 19 29
1271 1 move 38 21
1271 2 move 40 32
1271 3 move 16 36
1271 4 move 37 9
1272 0 pick 18 29
1272 1 move 37 21
1272 2 move 40 33
1272 3 move 16 37
1272 4 pick 38 9
1273 0 move 19 28
1273 1 move 37 22
1273 2 move 40 34
1273 3 move 16 38
1273 4 move 37 10
1274 0 move 19 27
1274 1 move 37 23
1274 2 move 40 35
1274 3 move 16 39
1274 4 pick 38 10
1275 0 pick 18 27
1275 1 move 37 24
1275 2 move 40 36
1275 3 fulfill 16 39
1275 4 move 36 10
1276 0 pick 18 27
1276 1 move 37 25
1276 2 move 40 37
1276 3 move 15 39
1276 4 move 35 10
1277 0 pick 18 27
1277 1 move 37 26
1277 2 move 40 38
1277 3 move 14 39
1277 4 move 34 10
1278 0 move 19 28
1278 1 move 37 27
1278 2 move 40 39
1278 3 move 14 38
1278 4 move 33 10
1279 0 move 19 29
1279 1 move 37 28
1279 2 fulfill 40 39
1279 3 move 14 37
1279 4 move 33 9
1280 0 move 19 30
1280 1 pick 38 28
1280 2 move 39 39
1280 3 move 14 36
1280 4 pick 32 9
1281 0 move 19 31
1281 1 move 37 29
1281 2 move 38 39
1281 3 move 14 35
1281 4 pick 32 9
1282 0 move 19 32
1282 1 move 37 30
1282 2 move 38 38
1282 3 move 14 34
1282 4 move 33 8
1283 0 move 19 33
1283 1 move 37 31
1283 2 move 38 37
1283 3 move 14 33
1283 4 move 33 7
1284 0 move 19 34
1284 1 move 37 32
1284 2 move 38 36
1284 3 move 14 32
1284 4 move 33 6
1285 0 move 19 35
1285 1 move 37 33
1285 2 pick 38 35
1285 3 move 14 31
1285 4 move 33 5
1286 0 move 19 36
1286 1 move 37 34
1286 2 move 37 36
1286 3 move 14 30
1286 4 move 33 4
1287 0 move 19 37
1287 1 move 37 35
1287 3 move 14 29
1287 4 move 33 3
1288 0 move 19 38
1288 1 move 37 36
1288 2 move 37 35
1288 3 move 15 29
1288 4 move 33 2
1289 0 move 19 39
1289 1 move 37 37
1289 2 move 37 34
1289 3 move 16 29
1289 4 move 33 1
1290 0 fulfill 19 39
1290 1 move 37 38
1290 2 pick 38 34
1290 3 pick 17 29
1290 4 move 33 0
1291 0 move 19 38
1291 1 move 37 39
1291 2 move 37 35
1291 3 move 16 28
1291 4 fulfill 33 0
1292 0 move 19 37
1292 1 fulfill 37 39
1292 2 move 37 36
1292 3 move 16 27
1292 4 move 33 1
1293 0 move 19 36
1293 1 move 37 38
1293 2 move 38 36
1293 3 move 16 26
1293 4 move 33 2
1294 0 move 19 35
1294 1 move 37 37
1294 2 move 39 36
1294 3 move 16 25
1294 4 move 33 3
1295 0 move 19 34
1295 1 move 37 36
1295 2 move 40 36
1295 3 move 16 24
1295 4 move 34 3
1296 0 move 19 33
1296 1 move 37 35
1296 2 move 40 35
1296 3 move 16 23
1296 4 move 35 3
1297 0 move 19 32
1297 1 pick 38 35
1297 2 move 40 34
1297 3 move 16 22
1297 4 move 36 3
1298 0 move 19 31
1298 1 move 37 34
1298 2 move 40 33
1298 3 move 16 21
1298 4 move 37 3
1299 0 pick 18 31
1299 1 move 37 33
1299 2 move 40 32
1299 3 move 17 21
1299 4 pick 38 3
1300 0 move 19 30
1300 1 move 37 32
1300 2 move 40 31
1300 3 move 18 21
1300 4 move 37 4
1301 0 move 19 29
1301 1 move 37 31
1301 2 move 40 30
1301 3 move 19 21
1301 4 move 37 5
1302 0 pick 18 29
1302 1 move 37 30
1302 2 move 40 29
1302 3 move 19 22
1302 4 move 37 6
1303 0 move 19 28
1303 1 move 37 29
1303 2 pick 39 29
1303 3 move 19 23
1303 4 move 37 7
1304 0 move 19 27
1304 1 move 37 28
1304 2 move 40 28
1304 3 move 19 24
1304 4 move 37 8
1305 0 pick 18 27
1305 1 pick 38 28
1305 2 pick 39 28
1305 3 move 19 25
1305 4 move 37 9
1306 0 pick 18 27
1306 1 move 37 27
1306 2 pick 39 28
1306 3 move 19 26
1306 4 pick 38 9
1307 0 pick 18 27
1307 1 move 37 26
1307 2 pick 39 28
1307 4 move 37 10
1308 0 pick 18 27
1308 1 move 37 25
1308 2 move 40 27
1308 4 pick 38 10
1309 0 pick 18 27
1309 1 move 37 24
1309 2 move 40 26
1309 4 pick 38 10
1310 0 pick 18 27
1310 1 move 37 23
1310 2 pick 39 26
1310 4 move 37 11
1311 0 move 19 26
1311 1 move 37 22
1311 2 move 40 27
1311 3 move 19 27
1311 4 move 37 12
1312 0 move 19 25
1312 1 move 37 21
1312 2 move 40 28
1312 3 pick 18 27
1312 4 move 37 13
1313 0 pick 18 25
1313 1 move 38 21
1313 2 move 40 29
1313 3 pick 18 27
1313 4 move 37 14
1314 0 move 19 26
1314 1 move 39 21
1314 2 move 40 30
1314 3 pick 18 27
1314 4 move 37 15
1315 0 move 19 27
1315 1 move 40 21
1315 2 move 40 31
1315 3 move 19 26
1315 4 move 37 16
1316 0 move 19 28
1316 1 move 40 22
1316 2 move 40 32
1316 3 move 19 25
1316 4 move 38 16
1317 0 move 19 29
1317 1 move 40 23
1317 2 move 40 33
1317 3 move 19 24
1317 4 move 39 16
1318 0 move 19 30
1318 1 move 40 24
1318 2 move 40 34
1318 3 move 19 23
1318 4 move 40 16
1319 0 move 19 31
1319 1 move 40 25
1319 2 move 40 35
1319 3 move 19 22
1319 4 move 40 15
1320 0 move 19 32
1320 1 move 40 26
1320 2 move 40 36
1320 3 move 19 21
1320 4 move 40 14
1321 0 move 19 33
1321 1 move 40 27
1321 2 move 40 37
1321 3 move 19 20
1321 4 move 40 13
1322 0 move 19 34
1322 1 move 40 28
1322 2 move 40 38
1322 3 move 19 19
1322 4 move 40 12
1323 0 move 19 35
1323 1 pick 39 28
1323 2 move 40 39
1323 3 move 19 18
1323 4 move 40 11
1324 0 move 19 36
1324 1 move 40 29
1324 2 fulfill 40 39
1324 3 move 19 17
1324 4 pick 39 11
1325 0 move 19 37
1325 1 pick 39 29
1325 2 move 39 39
1325 3 move 19 16
1325 4 pick 39 11
1326 0 move 19 38
1326 1 move 40 28
1326 2 move 38 39
1326 3 move 19 15
1326 4 pick 39 11
1327 0 move 19 39
1327 1 move 40 27
1327 2 move 38 38
1327 3 move 20 15
1327 4 move 40 10
1328 0 fulfill 19 39
1328 1 move 40 26
1328 2 move 38 37
1328 3 move 21 15
1328 4 move 40 9
1329 0 move 18 39
1329 1 pick 39 26
1329 2 move 38 36
1329 3 move 22 15
1329 4 move 40 8
1330 0 move 17 39
1330 1 move 40 25
1330 2 pick 38 35
1330 3 move 23 15
1330 4 move 40 7
1331 0 move 17 38
1331 1 move 40 24
1331 2 move 37 36
1331 3 pick 24 15
1331 4 move 40 6
1332 0 move 17 37
1332 1 move 41 24
1332 2 move 37 35
1332 3 move 23 14
1332 4 move 40 5
1333 0 move 17 36
1333 1 move 42 24
1333 2 move 37 34
1333 3 move 23 13
1333 4 move 40 4
1334 0 pick 17 35
1334 1 move 43 24
1334 2 move 37 33
1334 3 move 23 12
1334 4 move 40 3
1335 0 move 16 36
1335 1 move 44 24
1335 2 move 37 32
1335 3 move 23 11
1335 4 move 40 2
1336 0 move 16 35
1336 1 pick 45 24
1336 2 move 37 31
1336 3 move 23 10
1336 4 move 40 1
1337 0 move 16 34
1337 1 move 44 25
1337 2 move 37 30
1337 3 move 23 9
1337 4 move 40 0
1338 0 move 16 33
1338 1 move 44 26
1338 2 move 37 29
1338 3 move 23 8
1338 4 fulfill 40 0
1339 0 move 16 32
1339 1 move 44 27
1339 2 move 37 28
1339 3 move 23 7
1339 4 move 40 1
1340 0 move 16 31
1340 1 move 44 28
1340 2 pick 38 28
1340 3 move 23 6
1340 4 move 40 2
1341 0 move 16 30
1341 1 move 44 29
1341 2 move 37 27
1341 3 move 23 5
1341 4 move 40 3
1342 0 move 16 29
1342 1 move 44 30
1342 2 move 37 26
1342 3 move 23 4
1342 4 move 40 4
1343 0 move 16 28
1343 1 move 44 31
1343 2 move 37 25
1343 3 move 23 3
1343 4 move 40 5
1344 0 pick 17 28
1344 1 move 44 32
1344 2 move 37 24
1344 3 move 23 2
1344 4 move 40 6
1345 0 move 16 27
1345 1 move 44 33
1345 2 move 37 23
1345 3 move 23 1
1345 4 pick 39 6
1346 0 move 16 26
1346 1 move 44 34
1346 2 move 37 22
1346 3 move 23 0
1346 4 move 40 7
1347 0 move 16 25
1347 1 move 44 35
1347 2 move 37 21
1347 3 fulfill 23 0
1347 4 move 40 8
1348 0 move 16 24
1348 1 move 44 36
1348 2 move 38 21
1348 3 move 22 0
1348 4 pick 39 8
1349 0 move 16 23
1349 1 move 44 37
1349 2 move 39 21
1349 3 move 21 0
1349 4 move 40 9
1350 0 move 16 22
1350 1 move 44 38
1350 2 move 40 21
1350 3 move 20 0
1350 4 pick 39 9
1351 0 move 16 21
1351 1 move 44 39
1351 2 move 40 22
1351 3 move 19 0
1351 4 move 40 10
1352 0 move 17 21
1352 1 fulfill 44 39
1352 2 move 40 23
1352 3 move 19 1
1352 4 move 40 11
1353 0 move 18 21
1353 1 move 43 39
1353 2 move 40 24
1353 3 move 19 2
1353 4 pick 39 11
1354 0 move 19 21
1354 1 move 42 39
1354 2 move 40 25
1354 3 move 19 3
1354 4 pick 39 11
1355 0 move 19 22
1355 1 move 41 39
1355 2 move 40 26
1355 3 move 19 4
1355 4 move 40 12
1356 0 move 19 23
1356 1 move 40 39
1356 2 move 40 27
1356 3 move 19 5
1356 4 move 40 13
1357 0 move 19 24
1357 1 move 40 38
1357 2 move 40 28
1357 3 move 19 6
1357 4 move 40 14
1358 0 move 19 25
1358 1 move 40 37
1358 2 pick 39 28
1358 3 pick 18 6
1358 4 move 40 15
1359 0 move 19 26
1359 1 move 40 36
1359 2 pick 39 28
1359 3 move 19 5
1359 4 move 40 16
1360 0 move 19 27
1360 1 move 40 35
1360 2 pick 39 28
1360 3 move 18 5
1360 4 move 39 16
1361 0 pick 18 27
1361 1 pick 39 35
1361 2 pick 39 28
1361 3 move 17 5
1361 4 move 38 16
1362 0 pick 18 27
1362 1 pick 39 35
1362 2 move 40 27
1362 3 move 16 5
1362 4 move 37 16
1363 0 pick 18 27
1363 1 move 40 34
1363 2 move 40 26
1363 3 move 16 6
1363 4 move 37 15
1364 0 pick 18 27
1364 1 move 39 34
1364 2 pick 39 26
1364 3 move 16 7
1364 4 move 37 14
1365 0 pick 18 27
1365 1 pick 38 34
1365 2 move 40 27
1365 3 pick 17 7
1365 4 move 37 13
1366 0 pick 18 27
1366 1 move 39 33
1366 2 move 40 28
1366 3 pick 17 7
1366 4 move 37 12
1367 0 pick 18 27
1367 1 move 40 33
1367 2 move 40 29
1367 3 move 16 8
1367 4 move 37 11
1368 0 pick 18 27
1368 1 move 40 32
1368 2 move 40 30
1368 3 move 16 9
1368 4 move 37 10
1369 0 move 19 26
1369 2 move 40 31
1369 3 move 16 10
1369 4 move 37 9
1370 0 pick 18 26
1370 1 move 40 31
1370 2 move 40 32
1370 3 move 16 11
1370 4 pick 38 9
1371 0 pick 18 26
1371 1 pick 39 31
1371 2 move 40 33
1371 3 pick 17 11
1371 4 pick 38 9
1372 0 move 19 25
1372 1 move 40 30
1372 2 move 40 34
1372 3 pick 17 11
1372 4 move 37 8
1373 0 move 20 25
1373 1 move 40 29
1373 2 move 40 35
1373 3 pick 17 11
1373 4 move 37 7
1374 0 move 21 25
1374 1 pick 39 29
1374 2 move 40 36
1374 3 pick 17 11
1374 4 move 37 6
1375 0 move 22 25
1375 1 pick 39 29
1375 2 move 40 37
1375 3 move 16 12
1375 4 move 37 5
1376 0 move 23 25
1376 1 pick 39 29
1376 2 move 40 38
1376 3 pick 17 12
1376 4 move 37 4
1377 0 pick 24 25
1377 1 move 40 28
1377 2 move 40 39
1377 3 move 16 13
1377 4 move 37 3
1378 0 move 23 26
1378 1 pick 39 28
1378 2 fulfill 40 39
1378 3 move 16 14
1378 4 move 37 2
1379 0 move 23 27
1379 1 pick 39 28
1379 2 move 40 38
1379 3 move 16 15
1379 4 move 37 1
1380 0 move 23 28
1380 1 pick 39 28
1380 2 move 40 37
1380 3 move 16 16
1380 4 move 37 0
1381 0 move 23 29
1381 1 pick 39 28
1381 2 move 40 36
1381 3 move 17 16
1381 4 fulfill 37 0
1382 0 move 23 30
1382 1 pick 39 28
1382 2 move 40 35
1382 3 move 18 16
1382 4 move 37 1
1383 0 move 23 31
1383 1 move 40 27
1383 2 move 40 34
1383 3 move 19 16
1383 4 move 38 1
1384 0 move 23 32
1384 1 pick 39 27
1384 2 move 40 33
1384 3 move 19 15
1384 4 move 39 1
1385 0 move 23 33
1385 1 move 40 26
1385 2 move 40 32
1385 3 move 19 14
1385 4 move 39 2
1386 0 move 23 34
1386 1 move 40 25
1386 2 move 40 31
1386 3 move 19 13
1386 4 move 39 3
1387 0 move 23 35
1387 1 move 40 24
1387 2 move 40 30
1387 3 move 19 12
1387 4 move 39 4
1388 0 move 23 36
1388 1 pick 39 24
1388 2 pick 39 30
1388 3 move 20 12
1388 4 move 39 5
1389 0 move 23 37
1389 1 move 41 24
1389 2 move 40 29
1389 3 move 21 12
1389 4 pick 39 6
1390 0 move 23 38
1390 1 move 42 24
1390 2 move 40 28
1390 3 move 22 12
1390 4 pick 39 6
1391 0 move 23 39
1391 1 move 43 24
1391 2 pick 39 28
1391 3 move 23 12
1391 4 move 40 5
1392 0 fulfill 23 39
1392 1 move 44 24
1392 2 pick 39 28
1392 3 pick 24 12
1392 4 move 40 6
1393 0 move 22 39
1393 1 move 44 23
1393 2 move 40 27
1393 3 pick 24 12
1393 4 move 40 7
1394 0 move 21 39
1394 1 move 44 22
1394 2 move 40 26
1394 3 pick 24 12
1394 4 move 40 8
1395 0 move 20 39
1395 1 move 44 21
1395 2 move 40 25
1395 3 move 23 11
1395 4 pick 39 8
1396 0 move 19 39
1396 1 move 45 21
1396 2 move 40 24
1396 3 move 23 10
1396 4 move 40 9
1397 0 move 18 39
1397 1 move 46 21
1397 2 move 40 23
1397 3 move 23 9
1397 4 move 40 10
1398 0 move 17 39
1398 1 move 47 21
1398 2 move 40 22
1398 3 move 23 8
1398 4 move 40 11
1399 0 move 17 38
1399 1 move 47 22
1399 2 move 40 21
1399 3 move 23 7
1399 4 pick 39 11
1400 0 move 17 37
1400 1 move 47 23
1400 2 move 39 21
1400 3 move 23 6
1400 4 pick 39 11
1401 0 move 17 36
1401 1 move 47 24
1401 2 move 38 21
1401 3 move 23 5
1401 4 pick 39 11
1402 0 pick 17 35
1402 1 move 47 25
1402 2 move 37 21
1402 3 move 23 4
1402 4 move 40 12
1403 0 move 16 36
1403 1 move 47 26
1403 2 move 37 22
1403 3 move 23 3
1403 4 move 40 13
1404 0 move 16 35
1404 1 move 47 27
1404 2 move 37 23
1404 3 move 23 2
1404 4 move 40 14
1405 0 move 16 34
1405 1 move 47 28
1405 2 move 37 24
1405 3 move 23 1
1405 4 move 40 15
1406 0 move 16 33
1406 1 pick 46 28
1406 2 move 37 25
1406 3 move 23 0
1406 4 move 40 16
1407 0 move 16 32
1407 1 move 47 29
1407 2 move 37 26
1407 3 fulfill 23 0
1407 4 move 39 16
1408 0 pick 17 32
1408 1 move 47 30
1408 2 move 37 27
1408 3 move 23 1
1408 4 move 38 16
1409 0 pick 17 32
1409 1 move 47 31
1409 2 move 37 28
1409 3 move 23 2
1409 4 move 37 16
1410 0 move 16 31
1410 1 move 47 32
1410 2 pick 38 28
1410 3 move 23 3
1410 4 move 37 15
1411 0 move 16 30
1411 1 move 47 33
1411 2 pick 38 28
1411 3 move 23 4
1411 4 move 37 14
1412 0 move 16 29
1412 1 move 47 34
1412 2 move 36 28
1412 3 move 23 5
1412 4 move 37 13
1413 0 pick 17 29
1413 1 move 47 35
1413 2 move 35 28
1413 3 move 24 5
1413 4 move 37 12
1414 0 move 16 28
1414 1 move 47 36
1414 2 move 34 28
1414 3 move 25 5
1414 4 move 37 11
1415 0 move 16 27
1415 1 move 47 37
1415 2 move 33 28
1415 3 move 26 5
1415 4 move 37 10
1416 0 move 16 26
1416 1 move 47 38
1416 2 move 33 29
1416 3 move 26 6
1416 4 pick 38 10
1417 0 move 16 25
1417 1 move 47 39
1417 2 move 33 30
1417 3 move 26 7
1417 4 pick 38 10
1418 0 move 16 24
1418 1 fulfill 47 39
1418 2 move 33 31
1418 3 move 26 8
1418 4 move 37 9
1419 0 move 16 23
1419 1 move 46 39
1419 2 pick 32 31
1419 3 pick 25 8
1419 4 move 37 8
1420 0 move 16 22
1420 1 move 45 39
1420 2 move 33 32
1420 3 pick 25 8
1420 4 move 37 7
1421 0 move 16 21
1421 1 move 45 38
1421 2 move 33 33
1421 3 pick 25 8
1421 4 move 37 6
1422 0 move 17 21
1422 1 move 45 37
1422 2 move 33 34
1422 3 move 26 9
1422 4 move 37 5
1423 0 move 18 21
1423 1 move 45 36
1423 2 move 33 35
1423 3 move 26 10
1423 4 move 37 4
1424 0 move 19 21
1424 1 move 45 35
1424 2 move 33 36
1424 3 move 26 11
1424 4 move 37 3
1425 0 move 19 22
1425 1 move 45 34
1425 2 move 33 37
1425 3 move 26 12
1425 4 move 37 2
1426 0 move 19 23
1426 1 move 45 33
1426 2 move 33 38
1426 3 pick 25 12
1426 4 move 37 1
1427 0 move 19 24
1427 1 move 45 32
1427 2 move 33 39
1427 3 move 26 13
1427 4 move 37 0
1428 0 move 19 25
1428 1 pick 45 31
1428 2 fulfill 33 39
1428 3 pick 25 13
1428 4 fulfill 37 0
1429 0 move 19 26
1429 1 move 44 32
1429 2 move 33 38
1429 3 move 26 14
1429 4 move 37 1
1430 0 move 19 27
1430 1 move 44 31
1430 2 move 33 37
1430 3 pick 25 14
1430 4 move 37 2
1431 0 pick 18 27
1431 1 move 44 30
1431 2 move 33 36
1431 3 move 27 14
1431 4 move 37 3
1432 0 pick 18 27
1432 1 pick 45 30
1432 2 move 33 35
1432 3 move 28 14
1432 4 move 37 4
1433 0 pick 18 27
1433 1 move 44 29
1433 2 move 33 34
1433 3 move 29 14
1433 4 move 37 5
1434 0 move 19 28
1434 1 move 44 28
1434 2 move 33 33
1434 3 move 30 14
1434 4 move 37 6
1435 0 move 19 29
1435 1 pick 45 28
1435 2 move 33 32
1435 3 pick 31 14
1435 4 pick 38 6
1436 0 move 19 30
1436 1 move 43 28
1436 2 move 33 31
1436 3 move 30 13
1436 4 move 37 7
1437 0 move 19 31
1437 1 move 42 28
1437 2 pick 32 31
1437 3 move 30 12
1437 4 move 37 8
1438 0 move 19 32
1438 1 move 41 28
1438 2 move 33 30
1438 3 move 30 11
1438 4 move 37 9
1439 0 move 19 33
1439 1 move 40 28
1439 2 move 33 29
1439 3 move 30 10
1439 4 pick 38 9
1440 0 move 19 34
1440 1 pick 39 28
1440 2 move 33 28
1440 3 move 30 9
1440 4 pick 38 9
1441 0 move 19 35
1441 1 pick 39 28
1441 2 move 33 27
1441 3 move 30 8
1441 4 move 36 9
1442 0 move 19 36
1442 1 pick 39 28
1442 2 pick 32 27
1442 3 move 30 7
1442 4 move 35 9
1443 0 move 19 37
1443 1 pick 39 28
1443 2 pick 32 27
1443 3 move 30 6
1443 4 move 34 9
1444 0 move 19 38
1444 1 pick 39 28
1444 2 pick 32 27
1444 3 move 30 5
1444 4 move 33 9
1445 0 move 19 39
1445 1 move 40 29
1445 2 pick 32 27
1445 3 move 30 4
1445 4 pick 32 9
1446 0 fulfill 19 39
1446 1 move 40 30
1446 2 move 34 27
1446 3 move 30 3
1446 4 pick 32 9
1447 0 move 19 38
1447 1 pick 39 30
1447 2 move 35 27
1447 3 move 30 2
1447 4 pick 32 9
1448 0 move 19 37
1448 1 move 40 31
1448 2 move 36 27
1448 3 move 30 1
1448 4 move 33 8
1449 0 move 19 36
1449 1 move 40 32
1449 2 move 37 27
1449 3 move 30 0
1449 4 move 33 7
1450 0 move 19 35
1450 1 move 40 33
1450 2 pick 38 27
1450 3 fulfill 30 0
1450 4 move 33 6
1451 0 move 19 34
1451 1 move 40 34
1451 2 move 37 26
1451 3 move 30 1
1451 4 move 33 5
1452 0 move 18 34
1452 1 move 40 35
1452 2 move 37 25
1452 3 move 30 2
1452 4 move 32 5
1453 0 pick 17 34
1453 1 move 40 36
1453 2 move 37 24
1453 3 move 30 3
1453 4 move 31 5
1454 0 move 18 33
1454 1 move 40 37
1454 2 move 37 23
1454 3 move 30 4
1454 4 move 30 5
1455 0 pick 17 33
1455 1 move 40 38
1455 2 move 37 22
1455 3 move 30 5
1455 4 move 29 5
1456 0 pick 17 33
1456 1 move 40 39
1456 2 move 37 21
1456 3 move 30 6
1456 4 move 28 5
1457 0 move 19 33
1457 1 fulfill 40 39
1457 2 move 38 21
1457 3 move 30 7
1457 4 move 27 5
1458 0 move 19 32
1458 1 move 40 38
1458 2 move 39 21
1458 3 move 30 8
1458 4 move 26 5
1459 0 move 19 31
1459 1 move 40 37
1459 2 move 40 21
1459 3 move 30 9
1459 4 move 26 6
1460 0 move 19 30
1460 1 move 40 36
1460 2 move 40 22
1460 3 pick 31 9
1460 4 move 26 7
1461 0 move 19 29
1461 1 move 40 35
1461 2 move 40 23
1461 3 move 29 9
1461 4 move 26 8
1462 0 move 19 28
1462 1 pick 39 35
1462 2 move 40 24
1462 3 move 28 9
1462 4 pick 25 8
1463 0 move 19 27
1463 1 move 40 36
1463 2 move 40 25
1463 3 move 27 9
1463 4 pick 25 8
1464 0 pick 18 27
1464 1 move 39 36
1464 2 move 40 26
1464 3 move 26 9
1464 4 pick 25 8
1465 0 pick 18 27
1465 1 move 38 36
1465 2 pick 39 26
1465 3 move 26 8
1465 4 move 26 7
1466 0 pick 18 27
1466 1 move 37 36
1466 2 move 40 27
1466 3 pick 25 8
1466 4 move 26 6
1467 0 pick 18 27
1467 1 move 37 35
1467 2 move 40 28
1467 3 pick 25 8
1467 4 move 26 5
1468 0 move 19 26
1468 1 pick 38 35
1468 2 move 40 29
1468 3 pick 25 8
1468 4 move 26 4
1469 0 move 19 25
1469 1 move 37 34
1469 2 pick 39 29
1469 3 move 26 9
1469 4 move 26 3
1470 0 move 19 24
1470 1 move 37 33
1470 2 move 40 30
1470 3 move 26 10
1470 4 move 26 2
1471 0 move 19 23
1471 1 move 37 32
1471 2 move 41 30
1471 3 move 26 11
1471 4 move 26 1
1472 0 move 19 22
1472 1 move 37 31
1472 2 move 42 30
1472 3 move 26 12
1472 4 move 26 0
1473 0 move 19 21
1473 1 move 37 30
1473 2 move 43 30
1473 3 move 26 13
1473 4 fulfill 26 0
1474 0 move 18 21
1474 1 move 37 29
1474 2 move 44 30
1474 3 move 26 14
1474 4 move 26 1
1475 0 move 17 21
1475 1 move 37 28
1475 2 pick 45 30
1475 3 pick 25 14
1475 4 move 26 2
1476 0 move 16 21
1476 1 pick 38 28
1476 2 move 44 31
1476 3 pick 25 14
1476 4 move 26 3
1477 0 move 16 22
1477 1 move 37 27
1477 2 move 44 32
1477 3 move 26 15
1477 4 move 26 4
1478 0 move 16 23
1478 1 move 37 26
1478 2 move 44 33
1478 3 move 26 16
1478 4 move 26 5
1479 0 move 16 24
1479 1 move 37 25
1479 2 move 44 34
1479 3 move 25 16
1479 4 move 26 6
1480 0 move 16 25
1480 1 move 37 24
1480 2 move 44 35
1480 3 move 24 16
1480 4 move 26 7
1481 0 move 16 26
1481 1 move 37 23
1481 2 move 44 36
1481 3 move 24 17
1481 4 move 26 8
1482 0 move 16 27
1482 1 move 37 22
1482 2 move 44 37
1482 3 move 24 18
1482 4 pick 25 8
1483 0 pick 17 27
1483 1 move 37 21
1483 2 move 44 38
1483 3 move 24 19
1483 4 pick 25 8
1484 0 move 16 28
1484 1 move 38 21
1484 2 move 44 39
1484 3 move 24 20
1484 4 pick 25 8
1485 0 move 16 29
1485 1 move 39 21
1485 2 fulfill 44 39
1485 3 move 24 21
1485 4 move 26 9
1486 0 move 16 30
1486 1 move 40 21
1486 2 move 43 39
1486 3 pick 24 22
1486 4 move 26 10
1487 0 move 16 31
1487 1 move 40 22
1487 2 move 42 39
1487 3 move 25 21
1487 4 move 26 11
1488 0 move 16 32
1488 1 move 40 23
1488 2 move 41 39
1488 3 move 26 21
1488 4 move 26 12
1489 0 move 16 33
1489 1 move 40 24
1489 2 move 40 39
1489 3 move 26 22
1489 4 move 26 13
1490 0 move 16 34
1490 1 move 40 25
1490 2 move 39 39
1490 3 move 26 23
1490 4 pick 25 13
1491 0 move 16 35
1491 1 move 40 26
1491 2 move 38 39
1491 3 move 26 24
1491 4 move 26 14
1492 0 move 16 36
1492 1 move 40 27
1492 2 move 37 39
1492 3 move 26 25
1492 4 move 26 15
1493 0 move 16 37
1493 1 move 40 28
1493 2 move 37 38
1493 3 move 27 25
1493 4 move 26 16
1494 0 move 16 38
1494 1 pick 39 28
1494 2 move 37 37
1494 3 move 28 25
1494 4 move 25 16
1495 0 move 16 39
1495 1 pick 39 28
1495 2 move 37 36
1495 3 move 29 25
1495 4 move 24 16
1496 0 fulfill 16 39
1496 1 pick 39 28
1496 2 move 37 35
1496 3 move 30 25
1496 4 move 23 16
1497 0 move 16 38
1497 1 pick 39 28
1497 2 move 37 34
1497 3 pick 31 25
1497 4 move 23 15
1498 0 move 16 37
1498 1 move 40 29
1498 2 move 37 33
1498 3 pick 31 25
1498 4 move 23 14
1499 0 move 16 36
1499 1 pick 39 29
1499 2 move 37 32
1499 3 move 30 26
1499 4 pick 24 14
1500 0 move 16 35
1500 1 move 40 28
1500 2 pick 38 32
1500 3 move 30 27
1500 4 move 23 15
1501 0 move 16 34
1501 1 move 40 27
1501 2 move 37 33
1501 3 move 30 28
1501 4 move 23 16
1502 0 move 16 33
1502 1 move 40 26
1502 2 move 37 34
1502 3 move 30 29
1502 4 move 24 16
1503 0 move 16 32
1503 1 pick 39 26
1503 2 move 37 35
1503 3 move 30 30
1503 4 move 25 16
1504 0 move 16 31
1504 1 move 40 27
1504 2 move 37 36
1504 3 move 30 31
1504 4 move 26 16
1505 0 move 16 30
1505 1 move 40 28
1505 2 move 38 36
1505 3 move 30 32
1505 4 move 26 15
1506 0 move 16 29
1506 1 move 41 28
1506 2 move 39 36
1506 3 move 30 33
1506 4 move 26 14
1507 0 move 16 28
1507 1 move 42 28
1507 2 move 40 36
1507 3 move 30 34
1507 4 move 27 14
1508 0 pick 17 28
1508 1 move 43 28
1508 2 move 40 35
1508 3 move 30 35
1508 4 move 28 14
1509 0 move 16 27
1509 1 move 44 28
1509 2 move 40 34
1509 3 move 30 36
1509 4 move 29 14
1510 0 move 16 26
1510 1 move 44 29
1510 2 move 40 33
1510 3 move 30 37
1510 4 move 30 14
1511 0 pick 17 26
1511 1 move 44 30
1511 2 move 40 32
1511 3 move 30 38
1511 4 pick 31 14
1512 0 move 16 25
1512 1 move 44 31
1512 2 move 40 31
1512 3 move 30 39
1512 4 move 30 13
1513 0 move 16 24
1513 1 move 44 32
1513 2 move 40 30
1513 3 fulfill 30 39
1513 4 move 30 12
1514 0 move 16 23
1514 1 move 45 32
1514 2 move 40 29
1514 3 move 29 39
1514 4 move 30 11
1515 0 move 16 22
1515 1 move 46 32
1515 2 pick 39 29
1515 3 move 28 39
1515 4 move 30 10
1516 0 move 16 21
1516 1 move 47 32
1516 2 move 40 28
1516 3 move 27 39
1516 4 move 30 9
1517 0 move 17 21
1517 1 move 47 31
1517 2 pick 39 28
1517 3 move 26 39
1517 4 move 30 8
1518 0 move 18 21
1518 1 move 47 30
1518 2 pick 39 28
1518 3 move 26 38
1518 4 move 30 7
1519 0 move 19 21
1519 1 move 47 29
1519 2 move 40 27
1519 3 move 26 37
1519 4 move 30 6
1520 0 move 19 22
1520 1 move 47 28
1520 2 move 40 26
1520 3 move 26 36
1520 4 move 30 5
1521 0 move 19 23
1521 1 pick 46 28
1521 2 move 40 25
1521 3 move 26 35
1521 4 move 30 4
1522 0 move 19 24
1522 1 move 47 29
1522 2 move 40 24
1522 3 move 26 34
1522 4 move 30 3
1523 0 move 19 25
1523 1 move 47 30
1523 2 move 40 23
1523 3 move 26 33
1523 4 move 30 2
1524 0 move 19 26
1524 1 move 47 31
1524 2 move 40 22
1524 3 move 26 32
1524 4 move 30 1
1525 0 pick 18 26
1525 1 move 47 32
1525 2 move 40 21
1525 3 move 26 31
1525 4 move 30 0
1526 0 pick 18 26
1526 1 move 47 33
1526 2 move 39 21
1526 3 pick 25 31
1526 4 fulfill 30 0
1527 0 pick 18 26
1527 1 move 47 34
1527 2 move 38 21
1527 3 move 26 32
1527 4 move 30 1
1528 0 move 19 27
1528 1 move 47 35
1528 2 move 37 21
1528 3 move 25 32
1528 4 move 30 2
1529 0 pick 18 27
1529 1 move 47 36
1529 2 move 37 22
1529 3 move 24 32
1529 4 move 30 3
1530 0 pick 18 27
1530 1 move 47 37
1530 2 move 37 23
1530 3 move 23 32
1530 4 move 30 4
1531 0 pick 18 27
1531 1 move 47 38
1531 2 move 37 24
1531 3 move 22 32
1531 4 move 30 5
1532 0 pick 18 27
1532 1 move 47 39
1532 2 move 37 25
1532 3 move 21 32
1532 4 move 30 6
1533 0 pick 18 27
1533 1 fulfill 47 39
1533 2 pick 38 25
1533 3 move 20 32
1533 4 move 30 7
1534 0 pick 18 27
1534 1 move 47 38
1534 2 pick 38 25
1534 3 move 20 31
1534 4 move 30 8
1535 0 pick 18 27
1535 1 move 47 37
1535 2 move 37 26
1535 3 move 20 30
1535 4 move 30 9
1536 0 move 19 28
1536 1 move 47 36
1536 2 move 37 27
1536 3 move 20 29
1536 4 pick 31 9
1537 0 move 19 29
1537 1 move 47 35
1537 2 move 37 28
1537 3 move 20 28
1537 4 pick 31 9
1538 0 move 19 30
1538 1 move 47 34
1538 2 move 37 29
1538 3 move 19 28
1538 4 move 29 9
1539 0 move 19 31
1539 1 move 47 33
1539 2 move 37 30
1539 3 move 19 27
1539 4 move 28 9
1540 0 move 19 32
1540 1 move 47 32
1540 2 move 37 31
1540 3 pick 18 27
1540 4 move 27 9
1541 0 move 19 33
1541 1 move 47 31
1541 2 move 37 32
1541 3 pick 18 27
1541 4 move 26 9
1542 0 move 19 34
1542 1 pick 46 31
1542 2 move 37 33
1542 3 pick 18 27
1542 4 move 26 8
1543 0 move 19 35
1543 1 move 47 32
1543 2 move 37 34
1543 3 pick 18 27
1543 4 pick 25 8
1544 0 move 19 36
1544 1 move 46 32
1544 2 move 37 35
1544 3 pick 18 27
1544 4 pick 25 8
1545 0 move 19 37
1545 1 move 45 32
1545 2 move 37 36
1545 3 move 19 26
1545 4 pick 25 8
1546 0 move 19 38
1546 1 move 44 32
1546 2 move 37 37
1546 3 move 19 25
1546 4 move 26 9
1547 0 move 19 39
1547 1 move 44 31
1547 2 move 37 38
1547 3 move 19 24
1547 4 move 26 10
1548 0 fulfill 19 39
1548 1 move 44 30
1548 2 move 37 39
1548 3 move 19 23
1548 4 move 26 11
1549 0 move 19 38
1549 1 move 44 29
1549 2 fulfill 37 39
1549 3 move 19 22
1549 4 move 26 12
1550 0 move 19 37
1550 1 move 44 28
1550 2 move 37 38
1550 3 move 19 21
1550 4 move 26 13
1551 0 move 19 36
1551 1 pick 45 28
1551 2 move 37 37
1551 3 move 18 21
1551 4 move 26 14
1552 0 move 19 35
1552 1 pick 45 28
1552 2 move 37 36
1552 3 move 17 21
1552 4 move 26 15
1553 0 move 19 34
1553 1 move 43 28
1553 2 move 37 35
1553 3 move 16 21
1553 4 move 27 15
1554 0 move 18 34
1554 1 move 42 28
1554 2 move 37 34
1554 3 move 16 22
1554 4 move 28 15
1555 0 pick 17 34
1555 1 move 41 28
1555 2 move 37 33
1555 3 move 16 23
1555 4 move 29 15
1556 0 move 18 33
1556 1 move 40 28
1556 2 move 37 32
1556 3 move 16 24
1556 4 move 30 15
1557 0 pick 17 33
1557 1 pick 39 28
1557 2 pick 38 32
1557 3 move 16 25
1557 4 pick 31 15
1558 0 move 18 34
1558 1 pick 39 28
1558 2 move 37 33
1558 3 move 16 26
1558 4 move 30 14
1559 0 move 19 34
1559 1 pick 39 28
1559 2 move 37 34
1559 3 pick 17 26
1559 4 move 30 13
1560 0 move 19 35
1560 1 pick 39 28
1560 2 move 37 35
1560 3 move 16 27
1560 4 move 30 12
1561 0 move 19 36
1561 1 move 40 27
1561 2 move 37 36
1561 3 move 16 28
1561 4 move 30 11
1562 0 move 18 36
1562 1 move 40 26
1562 2 move 38 36
1562 3 move 16 29
1562 4 move 30 10
1563 0 move 17 36
1563 1 move 40 25
1563 2 move 39 36
1563 3 move 16 30
1563 4 move 30 9
1564 0 move 16 36
1564 1 move 40 24
1564 2 move 40 36
1564 3 move 16 31
1564 4 move 30 8
1565 0 move 16 35
1565 1 move 40 23
1565 2 move 40 35
1565 3 move 16 32
1565 4 move 30 7
1566 0 move 16 34
1566 1 move 40 22
1566 2 move 40 34
1566 3 move 16 33
1566 4 move 30 6
1567 0 move 16 33
1567 1 move 40 21
1567 2 move 40 33
1567 3 move 16 34
1567 4 move 30 5
1568 0 move 16 32
1568 1 move 39 21
1568 2 move 40 32
1568 3 move 16 35
1568 4 move 30 4
1569 0 pick 17 32
1569 1 move 38 21
1569 2 move 40 31
1569 3 move 16 36
1569 4 move 30 3
1570 0 pick 17 32
1570 1 move 37 21
1570 2 move 40 30
1570 3 move 16 37
1570 4 move 30 2
1571 0 move 16 33
1571 1 move 37 22
1571 2 move 40 29
1571 3 move 16 38
1571 4 move 30 1
1572 0 move 16 34
1572 1 move 37 23
1572 2 pick 39 29
1572 3 move 16 39
1572 4 move 30 0
1573 0 move 16 35
1573 1 move 37 24
1573 2 pick 39 29
1573 3 fulfill 16 39
1573 4 fulfill 30 0
1574 0 move 16 36
1574 1 move 37 25
1574 2 move 40 28
1574 3 move 16 38
1574 4 move 29 0
1575 0 move 17 36
1575 1 move 37 26
1575 2 pick 39 28
1575 3 move 16 37
1575 4 move 28 0
1576 0 move 18 36
1576 1 pick 38 26
1576 2 pick 39 28
1576 3 move 16 36
1576 4 move 27 0
1577 0 move 19 36
1577 1 pick 38 26
1577 2 pick 39 28
1577 3 move 16 35
1577 4 move 26 0
1578 0 move 19 35
1578 1 move 37 27
1578 2 move 40 29
1578 3 move 16 34
1578 4 move 26 1
1579 0 move 19 34
1579 1 move 37 28
1579 2 move 40 30
1579 3 move 16 33
1579 4 move 26 2
1580 0 move 19 33
1580 1 move 37 29
1580 2 move 40 31
1580 3 move 16 32
1580 4 move 26 3
1581 0 move 19 32
1581 1 move 37 30
1581 2 move 40 32
1581 3 move 16 31
1581 4 move 26 4
1582 0 move 19 31
1582 1 move 37 31
1582 2 move 40 33
1582 3 pick 17 31
1582 4 move 26 5
1583 0 move 19 30
1583 1 move 37 32
1583 2 move 40 34
1583 3 move 16 30
1583 4 move 26 6
1584 0 move 19 29
1584 1 move 37 33
1584 2 move 40 35
1584 3 pick 17 30
1584 4 move 26 7
1585 0 move 19 28
1585 1 move 37 34
1585 2 move 40 36
1585 3 move 16 29
1585 4 move 26 8
1586 0 move 19 27
1586 1 move 37 35
1586 2 move 40 37
1586 3 move 16 28
1586 4 pick 25 8
1587 0 pick 18 27
1587 1 move 37 36
1587 2 move 40 38
1587 3 pick 17 28
1587 4 pick 25 8
1588 0 pick 18 27
1588 1 move 37 37
1588 2 move 40 39
1588 3 pick 17 28
1588 4 pick 25 8
1589 0 move 19 28
1589 1 move 37 38
1589 2 fulfill 40 39
1589 3 pick 17 28
1589 4 pick 25 8
1590 0 move 19 29
1590 1 move 37 39
1590 2 move 40 38
1590 3 move 16 27
1590 4 pick 25 8
1591 0 move 19 30
1591 1 fulfill 37 39
1591 2 move 40 37
1591 3 move 16 26
1591 4 move 26 9
1592 0 move 19 31
1592 1 move 37 38
1592 2 move 40 36
1592 3 move 16 25
1592 4 move 26 10
1593 0 move 19 32
1593 1 move 37 37
1593 2 move 40 35
1593 3 pick 17 25
1593 4 move 26 11
1594 0 move 19 33
1594 1 move 37 36
1594 2 move 40 34
1594 3 pick 17 25
1594 4 move 26 12
1595 0 move 19 34
1595 1 move 37 35
1595 2 move 40 33
1595 3 move 16 24
1595 4 move 26 13
1596 0 move 19 35
1596 1 move 37 34
1596 2 move 40 32
1596 3 move 16 23
1596 4 move 26 14
1597 0 move 19 36
1597 1 move 37 33
1597 2 move 40 31
1597 3 move 16 22
1597 4 move 26 15
1598 0 move 19 37
1598 1 move 37 32
1598 2 move 40 30
1598 3 move 16 21
1598 4 pick 25 15
1599 0 move 19 38
1599 1 pick 38 32
1599 2 pick 39 30
1599 3 move 17 21
1599 4 move 27 15
1600 0 move 19 39
1600 1 move 37 31
1600 2 move 40 29
1600 3 move 18 21
1600 4 move 28 15
1601 0 fulfill 19 39
1601 1 move 37 30
1601 2 move 40 28
1601 3 move 19 21
1601 4 move 29 15
1602 0 move 19 38
1602 1 move 37 29
1602 2 pick 39 28
1602 3 move 19 22
1602 4 move 30 15
1603 0 move 19 37
1603 1 pick 38 29
1603 2 pick 39 28
1603 3 move 19 23
1603 4 pick 31 15
1604 0 move 19 36
1604 1 move 37 28
1604 2 pick 39 28
1604 3 move 19 24
1604 4 move 30 16
1605 0 move 19 35
1605 1 move 37 27
1605 2 pick 39 28
1605 3 move 19 25
1605 4 move 30 17
1606 0 move 19 34
1606 1 move 37 26
1606 2 pick 39 28
1606 3 move 19 26
1606 4 move 30 18
1607 0 move 19 33
1607 1 move 37 25
1607 2 pick 39 28
1607 3 move 19 27
1607 4 move 30 19
1608 0 move 19 32
1608 1 move 37 24
1608 2 move 40 29
1608 3 pick 18 27
1608 4 move 30 20
1609 0 move 19 31
1609 1 move 37 23
1609 2 move 40 30
1609 3 pick 18 27
1609 4 move 30 21
1610 0 move 19 30
1610 1 move 37 22
1610 2 move 40 31
1610 3 pick 18 27
1610 4 move 30 22
1611 0 move 19 29
1611 1 move 37 21
1611 2 move 40 32
1611 3 pick 18 27
1611 4 move 30 23
1612 0 move 19 28
1612 1 move 38 21
1612 2 move 40 33
1612 3 pick 18 27
1612 4 move 30 24
1613 0 pick 18 28
1613 1 move 39 21
1613 2 move 40 34
1613 3 pick 18 27
1613 4 move 30 25
1614 0 move 19 27
1614 1 move 40 21
1614 2 move 40 35
1614 3 move 19 26
1614 4 pick 31 25
1615 0 pick 18 27
1615 1 move 40 22
1615 2 move 40 36
1615 3 move 19 25
1615 4 move 30 26
1616 0 pick 18 27
1616 1 move 40 23
1616 2 move 39 36
1616 3 move 20 25
1616 4 move 30 27
1617 0 move 19 26
1617 1 move 40 24
1617 2 move 38 36
1617 3 move 21 25
1617 4 move 30 28
1618 0 move 19 25
1618 1 move 40 25
1618 2 move 37 36
1618 3 move 22 25
1618 4 move 30 29
1619 0 move 19 24
1619 1 move 40 26
1619 2 move 37 35
1619 3 move 23 25
1619 4 move 30 30
1620 0 move 19 23
1620 1 move 40 27
1620 2 move 37 34
1620 3 pick 24 25
1620 4 move 30 31
1621 0 move 19 22
1621 1 move 40 28
1621 2 move 37 33
1621 3 move 23 26
1621 4 move 30 32
1622 0 move 19 21
1622 1 pick 39 28
1622 2 move 37 32
1622 3 move 23 27
1622 4 move 30 33
1623 0 move 18 21
1623 1 pick 39 28
1623 2 pick 38 32
1623 3 move 23 28
1623 4 move 30 34
1624 0 move 17 21
1624 1 pick 39 28
1624 2 move 36 32
1624 3 move 23 29
1624 4 move 30 35
1625 0 move 16 21
1625 1 pick 39 28
1625 2 move 35 32
1625 3 move 23 30
1625 4 move 30 36
1626 0 move 16 22
1626 1 pick 39 28
1626 2 move 34 32
1626 3 move 23 31
1626 4 move 30 37
1627 0 move 16 23
1627 1 move 40 27
1627 2 move 33 32
1627 3 move 23 32
1627 4 move 30 38
1628 0 move 16 24
1628 1 move 40 26
1628 2 move 33 31
1628 3 move 23 33
1628 4 move 30 39
1629 0 move 16 25
1629 1 pick 39 26
1629 2 pick 32 31
1629 3 move 23 34
1629 4 fulfill 30 39
1630 0 move 16 26
1630 1 move 40 27
1630 2 move 33 32
1630 3 move 23 35
1630 4 move 30 38
1631 0 move 16 27
1631 1 move 40 28
1631 2 move 33 33
1631 3 move 23 36
1631 4 move 30 37
1632 0 move 16 28
1632 1 move 40 29
1632 2 move 33 34
1632 3 move 23 37
1632 4 move 30 36
1633 0 move 16 29
1633 1 move 40 30
1633 2 move 33 35
1633 3 move 23 38
1633 4 move 30 35
1634 0 pick 17 29
1634 1 move 40 31
1634 2 move 33 36
1634 3 move 23 39
1634 4 move 30 34
1635 0 pick 17 29
1635 1 move 40 32
1635 2 move 33 37
1635 3 fulfill 23 39
1635 4 move 30 33
1636 0 move 16 30
1636 1 move 40 33
1636 2 move 33 38
1636 3 move 23 38
1636 4 move 30 32
1637 0 pick 17 30
1637 1 move 40 34
1637 2 move 33 39
1637 3 move 23 37
1637 4 move 30 31
1638 0 move 16 31
1638 1 move 40 35
1638 2 fulfill 33 39
1638 3 move 23 36
1638 4 pick 31 31
1639 0 move 16 32
1639 1 move 40 36
1639 2 move 33 38
1639 3 move 23 35
1639 4 move 30 32
1640 0 move 16 33
1640 1 move 40 37
1640 2 move 33 37
1640 3 move 23 34
1640 4 move 31 32
1641 0 move 16 34
1641 1 move 40 38
1641 2 move 33 36
1641 3 move 23 33
1641 4 move 32 32
1642 0 move 16 35
1642 1 move 40 39
1642 2 move 33 35
1642 3 move 23 32
1642 4 move 33 32
1643 0 move 16 36
1643 1 fulfill 40 39
1643 2 move 33 34
1643 3 move 23 31
1643 4 move 33 31
1644 0 move 16 37
1644 1 move 40 38
1644 2 move 33 33
1644 3 pick 24 31
1644 4 pick 32 31
1645 0 move 16 38
1645 1 move 40 37
1645 2 move 33 32
1645 3 move 23 32
1645 4 move 33 30
1646 0 move 16 39
1646 1 move 40 36
1646 2 move 33 31
1646 3 move 24 32
1646 4 move 33 29
1647 0 fulfill 16 39
1647 1 move 40 35
1647 2 move 33 30
1647 3 move 25 32
1647 4 move 33 28
1648 0 move 16 38
1648 1 move 40 34
1648 2 pick 32 30
1648 3 move 26 32
1648 4 move 33 27
1649 0 move 16 37
1649 1 move 40 33
1649 2 move 33 29
1649 3 move 26 31
1649 4 pick 32 27
1650 0 move 16 36
1650 1 move 40 32
1650 2 move 33 28
1650 3 pick 25 31
1650 4 pick 32 27
1651 0 move 16 35
1651 1 move 40 31
1651 2 pick 32 28
1651 3 pick 25 31
1651 4 pick 32 27
1652 0 move 16 34
1652 1 move 40 30
1652 2 move 33 27
1652 3 move 26 30
1652 4 move 33 28
1653 0 move 16 33
1653 1 move 40 29
1653 2 pick 32 27
1653 3 move 26 29
1653 4 move 33 29
1654 0 move 16 32
1654 1 pick 39 29
1654 2 pick 32 27
1654 3 move 26 28
1654 4 move 33 30
1655 0 move 16 31
1655 1 pick 39 29
1655 2 pick 32 27
1655 3 move 26 27
1655 4 move 33 31
1656 0 move 16 30
1656 1 pick 39 29
1656 2 pick 32 27
1656 3 move 26 26
1656 4 move 33 32
1657 0 move 16 29
1657 1 pick 39 29
1657 2 pick 32 27
1657 3 pick 25 26
1657 4 move 34 32
1658 0 move 16 28
1658 1 move 40 28
1658 2 pick 32 27
1658 3 move 26 25
1658 4 move 35 32
1659 0 pick 17 28
1659 1 pick 39 28
1659 2 pick 32 27
1659 3 move 26 24
1659 4 move 36 32
1660 0 move 16 27
1660 1 pick 39 28
1660 2 move 33 26
1660 3 pick 25 24
1660 4 move 37 32
1661 0 move 16 26
1661 1 pick 39 28
1661 2 pick 32 26
1661 3 move 27 24
1661 4 pick 38 32
1662 0 move 16 25
1662 1 pick 39 28
1662 2 pick 32 26
1662 3 move 28 24
1662 4 move 37 33
1663 0 move 16 24
1663 1 pick 39 28
1663 2 move 33 25
1663 3 move 29 24
1663 4 move 37 34
1664 0 move 16 23
1664 1 move 40 27
1664 2 move 33 24
1664 3 move 30 24
1664 4 move 37 35
1665 0 move 16 22
1665 1 pick 39 27
1665 2 move 33 23
1665 3 pick 31 24
1665 4 move 37 36
1666 0 move 16 21
1666 1 pick 39 27
1666 2 move 33 22
1666 3 pick 31 24
1666 4 move 37 37
1667 0 move 17 21
1667 1 move 40 26
1667 2 pick 32 22
1667 3 pick 31 24
1667 4 move 37 38
1668 0 move 18 21
1668 1 move 40 25
1668 2 move 33 23
1668 3 move 30 25
1668 4 move 37 39
1669 0 move 19 21
1669 1 pick 39 25
1669 2 move 33 24
1669 3 move 30 26
1669 4 fulfill 37 39
1670 0 move 19 22
1670 1 pick 39 25
1670 2 move 33 25
1670 3 move 30 27
1670 4 move 37 38
1671 0 move 19 23
1671 1 move 40 24
1671 2 move 33 26
1671 3 move 30 28
1671 4 move 37 37
1672 0 move 19 24
1672 1 pick 39 24
1672 2 move 33 27
1672 3 move 30 29
1672 4 move 37 36
1673 0 move 19 25
1673 1 move 40 25
1673 2 move 33 28
1673 3 move 30 30
1673 4 move 37 35
1674 0 move 19 26
1674 1 move 40 26
1674 2 move 33 29
1674 3 move 30 31
1674 4 move 37 34
1675 0 move 19 27
1675 1 move 40 27
1675 2 move 33 30
1675 3 move 30 32
1675 4 move 37 33
1676 0 pick 18 27
1676 1 move 40 28
1676 2 move 33 31
1676 3 move 30 33
1676 4 move 37 32
1677 0 pick 18 27
1677 1 move 40 29
1677 2 move 33 32
1677 3 move 30 34
1677 4 move 37 31
1678 0 pick 18 27
1678 1 move 40 30
1678 2 move 33 33
1678 3 move 30 35
1678 4 move 37 30
1679 0 pick 18 27
1679 1 move 40 31
1679 2 move 33 34
1679 3 move 30 36
1679 4 pick 38 30
1680 0 pick 18 27
1680 1 move 40 32
1680 2 move 33 35
1680 3 move 30 37
1680 4 move 37 29
1681 0 move 19 28
1681 1 move 40 33
1681 2 move 33 36
1681 3 move 30 38
1681 4 move 37 28
1682 0 move 19 29
1682 1 move 40 34
1682 2 move 33 37
1682 3 move 30 39
1682 4 pick 38 28
1683 0 move 19 30
1683 1 move 40 35
1683 2 move 33 38
1683 3 fulfill 30 39
1683 4 pick 38 28
1684 0 move 19 31
1684 1 move 40 36
1684 2 move 33 39
1684 3 move 29 39
1684 4 pick 38 28
1685 0 pick 18 31
1685 1 move 40 37
1685 2 fulfill 33 39
1685 3 move 28 39
1685 4 pick 38 28
1686 0 move 19 30
1686 1 move 40 38
1686 2 move 33 38
1686 3 move 27 39
1686 4 pick 38 28
1687 0 move 19 29
1687 1 move 40 39
1687 2 move 33 37
1687 3 move 26 39
1687 4 move 37 27
1688 0 move 19 28
1688 1 fulfill 40 39
1688 2 move 33 36
1688 3 move 26 38
1688 4 move 37 26
1689 0 move 19 27
1689 1 move 40 38
1689 2 move 33 35
1689 3 move 26 37
1689 4 move 37 25
1690 0 move 19 26
1690 1 move 41 38
1690 2 move 33 34
1690 3 move 26 36
1690 4 move 37 24
1691 0 move 19 25
1691 1 move 42 38
1691 2 move 33 33
1691 3 move 26 35
1691 4 move 37 23
1692 0 move 19 24
1692 1 move 43 38
1692 2 move 33 32
1692 3 move 26 34
1692 4 move 37 22
1693 0 move 19 23
1693 1 move 44 38
1693 2 move 33 31
1693 3 move 26 33
1693 4 move 37 21
1694 0 move 19 22
1694 1 move 45 38
1694 2 move 33 30
1694 3 move 26 32
1694 4 move 38 21
1695 0 move 19 21
1695 1 move 45 37
1695 2 move 33 29
1695 3 move 26 31
1695 4 move 39 21
1696 0 move 19 20
1696 1 move 45 36
1696 2 move 33 28
1696 3 pick 25 31
1696 4 move 40 21
1697 0 move 19 19
1697 1 move 45 35
1697 2 move 33 27
1697 3 pick 25 31
1697 4 move 40 22
1698 0 move 19 18
1698 1 move 45 34
1698 2 pick 32 27
1698 3 pick 25 31
1698 4 move 40 23
1699 0 move 19 17
1699 1 move 45 33
1699 2 pick 32 27
1699 3 pick 25 31
1699 4 move 40 24
1700 0 move 19 16
1700 1 move 45 32
1700 2 pick 32 27
1700 3 move 26 30
1700 4 move 40 25
1701 0 move 19 15
1701 1 move 46 32
1701 2 pick 32 27
1701 3 move 26 29
1701 4 move 40 26
1702 0 move 20 15
1702 1 move 47 32
1702 2 move 34 27
1702 3 move 26 28
1702 4 move 40 27
1703 0 move 21 15
1703 1 move 47 31
1703 2 move 35 27
1703 3 move 26 27
1703 4 move 40 28
1704 0 move 22 15
1704 1 move 47 30
1704 2 move 36 27
1704 3 move 26 26
1704 4 pick 39 28
1705 0 move 23 15
1705 1 pick 46 30
1705 2 move 37 27
1705 3 pick 25 26
1705 4 pick 39 28
1706 0 pick 24 15
1706 1 move 47 29
1706 2 pick 38 27
1706 3 move 26 25
1706 4 pick 39 28
1707 0 move 23 14
1707 1 move 47 28
1707 2 move 37 26
1707 3 move 26 24
1707 4 move 40 29
1708 0 move 23 13
1708 1 move 47 27
1708 2 move 37 25
1708 3 move 27 24
1708 4 pick 39 29
1709 0 move 23 12
1709 1 move 47 26
1709 2 move 37 24
1709 3 move 28 24
1709 4 pick 39 29
1710 0 move 23 11
1710 1 pick 46 26
1710 2 move 37 23
1710 3 move 29 24
1710 4 move 40 28
1711 0 move 23 10
1711 1 move 47 27
1711 2 move 37 22
1711 3 move 30 24
1711 4 move 40 27
1712 0 move 23 9
1712 1 move 47 28
1712 2 move 37 21
1712 3 pick 31 24
1712 4 move 40 26
1713 0 move 23 8
1713 1 move 47 29
1713 2 move 38 21
1713 3 pick 31 24
1713 4 move 40 25
1714 0 move 23 7
1714 1 move 47 30
1714 2 move 39 21
1714 3 pick 31 24
1714 4 move 40 24
1715 0 move 23 6
1715 1 move 47 31
1715 2 move 40 21
1715 3 move 30 23
1715 4 move 40 23
1716 0 move 23 5
1716 1 move 47 32
1716 3 move 30 22
1716 4 move 40 22
1717 0 move 23 4
1717 1 move 46 32
1717 2 move 40 22
1717 3 move 30 21
1717 4 move 40 21
1718 0 move 23 3
1718 1 move 45 32
1718 2 move 40 23
1718 3 move 31 21
1718 4 move 39 21
1719 0 move 23 2
1719 1 move 44 32
1719 2 move 40 24
1719 3 move 32 21
1719 4 move 38 21
1720 0 move 23 1
1720 1 move 43 32
1720 2 move 40 25
1720 3 move 33 21
1720 4 move 37 21
1721 0 move 23 0
1721 1 move 42 32
1721 2 move 40 26
1721 3 move 33 22
1721 4 move 37 22
1722 0 fulfill 23 0
1722 1 move 41 32
1722 2 pick 39 26
1722 3 move 33 23
1722 4 move 37 23
1723 0 move 23 1
1723 1 move 41 31
1723 2 move 40 27
1723 3 move 34 23
1723 4 move 37 24
1724 0 move 24 1
1724 1 move 41 30
1724 2 move 40 28
1724 3 move 35 23
1724 4 move 37 25
1725 0 move 24 2
1725 1 move 41 29
1725 2 move 40 29
1725 3 move 36 23
1725 4 pick 38 25
1726 0 move 24 3
1726 1 move 41 28
1726 2 pick 39 29
1726 3 move 37 23
1726 4 move 37 26
1727 0 move 24 4
1727 1 move 40 28
1727 2 move 40 30
1727 3 pick 38 23
1727 4 move 37 27
1728 0 move 24 5
1728 1 pick 39 28
1728 2 move 41 30
1728 3 move 37 22
1728 4 move 37 28
1729 0 move 25 5
1729 1 pick 39 28
1729 2 move 42 30
1729 3 move 37 21
1729 4 move 37 29
1730 0 move 26 5
1730 1 pick 39 28
1730 2 move 43 30
1730 3 move 37 20
1730 4 move 37 30
1731 0 move 26 6
1731 1 move 40 29
1731 2 move 44 30
1731 3 move 37 19
1731 4 move 37 31
1732 0 move 26 7
1732 1 pick 39 29
1732 2 move 44 31
1732 3 move 37 18
1732 4 move 37 32
1733 0 move 26 8
1733 1 pick 39 29
1733 2 move 44 32
1733 3 move 37 17
1733 4 move 37 33
1734 0 pick 25 8
1734 1 pick 39 29
1734 2 move 45 32
1734 3 move 37 16
1734 4 move 37 34
1735 0 pick 25 8
1735 1 move 40 30
1735 2 move 46 32
1735 3 move 37 15
1735 4 move 37 35
1736 0 pick 25 8
1736 1 move 40 31
1736 2 move 47 32
1736 3 move 37 14
1736 4 move 37 36
1737 0 pick 25 8
1737 1 move 40 32
1737 2 move 47 31
1737 3 move 37 13
1737 4 move 37 37
1738 0 pick 25 8
1738 1 move 40 33
1738 2 move 47 30
1738 3 move 37 12
1738 4 move 37 38
1739 0 pick 25 8
1739 1 move 40 34
1739 2 pick 46 30
1739 3 pick 38 12
1739 4 move 37 39
1740 0 move 26 9
1740 1 move 40 35
1740 2 move 47 31
1740 3 move 37 11
1740 4 fulfill 37 39
1741 0 move 27 9
1741 1 move 40 36
1741 2 move 47 32
1741 3 move 37 10
1741 4 move 36 39
1742 0 move 28 9
1742 1 move 40 37
1742 2 move 47 33
1742 3 move 37 9
1742 4 move 35 39
1743 0 move 29 9
1743 1 move 40 38
1743 2 move 47 34
1743 3 move 37 8
1743 4 move 35 38
1744 0 move 30 9
1744 1 move 40 39
1744 2 move 47 35
1744 3 move 37 7
1744 4 move 35 37
1745 0 pick 31 9
1745 1 fulfill 40 39
1745 2 move 47 36
1745 3 move 37 6
1745 4 move 34 37
1746 0 move 30 10
1746 1 move 39 39
1746 2 move 47 37
1746 3 move 37 5
1746 4 move 33 37
1747 0 move 30 11
1747 1 move 38 39
1747 2 move 47 38
1747 3 move 37 4
1747 4 move 33 36
1748 0 move 30 12
1748 1 move 38 38
1748 2 move 47 39
1748 3 move 37 3
1748 4 move 33 35
1749 0 move 30 13
1749 1 move 38 37
1749 2 fulfill 47 39
1749 3 move 37 2
1749 4 move 33 34
1750 0 pick 31 13
1750 1 move 38 36
1750 3 move 37 1
1750 4 move 33 33
1751 0 move 30 12
1751 1 pick 38 35
1751 3 move 37 0
1751 4 move 33 32
1752 0 move 30 11
1752 1 move 37 36
1752 3 fulfill 37 0
1752 4 move 33 31
1753 0 move 30 10
1753 1 move 37 35
1753 3 move 36 0
1753 4 move 33 30
1754 0 move 30 9
1754 1 move 37 34
1754 3 move 35 0
1754 4 move 33 29
1755 0 move 30 8
1755 1 move 37 33
1755 3 move 34 0
1755 4 move 33 28
1756 0 move 30 7
1756 1 move 37 32
1756 3 move 33 0
1756 4 move 33 27
1757 0 move 30 6
1757 1 move 37 31
1757 3 move 32 0
1757 4 pick 32 27
1758 0 move 30 5
1758 1 pick 38 31
1758 3 move 31 0
1758 4 move 33 26
1759 0 move 30 4
1759 1 move 37 32
1759 3 move 31 1
1759 4 move 33 25
1760 0 move 30 3
1760 1 move 37 33
1760 3 move 31 2
1760 4 move 33 24
1761 0 move 30 2
1761 1 move 37 34
1761 3 move 31 3
1761 4 move 33 23
1762 0 move 30 1
1762 1 move 37 35
1762 3 move 31 4
1762 4 move 33 22
1763 0 move 30 0
1763 1 move 37 36
1763 3 move 31 5
1763 4 pick 32 22
1764 0 fulfill 30 0
1764 1 move 38 36
1764 3 pick 31 6
1764 4 move 33 21
1765 1 move 39 36
1765 3 move 30 5
1765 4 move 32 21
1766 1 move 40 36
1766 3 move 30 6
1766 4 move 31 21
1767 1 move 40 35
1767 3 move 30 7
1767 4 move 30 21
1768 1 move 40 34
1768 3 move 30 8
1768 4 move 29 21
1769 1 move 40 33
1769 3 move 30 9
1769 4 move 28 21
1770 1 move 40 32
1770 3 pick 31 9
1770 4 move 27 21
1771 1 move 40 31
1771 3 move 30 10
1771 4 move 26 21
1772 1 pick 39 31
1772 3 move 30 11
1772 4 move 26 22
1773 1 move 40 30
1773 3 move 30 12
1773 4 move 26 23
1774 1 move 40 29
1774 3 move 30 13
1774 4 pick 25 23
1775 1 pick 39 29
1775 3 pick 31 13
1775 4 move 26 22
1776 1 pick 39 29
1776 3 move 29 13
1776 4 move 26 21
1777 1 pick 39 29
1777 3 move 28 13
1777 4 move 26 20
1778 1 move 40 28
1778 3 move 27 13
1778 4 move 26 19
1779 1 pick 39 28
1779 3 move 26 13
1779 4 move 26 18
1780 1 pick 39 28
1780 3 move 26 14
1780 4 move 26 17
1781 1 pick 39 28
1781 3 move 26 15
1781 4 move 26 16
1782 1 pick 39 28
1782 3 move 26 16
1782 4 move 26 15
1783 1 pick 39 28
1783 3 move 25 16
1783 4 pick 25 15
1784 1 move 40 29
1784 3 move 24 16
1784 4 move 26 14
1785 1 move 40 30
1785 3 move 23 16
1785 4 move 26 13
1786 1 move 40 31
1786 3 move 23 15
1786 4 pick 25 13
1787 1 move 40 32
1787 3 move 23 14
1787 4 move 26 12
1788 1 move 40 33
1788 3 move 23 13
1788 4 move 26 11
1789 1 move 40 34
1789 3 move 23 12
1789 4 move 26 10
1790 1 move 40 35
1790 3 pick 24 12
1790 4 move 26 9
1791 1 move 40 36
1791 3 pick 24 12
1791 4 move 26 8
1792 1 move 40 37
1792 3 pick 24 12
1792 4 move 26 7
1793 1 move 40 38
1793 3 move 23 11
1793 4 move 26 6
1794 1 move 40 39
1794 3 move 23 10
1794 4 move 26 5
1795 1 fulfill 40 39
1795 3 move 23 9
1795 4 move 26 4
1796 3 move 23 8
1796 4 move 26 3
1797 3 move 23 7
1797 4 move 26 2
1798 3 move 23 6
1798 4 move 26 1
1799 3 move 23 5
1799 4 move 26 0
1800 3 move 23 4
1800 4 fulfill 26 0
1801 3 move 23 3
1802 3 move 23 2
1803 3 move 23 1
1804 3 move 23 0
1805 3 fulfill 23 0
