[2026-04-09 07:20:54] solve_start total_orders=1000
[2026-04-09 07:20:54] relocation_plan count=8 top=[SKU9->top_x0_29(score=41.79), SKU10->top_x0_29(score=41.11), SKU6->top_x0_29(score=31.96), SKU7->bottom_x30_59(score=30.88), SKU8->top_x30_59(score=22.96), SKU12->top_x0_29(score=17.73)]
[2026-04-09 07:20:54] dispatch_start n=1 robot=0 role=relocate_pallet robot_t=-1 completed=0/1000 remaining=1000
[2026-04-09 07:20:54] relocation_done sku=9 bucket=top_x0_29 hotspot=(20, 0) score=41.788
[2026-04-09 07:20:54] dispatch_end n=1 robot=0 role=relocate_pallet success=True elapsed_s=0.00 completed=0/1000 remaining=1000
[2026-04-09 07:20:54] dispatch_start n=2 robot=1 role=relocate_pallet robot_t=-1 completed=0/1000 remaining=1000
[2026-04-09 07:20:54] relocation_done sku=10 bucket=top_x0_29 hotspot=(20, 0) score=41.112
[2026-04-09 07:20:54] dispatch_end n=2 robot=1 role=relocate_pallet success=True elapsed_s=0.00 completed=0/1000 remaining=1000
[2026-04-09 07:20:54] dispatch_start n=3 robot=2 role=relocate_pallet robot_t=-1 completed=0/1000 remaining=1000
[2026-04-09 07:20:54] relocation_done sku=6 bucket=top_x0_29 hotspot=(20, 0) score=31.963
[2026-04-09 07:20:54] dispatch_end n=3 robot=2 role=relocate_pallet success=True elapsed_s=0.00 completed=0/1000 remaining=1000
[2026-04-09 07:20:54] dispatch_start n=4 robot=3 role=relocate_pallet robot_t=-1 completed=0/1000 remaining=1000
[2026-04-09 07:20:54] relocation_done sku=7 bucket=bottom_x30_59 hotspot=(40, 39) score=30.880
[2026-04-09 07:20:54] dispatch_end n=4 robot=3 role=relocate_pallet success=True elapsed_s=0.00 completed=0/1000 remaining=1000
[2026-04-09 07:20:54] dispatch_start n=5 robot=4 role=relocate_pallet robot_t=-1 completed=0/1000 remaining=1000
[2026-04-09 07:20:54] relocation_done sku=8 bucket=top_x30_59 hotspot=(40, 0) score=22.956
[2026-04-09 07:20:54] dispatch_end n=5 robot=4 role=relocate_pallet success=True elapsed_s=0.00 completed=0/1000 remaining=1000
[2026-04-09 07:20:54] dispatch_start n=6 robot=4 role=relocate_pallet robot_t=19 completed=0/1000 remaining=1000
[2026-04-09 07:20:54] relocation_done sku=12 bucket=top_x0_29 hotspot=(20, 0) score=17.732
[2026-04-09 07:20:54] dispatch_end n=6 robot=4 role=relocate_pallet success=True elapsed_s=0.00 completed=0/1000 remaining=1000
[2026-04-09 07:20:54] dispatch_start n=7 robot=2 role=relocate_pallet robot_t=26 completed=0/1000 remaining=1000
[2026-04-09 07:20:54] relocation_done sku=15 bucket=bottom_x30_59 hotspot=(40, 39) score=16.564
[2026-04-09 07:20:54] dispatch_end n=7 robot=2 role=relocate_pallet success=True elapsed_s=0.00 completed=0/1000 remaining=1000
[2026-04-09 07:20:54] dispatch_start n=8 robot=3 role=relocate_pallet robot_t=37 completed=0/1000 remaining=1000
[2026-04-09 07:20:54] relocation_done sku=18 bucket=top_x30_59 hotspot=(40, 0) score=10.170
[2026-04-09 07:20:54] dispatch_end n=8 robot=3 role=relocate_pallet success=True elapsed_s=0.00 completed=0/1000 remaining=1000
[2026-04-09 07:20:54] warmup_barrier floor_t=97
[2026-04-09 07:20:54] dispatch_start n=9 robot=0 role=deliver robot_t=97 completed=0/1000 remaining=1000
[2026-04-09 07:20:54] dispatch_end n=9 robot=0 role=deliver success=True elapsed_s=0.10 completed=1/1000 remaining=999
[2026-04-09 07:20:54] dispatch_start n=10 robot=1 role=deliver robot_t=97 completed=1/1000 remaining=999
[2026-04-09 07:20:54] dispatch_end n=10 robot=1 role=deliver success=True elapsed_s=0.10 completed=2/1000 remaining=998
[2026-04-09 07:20:54] dispatch_start n=11 robot=4 role=deliver robot_t=97 completed=2/1000 remaining=998
[2026-04-09 07:20:54] dispatch_end n=11 robot=4 role=deliver success=True elapsed_s=0.08 completed=3/1000 remaining=997
[2026-04-09 07:20:54] dispatch_start n=12 robot=3 role=deliver robot_t=97 completed=3/1000 remaining=997
[2026-04-09 07:20:54] dispatch_end n=12 robot=3 role=deliver success=True elapsed_s=0.10 completed=4/1000 remaining=996
[2026-04-09 07:20:54] dispatch_start n=13 robot=2 role=deliver robot_t=97 completed=4/1000 remaining=996
[2026-04-09 07:20:54] dispatch_end n=13 robot=2 role=deliver success=True elapsed_s=0.10 completed=5/1000 remaining=995
[2026-04-09 07:20:54] dispatch_start n=14 robot=3 role=deliver robot_t=119 completed=5/1000 remaining=995
[2026-04-09 07:20:55] dispatch_end n=14 robot=3 role=deliver success=True elapsed_s=0.10 completed=6/1000 remaining=994
[2026-04-09 07:20:55] dispatch_start n=15 robot=0 role=deliver robot_t=121 completed=6/1000 remaining=994
[2026-04-09 07:20:55] dispatch_end n=15 robot=0 role=deliver success=True elapsed_s=0.10 completed=7/1000 remaining=993
[2026-04-09 07:20:55] dispatch_start n=16 robot=2 role=deliver robot_t=125 completed=7/1000 remaining=993
[2026-04-09 07:20:55] dispatch_end n=16 robot=2 role=deliver success=True elapsed_s=0.08 completed=8/1000 remaining=992
[2026-04-09 07:20:55] dispatch_start n=17 robot=1 role=deliver robot_t=129 completed=8/1000 remaining=992
[2026-04-09 07:20:55] dispatch_end n=17 robot=1 role=deliver success=True elapsed_s=0.10 completed=9/1000 remaining=991
[2026-04-09 07:20:55] dispatch_start n=18 robot=4 role=deliver robot_t=133 completed=9/1000 remaining=991
[2026-04-09 07:20:55] dispatch_end n=18 robot=4 role=deliver success=True elapsed_s=0.10 completed=10/1000 remaining=990
[2026-04-09 07:20:55] dispatch_start n=19 robot=3 role=deliver robot_t=142 completed=10/1000 remaining=990
[2026-04-09 07:20:55] dispatch_end n=19 robot=3 role=deliver success=True elapsed_s=0.10 completed=11/1000 remaining=989
[2026-04-09 07:20:55] dispatch_start n=20 robot=2 role=deliver robot_t=153 completed=11/1000 remaining=989
[2026-04-09 07:20:55] dispatch_end n=20 robot=2 role=deliver success=True elapsed_s=0.08 completed=12/1000 remaining=988
[2026-04-09 07:20:55] dispatch_start n=21 robot=1 role=deliver robot_t=159 completed=12/1000 remaining=988
[2026-04-09 07:20:55] dispatch_end n=21 robot=1 role=deliver success=True elapsed_s=0.10 completed=13/1000 remaining=987
[2026-04-09 07:20:55] dispatch_start n=22 robot=0 role=deliver robot_t=164 completed=13/1000 remaining=987
[2026-04-09 07:20:55] dispatch_end n=22 robot=0 role=deliver success=True elapsed_s=0.11 completed=14/1000 remaining=986
[2026-04-09 07:20:55] dispatch_start n=23 robot=4 role=deliver robot_t=167 completed=14/1000 remaining=986
[2026-04-09 07:20:55] dispatch_end n=23 robot=4 role=deliver success=True elapsed_s=0.11 completed=15/1000 remaining=985
[2026-04-09 07:20:55] dispatch_start n=24 robot=3 role=deliver robot_t=171 completed=15/1000 remaining=985
[2026-04-09 07:20:56] dispatch_end n=24 robot=3 role=deliver success=True elapsed_s=0.10 completed=16/1000 remaining=984
[2026-04-09 07:20:56] dispatch_start n=25 robot=2 role=deliver robot_t=181 completed=16/1000 remaining=984
[2026-04-09 07:20:56] dispatch_end n=25 robot=2 role=deliver success=True elapsed_s=0.08 completed=17/1000 remaining=983
[2026-04-09 07:20:56] dispatch_start n=26 robot=1 role=deliver robot_t=188 completed=17/1000 remaining=983
[2026-04-09 07:20:56] dispatch_end n=26 robot=1 role=deliver success=True elapsed_s=0.10 completed=18/1000 remaining=982
[2026-04-09 07:20:56] dispatch_start n=27 robot=3 role=deliver robot_t=199 completed=18/1000 remaining=982
[2026-04-09 07:20:56] dispatch_end n=27 robot=3 role=deliver success=True elapsed_s=0.11 completed=19/1000 remaining=981
[2026-04-09 07:20:56] dispatch_start n=28 robot=4 role=deliver robot_t=199 completed=19/1000 remaining=981
[2026-04-09 07:20:56] dispatch_end n=28 robot=4 role=deliver success=True elapsed_s=0.11 completed=20/1000 remaining=980
[2026-04-09 07:20:56] dispatch_start n=29 robot=0 role=deliver robot_t=205 completed=20/1000 remaining=980
[2026-04-09 07:20:56] dispatch_end n=29 robot=0 role=deliver success=True elapsed_s=0.11 completed=21/1000 remaining=979
[2026-04-09 07:20:56] dispatch_start n=30 robot=2 role=deliver robot_t=210 completed=21/1000 remaining=979
[2026-04-09 07:20:56] dispatch_end n=30 robot=2 role=deliver success=True elapsed_s=0.08 completed=22/1000 remaining=978
[2026-04-09 07:20:56] dispatch_start n=31 robot=1 role=deliver robot_t=217 completed=22/1000 remaining=978
[2026-04-09 07:20:56] dispatch_end n=31 robot=1 role=deliver success=True elapsed_s=0.11 completed=23/1000 remaining=977
[2026-04-09 07:20:56] dispatch_start n=32 robot=4 role=deliver robot_t=231 completed=23/1000 remaining=977
[2026-04-09 07:20:56] dispatch_end n=32 robot=4 role=deliver success=True elapsed_s=0.10 completed=24/1000 remaining=976
[2026-04-09 07:20:56] dispatch_start n=33 robot=3 role=deliver robot_t=235 completed=24/1000 remaining=976
[2026-04-09 07:20:56] dispatch_end n=33 robot=3 role=deliver success=True elapsed_s=0.11 completed=25/1000 remaining=975
[2026-04-09 07:20:56] dispatch_start n=34 robot=2 role=deliver robot_t=240 completed=25/1000 remaining=975
[2026-04-09 07:20:57] dispatch_end n=34 robot=2 role=deliver success=True elapsed_s=0.08 completed=26/1000 remaining=974
[2026-04-09 07:20:57] dispatch_start n=35 robot=0 role=deliver robot_t=249 completed=26/1000 remaining=974
[2026-04-09 07:20:57] dispatch_end n=35 robot=0 role=deliver success=True elapsed_s=0.11 completed=27/1000 remaining=973
[2026-04-09 07:20:57] dispatch_start n=36 robot=1 role=deliver robot_t=259 completed=27/1000 remaining=973
[2026-04-09 07:20:57] dispatch_end n=36 robot=1 role=deliver success=True elapsed_s=0.11 completed=28/1000 remaining=972
[2026-04-09 07:20:57] dispatch_start n=37 robot=4 role=deliver robot_t=260 completed=28/1000 remaining=972
[2026-04-09 07:20:57] dispatch_end n=37 robot=4 role=deliver success=True elapsed_s=0.11 completed=29/1000 remaining=971
[2026-04-09 07:20:57] dispatch_start n=38 robot=3 role=deliver robot_t=264 completed=29/1000 remaining=971
[2026-04-09 07:20:57] dispatch_end n=38 robot=3 role=deliver success=True elapsed_s=0.11 completed=30/1000 remaining=970
[2026-04-09 07:20:57] dispatch_start n=39 robot=2 role=deliver robot_t=270 completed=30/1000 remaining=970
[2026-04-09 07:20:57] dispatch_end n=39 robot=2 role=deliver success=True elapsed_s=0.08 completed=31/1000 remaining=969
[2026-04-09 07:20:57] dispatch_start n=40 robot=0 role=deliver robot_t=288 completed=31/1000 remaining=969
[2026-04-09 07:20:57] dispatch_end n=40 robot=0 role=deliver success=True elapsed_s=0.11 completed=32/1000 remaining=968
[2026-04-09 07:20:57] dispatch_start n=41 robot=1 role=deliver robot_t=296 completed=32/1000 remaining=968
[2026-04-09 07:20:57] dispatch_end n=41 robot=1 role=deliver success=True elapsed_s=0.11 completed=33/1000 remaining=967
[2026-04-09 07:20:57] dispatch_start n=42 robot=2 role=deliver robot_t=299 completed=33/1000 remaining=967
[2026-04-09 07:20:57] dispatch_end n=42 robot=2 role=deliver success=True elapsed_s=0.08 completed=34/1000 remaining=966
[2026-04-09 07:20:57] dispatch_start n=43 robot=4 role=deliver robot_t=301 completed=34/1000 remaining=966
[2026-04-09 07:20:57] dispatch_end n=43 robot=4 role=deliver success=True elapsed_s=0.11 completed=35/1000 remaining=965
[2026-04-09 07:20:57] dispatch_start n=44 robot=3 role=deliver robot_t=316 completed=35/1000 remaining=965
[2026-04-09 07:20:58] dispatch_end n=44 robot=3 role=deliver success=True elapsed_s=0.09 completed=36/1000 remaining=964
[2026-04-09 07:20:58] dispatch_start n=45 robot=0 role=deliver robot_t=321 completed=36/1000 remaining=964
[2026-04-09 07:20:58] dispatch_end n=45 robot=0 role=deliver success=True elapsed_s=0.11 completed=37/1000 remaining=963
[2026-04-09 07:20:58] dispatch_start n=46 robot=1 role=deliver robot_t=328 completed=37/1000 remaining=963
[2026-04-09 07:20:58] dispatch_end n=46 robot=1 role=deliver success=True elapsed_s=0.11 completed=38/1000 remaining=962
[2026-04-09 07:20:58] dispatch_start n=47 robot=2 role=deliver robot_t=329 completed=38/1000 remaining=962
[2026-04-09 07:20:58] dispatch_end n=47 robot=2 role=deliver success=True elapsed_s=0.09 completed=39/1000 remaining=961
[2026-04-09 07:20:58] dispatch_start n=48 robot=4 role=deliver robot_t=342 completed=39/1000 remaining=961
[2026-04-09 07:20:58] dispatch_end n=48 robot=4 role=deliver success=True elapsed_s=0.09 completed=40/1000 remaining=960
[2026-04-09 07:20:58] dispatch_start n=49 robot=3 role=deliver robot_t=351 completed=40/1000 remaining=960
[2026-04-09 07:20:58] dispatch_end n=49 robot=3 role=deliver success=True elapsed_s=0.11 completed=41/1000 remaining=959
[2026-04-09 07:20:58] dispatch_start n=50 robot=0 role=deliver robot_t=354 completed=41/1000 remaining=959
[2026-04-09 07:20:58] dispatch_end n=50 robot=0 role=deliver success=True elapsed_s=0.11 completed=42/1000 remaining=958
[2026-04-09 07:20:58] dispatch_start n=51 robot=2 role=deliver robot_t=362 completed=42/1000 remaining=958
[2026-04-09 07:20:58] dispatch_end n=51 robot=2 role=deliver success=True elapsed_s=0.09 completed=43/1000 remaining=957
[2026-04-09 07:20:58] dispatch_start n=52 robot=1 role=deliver robot_t=370 completed=43/1000 remaining=957
[2026-04-09 07:20:58] dispatch_end n=52 robot=1 role=deliver success=True elapsed_s=0.11 completed=44/1000 remaining=956
[2026-04-09 07:20:58] dispatch_start n=53 robot=4 role=deliver robot_t=375 completed=44/1000 remaining=956
[2026-04-09 07:20:58] dispatch_end n=53 robot=4 role=deliver success=True elapsed_s=0.11 completed=45/1000 remaining=955
[2026-04-09 07:20:58] dispatch_start n=54 robot=2 role=deliver robot_t=393 completed=45/1000 remaining=955
[2026-04-09 07:20:59] dispatch_end n=54 robot=2 role=deliver success=True elapsed_s=0.09 completed=46/1000 remaining=954
[2026-04-09 07:20:59] dispatch_start n=55 robot=3 role=deliver robot_t=393 completed=46/1000 remaining=954
[2026-04-09 07:20:59] dispatch_end n=55 robot=3 role=deliver success=True elapsed_s=0.09 completed=47/1000 remaining=953
[2026-04-09 07:20:59] dispatch_start n=56 robot=0 role=deliver robot_t=399 completed=47/1000 remaining=953
[2026-04-09 07:20:59] dispatch_end n=56 robot=0 role=deliver success=True elapsed_s=0.12 completed=48/1000 remaining=952
[2026-04-09 07:20:59] dispatch_start n=57 robot=1 role=deliver robot_t=414 completed=48/1000 remaining=952
[2026-04-09 07:20:59] dispatch_end n=57 robot=1 role=deliver success=True elapsed_s=0.09 completed=49/1000 remaining=951
[2026-04-09 07:20:59] dispatch_start n=58 robot=4 role=deliver robot_t=418 completed=49/1000 remaining=951
[2026-04-09 07:20:59] dispatch_end n=58 robot=4 role=deliver success=True elapsed_s=0.09 completed=50/1000 remaining=950
[2026-04-09 07:20:59] progress completed=50/1000 makespan=458 dispatches=58
[2026-04-09 07:20:59] dispatch_start n=59 robot=3 role=deliver robot_t=423 completed=50/1000 remaining=950
[2026-04-09 07:20:59] dispatch_end n=59 robot=3 role=deliver success=True elapsed_s=0.11 completed=51/1000 remaining=949
[2026-04-09 07:20:59] dispatch_start n=60 robot=2 role=deliver robot_t=426 completed=51/1000 remaining=949
[2026-04-09 07:20:59] dispatch_end n=60 robot=2 role=deliver success=True elapsed_s=0.09 completed=52/1000 remaining=948
[2026-04-09 07:20:59] dispatch_start n=61 robot=0 role=deliver robot_t=433 completed=52/1000 remaining=948
[2026-04-09 07:20:59] dispatch_end n=61 robot=0 role=deliver success=True elapsed_s=0.11 completed=53/1000 remaining=947
[2026-04-09 07:20:59] dispatch_start n=62 robot=1 role=deliver robot_t=456 completed=53/1000 remaining=947
[2026-04-09 07:20:59] dispatch_end n=62 robot=1 role=deliver success=True elapsed_s=0.12 completed=54/1000 remaining=946
[2026-04-09 07:20:59] dispatch_start n=63 robot=3 role=deliver robot_t=456 completed=54/1000 remaining=946
[2026-04-09 07:20:59] dispatch_end n=63 robot=3 role=deliver success=True elapsed_s=0.12 completed=55/1000 remaining=945
[2026-04-09 07:20:59] dispatch_start n=64 robot=2 role=deliver robot_t=458 completed=55/1000 remaining=945
[2026-04-09 07:21:00] dispatch_end n=64 robot=2 role=deliver success=True elapsed_s=0.09 completed=56/1000 remaining=944
[2026-04-09 07:21:00] dispatch_start n=65 robot=4 role=deliver robot_t=458 completed=56/1000 remaining=944
[2026-04-09 07:21:00] dispatch_end n=65 robot=4 role=deliver success=True elapsed_s=0.11 completed=57/1000 remaining=943
[2026-04-09 07:21:00] dispatch_start n=66 robot=0 role=deliver robot_t=466 completed=57/1000 remaining=943
[2026-04-09 07:21:00] dispatch_end n=66 robot=0 role=deliver success=True elapsed_s=0.12 completed=58/1000 remaining=942
[2026-04-09 07:21:00] dispatch_start n=67 robot=3 role=deliver robot_t=487 completed=58/1000 remaining=942
[2026-04-09 07:21:00] dispatch_end n=67 robot=3 role=deliver success=True elapsed_s=0.12 completed=59/1000 remaining=941
[2026-04-09 07:21:00] dispatch_start n=68 robot=1 role=deliver robot_t=490 completed=59/1000 remaining=941
[2026-04-09 07:21:00] dispatch_end n=68 robot=1 role=deliver success=True elapsed_s=0.12 completed=60/1000 remaining=940
[2026-04-09 07:21:00] dispatch_start n=69 robot=2 role=deliver robot_t=492 completed=60/1000 remaining=940
[2026-04-09 07:21:00] dispatch_end n=69 robot=2 role=deliver success=True elapsed_s=0.09 completed=61/1000 remaining=939
[2026-04-09 07:21:00] dispatch_start n=70 robot=0 role=deliver robot_t=497 completed=61/1000 remaining=939
[2026-04-09 07:21:00] dispatch_end n=70 robot=0 role=deliver success=True elapsed_s=0.12 completed=62/1000 remaining=938
[2026-04-09 07:21:00] dispatch_start n=71 robot=4 role=deliver robot_t=501 completed=62/1000 remaining=938
[2026-04-09 07:21:00] dispatch_end n=71 robot=4 role=deliver success=True elapsed_s=0.10 completed=63/1000 remaining=937
[2026-04-09 07:21:00] dispatch_start n=72 robot=3 role=deliver robot_t=521 completed=63/1000 remaining=937
[2026-04-09 07:21:00] dispatch_end n=72 robot=3 role=deliver success=True elapsed_s=0.12 completed=64/1000 remaining=936
[2026-04-09 07:21:00] dispatch_start n=73 robot=2 role=deliver robot_t=529 completed=64/1000 remaining=936
[2026-04-09 07:21:01] dispatch_end n=73 robot=2 role=deliver success=True elapsed_s=0.12 completed=65/1000 remaining=935
[2026-04-09 07:21:01] dispatch_start n=74 robot=0 role=deliver robot_t=532 completed=65/1000 remaining=935
[2026-04-09 07:21:01] dispatch_end n=74 robot=0 role=deliver success=True elapsed_s=0.12 completed=66/1000 remaining=934
[2026-04-09 07:21:01] dispatch_start n=75 robot=1 role=deliver robot_t=535 completed=66/1000 remaining=934
[2026-04-09 07:21:01] dispatch_end n=75 robot=1 role=deliver success=True elapsed_s=0.09 completed=67/1000 remaining=933
[2026-04-09 07:21:01] dispatch_start n=76 robot=4 role=deliver robot_t=543 completed=67/1000 remaining=933
[2026-04-09 07:21:01] dispatch_end n=76 robot=4 role=deliver success=True elapsed_s=0.12 completed=68/1000 remaining=932
[2026-04-09 07:21:01] dispatch_start n=77 robot=3 role=deliver robot_t=556 completed=68/1000 remaining=932
[2026-04-09 07:21:01] dispatch_end n=77 robot=3 role=deliver success=True elapsed_s=0.12 completed=69/1000 remaining=931
[2026-04-09 07:21:01] dispatch_start n=78 robot=2 role=deliver robot_t=565 completed=69/1000 remaining=931
[2026-04-09 07:21:01] dispatch_end n=78 robot=2 role=deliver success=True elapsed_s=0.09 completed=70/1000 remaining=930
[2026-04-09 07:21:01] dispatch_start n=79 robot=0 role=deliver robot_t=566 completed=70/1000 remaining=930
[2026-04-09 07:21:01] dispatch_end n=79 robot=0 role=deliver success=True elapsed_s=0.12 completed=71/1000 remaining=929
[2026-04-09 07:21:01] dispatch_start n=80 robot=1 role=deliver robot_t=570 completed=71/1000 remaining=929
[2026-04-09 07:21:01] dispatch_end n=80 robot=1 role=deliver success=True elapsed_s=0.10 completed=72/1000 remaining=928
[2026-04-09 07:21:01] dispatch_start n=81 robot=4 role=deliver robot_t=588 completed=72/1000 remaining=928
[2026-04-09 07:21:01] dispatch_end n=81 robot=4 role=deliver success=True elapsed_s=0.12 completed=73/1000 remaining=927
[2026-04-09 07:21:01] dispatch_start n=82 robot=3 role=deliver robot_t=596 completed=73/1000 remaining=927
[2026-04-09 07:21:02] dispatch_end n=82 robot=3 role=deliver success=True elapsed_s=0.10 completed=74/1000 remaining=926
[2026-04-09 07:21:02] dispatch_start n=83 robot=2 role=deliver robot_t=597 completed=74/1000 remaining=926
[2026-04-09 07:21:02] dispatch_end n=83 robot=2 role=deliver success=True elapsed_s=0.10 completed=75/1000 remaining=925
[2026-04-09 07:21:02] dispatch_start n=84 robot=0 role=deliver robot_t=610 completed=75/1000 remaining=925
[2026-04-09 07:21:02] dispatch_end n=84 robot=0 role=deliver success=True elapsed_s=0.13 completed=76/1000 remaining=924
[2026-04-09 07:21:02] dispatch_start n=85 robot=1 role=deliver robot_t=611 completed=76/1000 remaining=924
[2026-04-09 07:21:02] dispatch_end n=85 robot=1 role=deliver success=True elapsed_s=0.12 completed=77/1000 remaining=923
[2026-04-09 07:21:02] dispatch_start n=86 robot=4 role=deliver robot_t=629 completed=77/1000 remaining=923
[2026-04-09 07:21:02] dispatch_end n=86 robot=4 role=deliver success=True elapsed_s=0.10 completed=78/1000 remaining=922
[2026-04-09 07:21:02] dispatch_start n=87 robot=2 role=deliver robot_t=633 completed=78/1000 remaining=922
[2026-04-09 07:21:02] dispatch_end n=87 robot=2 role=deliver success=True elapsed_s=0.10 completed=79/1000 remaining=921
[2026-04-09 07:21:02] dispatch_start n=88 robot=3 role=deliver robot_t=636 completed=79/1000 remaining=921
[2026-04-09 07:21:02] dispatch_end n=88 robot=3 role=deliver success=True elapsed_s=0.13 completed=80/1000 remaining=920
[2026-04-09 07:21:02] dispatch_start n=89 robot=1 role=deliver robot_t=652 completed=80/1000 remaining=920
[2026-04-09 07:21:02] dispatch_end n=89 robot=1 role=deliver success=True elapsed_s=0.10 completed=81/1000 remaining=919
[2026-04-09 07:21:02] dispatch_start n=90 robot=0 role=deliver robot_t=657 completed=81/1000 remaining=919
[2026-04-09 07:21:02] dispatch_end n=90 robot=0 role=deliver success=True elapsed_s=0.12 completed=82/1000 remaining=918
[2026-04-09 07:21:02] dispatch_start n=91 robot=4 role=deliver robot_t=669 completed=82/1000 remaining=918
[2026-04-09 07:21:03] dispatch_end n=91 robot=4 role=deliver success=True elapsed_s=0.13 completed=83/1000 remaining=917
[2026-04-09 07:21:03] dispatch_start n=92 robot=2 role=deliver robot_t=672 completed=83/1000 remaining=917
[2026-04-09 07:21:03] dispatch_end n=92 robot=2 role=deliver success=True elapsed_s=0.12 completed=84/1000 remaining=916
[2026-04-09 07:21:03] dispatch_start n=93 robot=3 role=deliver robot_t=681 completed=84/1000 remaining=916
[2026-04-09 07:21:03] dispatch_end n=93 robot=3 role=deliver success=True elapsed_s=0.10 completed=85/1000 remaining=915
[2026-04-09 07:21:03] dispatch_start n=94 robot=1 role=deliver robot_t=686 completed=85/1000 remaining=915
[2026-04-09 07:21:03] dispatch_end n=94 robot=1 role=deliver success=True elapsed_s=0.10 completed=86/1000 remaining=914
[2026-04-09 07:21:03] dispatch_start n=95 robot=0 role=deliver robot_t=699 completed=86/1000 remaining=914
[2026-04-09 07:21:03] dispatch_end n=95 robot=0 role=deliver success=True elapsed_s=0.13 completed=87/1000 remaining=913
[2026-04-09 07:21:03] dispatch_start n=96 robot=4 role=deliver robot_t=701 completed=87/1000 remaining=913
[2026-04-09 07:21:03] dispatch_end n=96 robot=4 role=deliver success=True elapsed_s=0.10 completed=88/1000 remaining=912
[2026-04-09 07:21:03] dispatch_start n=97 robot=2 role=deliver robot_t=712 completed=88/1000 remaining=912
[2026-04-09 07:21:03] dispatch_end n=97 robot=2 role=deliver success=True elapsed_s=0.10 completed=89/1000 remaining=911
[2026-04-09 07:21:03] dispatch_start n=98 robot=1 role=deliver robot_t=722 completed=89/1000 remaining=911
[2026-04-09 07:21:03] dispatch_end n=98 robot=1 role=deliver success=True elapsed_s=0.10 completed=90/1000 remaining=910
[2026-04-09 07:21:03] dispatch_start n=99 robot=3 role=deliver robot_t=724 completed=90/1000 remaining=910
[2026-04-09 07:21:03] dispatch_end n=99 robot=3 role=deliver success=True elapsed_s=0.13 completed=91/1000 remaining=909
[2026-04-09 07:21:03] dispatch_start n=100 robot=0 role=deliver robot_t=725 completed=91/1000 remaining=909
[2026-04-09 07:21:04] dispatch_end n=100 robot=0 role=deliver success=True elapsed_s=0.12 completed=92/1000 remaining=908
[2026-04-09 07:21:04] dispatch_start n=101 robot=4 role=deliver robot_t=742 completed=92/1000 remaining=908
[2026-04-09 07:21:04] dispatch_end n=101 robot=4 role=deliver success=True elapsed_s=0.12 completed=93/1000 remaining=907
[2026-04-09 07:21:04] dispatch_start n=102 robot=2 role=deliver robot_t=749 completed=93/1000 remaining=907
[2026-04-09 07:21:04] dispatch_end n=102 robot=2 role=deliver success=True elapsed_s=0.10 completed=94/1000 remaining=906
[2026-04-09 07:21:04] dispatch_start n=103 robot=0 role=deliver robot_t=752 completed=94/1000 remaining=906
[2026-04-09 07:21:08] dispatch_end n=103 robot=0 role=deliver success=True elapsed_s=4.26 completed=95/1000 remaining=905
[2026-04-09 07:21:08] dispatch_start n=104 robot=1 role=deliver robot_t=754 completed=95/1000 remaining=905
[2026-04-09 07:21:08] dispatch_end n=104 robot=1 role=deliver success=True elapsed_s=0.10 completed=96/1000 remaining=904
[2026-04-09 07:21:08] dispatch_start n=105 robot=3 role=deliver robot_t=769 completed=96/1000 remaining=904
[2026-04-09 07:21:08] dispatch_end n=105 robot=3 role=deliver success=True elapsed_s=0.10 completed=97/1000 remaining=903
[2026-04-09 07:21:08] dispatch_start n=106 robot=2 role=deliver robot_t=786 completed=97/1000 remaining=903
[2026-04-09 07:21:08] dispatch_end n=106 robot=2 role=deliver success=True elapsed_s=0.10 completed=98/1000 remaining=902
[2026-04-09 07:21:08] dispatch_start n=107 robot=4 role=deliver robot_t=787 completed=98/1000 remaining=902
[2026-04-09 07:21:08] dispatch_end n=107 robot=4 role=deliver success=True elapsed_s=0.10 completed=99/1000 remaining=901
[2026-04-09 07:21:08] dispatch_start n=108 robot=0 role=deliver robot_t=789 completed=99/1000 remaining=901
[2026-04-09 07:21:09] dispatch_end n=108 robot=0 role=deliver success=True elapsed_s=0.13 completed=100/1000 remaining=900
[2026-04-09 07:21:09] progress completed=100/1000 makespan=833 dispatches=108
[2026-04-09 07:21:09] dispatch_start n=109 robot=1 role=deliver robot_t=798 completed=100/1000 remaining=900
[2026-04-09 07:21:09] dispatch_end n=109 robot=1 role=deliver success=True elapsed_s=0.10 completed=101/1000 remaining=899
[2026-04-09 07:21:09] dispatch_start n=110 robot=3 role=deliver robot_t=816 completed=101/1000 remaining=899
[2026-04-09 07:21:09] dispatch_end n=110 robot=3 role=deliver success=True elapsed_s=0.13 completed=102/1000 remaining=898
[2026-04-09 07:21:09] dispatch_start n=111 robot=0 role=deliver robot_t=824 completed=102/1000 remaining=898
[2026-04-09 07:21:09] dispatch_end n=111 robot=0 role=deliver success=True elapsed_s=0.13 completed=103/1000 remaining=897
[2026-04-09 07:21:09] dispatch_start n=112 robot=2 role=deliver robot_t=826 completed=103/1000 remaining=897
[2026-04-09 07:21:09] dispatch_end n=112 robot=2 role=deliver success=True elapsed_s=0.13 completed=104/1000 remaining=896
[2026-04-09 07:21:09] dispatch_start n=113 robot=4 role=deliver robot_t=833 completed=104/1000 remaining=896
[2026-04-09 07:21:09] dispatch_end n=113 robot=4 role=deliver success=True elapsed_s=0.13 completed=105/1000 remaining=895
[2026-04-09 07:21:09] dispatch_start n=114 robot=1 role=deliver robot_t=840 completed=105/1000 remaining=895
[2026-04-09 07:21:09] dispatch_end n=114 robot=1 role=deliver success=True elapsed_s=0.13 completed=106/1000 remaining=894
[2026-04-09 07:21:09] dispatch_start n=115 robot=0 role=deliver robot_t=852 completed=106/1000 remaining=894
[2026-04-09 07:21:09] dispatch_end n=115 robot=0 role=deliver success=True elapsed_s=0.13 completed=107/1000 remaining=893
[2026-04-09 07:21:09] dispatch_start n=116 robot=3 role=deliver robot_t=862 completed=107/1000 remaining=893
[2026-04-09 07:21:10] dispatch_end n=116 robot=3 role=deliver success=True elapsed_s=0.13 completed=108/1000 remaining=892
[2026-04-09 07:21:10] dispatch_start n=117 robot=2 role=deliver robot_t=863 completed=108/1000 remaining=892
[2026-04-09 07:21:10] dispatch_end n=117 robot=2 role=deliver success=True elapsed_s=0.10 completed=109/1000 remaining=891
[2026-04-09 07:21:10] dispatch_start n=118 robot=4 role=deliver robot_t=869 completed=109/1000 remaining=891
[2026-04-09 07:21:10] dispatch_end n=118 robot=4 role=deliver success=True elapsed_s=0.10 completed=110/1000 remaining=890
[2026-04-09 07:21:10] dispatch_start n=119 robot=1 role=deliver robot_t=882 completed=110/1000 remaining=890
[2026-04-09 07:21:10] dispatch_end n=119 robot=1 role=deliver success=True elapsed_s=0.11 completed=111/1000 remaining=889
[2026-04-09 07:21:10] dispatch_start n=120 robot=0 role=deliver robot_t=888 completed=111/1000 remaining=889
[2026-04-09 07:21:10] dispatch_end n=120 robot=0 role=deliver success=True elapsed_s=0.13 completed=112/1000 remaining=888
[2026-04-09 07:21:10] dispatch_start n=121 robot=2 role=deliver robot_t=901 completed=112/1000 remaining=888
[2026-04-09 07:21:10] dispatch_end n=121 robot=2 role=deliver success=True elapsed_s=0.10 completed=113/1000 remaining=887
[2026-04-09 07:21:10] dispatch_start n=122 robot=4 role=deliver robot_t=907 completed=113/1000 remaining=887
[2026-04-09 07:21:10] dispatch_end n=122 robot=4 role=deliver success=True elapsed_s=0.11 completed=114/1000 remaining=886
[2026-04-09 07:21:10] dispatch_start n=123 robot=3 role=deliver robot_t=909 completed=114/1000 remaining=886
[2026-04-09 07:21:10] dispatch_end n=123 robot=3 role=deliver success=True elapsed_s=0.14 completed=115/1000 remaining=885
[2026-04-09 07:21:10] dispatch_start n=124 robot=1 role=deliver robot_t=926 completed=115/1000 remaining=885
[2026-04-09 07:21:11] dispatch_end n=124 robot=1 role=deliver success=True elapsed_s=0.14 completed=116/1000 remaining=884
[2026-04-09 07:21:11] dispatch_start n=125 robot=0 role=deliver robot_t=935 completed=116/1000 remaining=884
[2026-04-09 07:21:11] dispatch_end n=125 robot=0 role=deliver success=True elapsed_s=0.14 completed=117/1000 remaining=883
[2026-04-09 07:21:11] dispatch_start n=126 robot=2 role=deliver robot_t=942 completed=117/1000 remaining=883
[2026-04-09 07:21:11] dispatch_end n=126 robot=2 role=deliver success=True elapsed_s=0.13 completed=118/1000 remaining=882
[2026-04-09 07:21:11] dispatch_start n=127 robot=4 role=deliver robot_t=949 completed=118/1000 remaining=882
[2026-04-09 07:21:11] dispatch_end n=127 robot=4 role=deliver success=True elapsed_s=0.14 completed=119/1000 remaining=881
[2026-04-09 07:21:11] dispatch_start n=128 robot=3 role=deliver robot_t=952 completed=119/1000 remaining=881
[2026-04-09 07:21:11] dispatch_end n=128 robot=3 role=deliver success=True elapsed_s=0.11 completed=120/1000 remaining=880
[2026-04-09 07:21:11] dispatch_start n=129 robot=1 role=deliver robot_t=973 completed=120/1000 remaining=880
[2026-04-09 07:21:11] dispatch_end n=129 robot=1 role=deliver success=True elapsed_s=0.14 completed=121/1000 remaining=879
[2026-04-09 07:21:11] dispatch_start n=130 robot=4 role=deliver robot_t=980 completed=121/1000 remaining=879
[2026-04-09 07:21:11] dispatch_end n=130 robot=4 role=deliver success=True elapsed_s=0.11 completed=122/1000 remaining=878
[2026-04-09 07:21:11] dispatch_start n=131 robot=2 role=deliver robot_t=983 completed=122/1000 remaining=878
[2026-04-09 07:21:11] dispatch_end n=131 robot=2 role=deliver success=True elapsed_s=0.11 completed=123/1000 remaining=877
[2026-04-09 07:21:11] dispatch_start n=132 robot=0 role=deliver robot_t=990 completed=123/1000 remaining=877
[2026-04-09 07:21:12] dispatch_end n=132 robot=0 role=deliver success=True elapsed_s=0.14 completed=124/1000 remaining=876
[2026-04-09 07:21:12] dispatch_start n=133 robot=3 role=deliver robot_t=1001 completed=124/1000 remaining=876
[2026-04-09 07:21:12] dispatch_end n=133 robot=3 role=deliver success=True elapsed_s=0.14 completed=125/1000 remaining=875
[2026-04-09 07:21:12] dispatch_start n=134 robot=4 role=deliver robot_t=1015 completed=125/1000 remaining=875
[2026-04-09 07:21:12] dispatch_end n=134 robot=4 role=deliver success=True elapsed_s=0.11 completed=126/1000 remaining=874
[2026-04-09 07:21:12] dispatch_start n=135 robot=1 role=deliver robot_t=1019 completed=126/1000 remaining=874
[2026-04-09 07:21:12] dispatch_end n=135 robot=1 role=deliver success=True elapsed_s=0.11 completed=127/1000 remaining=873
[2026-04-09 07:21:12] dispatch_start n=136 robot=2 role=deliver robot_t=1025 completed=127/1000 remaining=873
[2026-04-09 07:21:12] dispatch_end n=136 robot=2 role=deliver success=True elapsed_s=0.14 completed=128/1000 remaining=872
[2026-04-09 07:21:12] dispatch_start n=137 robot=0 role=deliver robot_t=1037 completed=128/1000 remaining=872
[2026-04-09 07:21:12] dispatch_end n=137 robot=0 role=deliver success=True elapsed_s=0.14 completed=129/1000 remaining=871
[2026-04-09 07:21:12] dispatch_start n=138 robot=3 role=deliver robot_t=1042 completed=129/1000 remaining=871
[2026-04-09 07:21:12] dispatch_end n=138 robot=3 role=deliver success=True elapsed_s=0.11 completed=130/1000 remaining=870
[2026-04-09 07:21:12] dispatch_start n=139 robot=4 role=deliver robot_t=1057 completed=130/1000 remaining=870
[2026-04-09 07:21:12] dispatch_end n=139 robot=4 role=deliver success=True elapsed_s=0.14 completed=131/1000 remaining=869
[2026-04-09 07:21:12] dispatch_start n=140 robot=1 role=deliver robot_t=1065 completed=131/1000 remaining=869
[2026-04-09 07:21:13] dispatch_end n=140 robot=1 role=deliver success=True elapsed_s=0.14 completed=132/1000 remaining=868
[2026-04-09 07:21:13] dispatch_start n=141 robot=2 role=deliver robot_t=1067 completed=132/1000 remaining=868
[2026-04-09 07:21:13] dispatch_end n=141 robot=2 role=deliver success=True elapsed_s=0.11 completed=133/1000 remaining=867
[2026-04-09 07:21:13] dispatch_start n=142 robot=0 role=deliver robot_t=1075 completed=133/1000 remaining=867
[2026-04-09 07:21:15] dispatch_end n=142 robot=0 role=deliver success=True elapsed_s=2.09 completed=134/1000 remaining=866
[2026-04-09 07:21:15] dispatch_start n=143 robot=3 role=deliver robot_t=1083 completed=134/1000 remaining=866
[2026-04-09 07:21:15] dispatch_end n=143 robot=3 role=deliver success=True elapsed_s=0.14 completed=135/1000 remaining=865
[2026-04-09 07:21:15] dispatch_start n=144 robot=4 role=deliver robot_t=1100 completed=135/1000 remaining=865
[2026-04-09 07:21:15] dispatch_end n=144 robot=4 role=deliver success=True elapsed_s=0.14 completed=136/1000 remaining=864
[2026-04-09 07:21:15] dispatch_start n=145 robot=2 role=deliver robot_t=1109 completed=136/1000 remaining=864
[2026-04-09 07:21:15] dispatch_end n=145 robot=2 role=deliver success=True elapsed_s=0.14 completed=137/1000 remaining=863
[2026-04-09 07:21:15] dispatch_start n=146 robot=0 role=deliver robot_t=1110 completed=137/1000 remaining=863
[2026-04-09 07:21:15] dispatch_end n=146 robot=0 role=deliver success=True elapsed_s=0.14 completed=138/1000 remaining=862
[2026-04-09 07:21:15] dispatch_start n=147 robot=1 role=deliver robot_t=1111 completed=138/1000 remaining=862
[2026-04-09 07:21:15] dispatch_end n=147 robot=1 role=deliver success=True elapsed_s=0.11 completed=139/1000 remaining=861
[2026-04-09 07:21:15] dispatch_start n=148 robot=3 role=deliver robot_t=1126 completed=139/1000 remaining=861
[2026-04-09 07:21:16] dispatch_end n=148 robot=3 role=deliver success=True elapsed_s=0.11 completed=140/1000 remaining=860
[2026-04-09 07:21:16] dispatch_start n=149 robot=4 role=deliver robot_t=1134 completed=140/1000 remaining=860
[2026-04-09 07:21:16] dispatch_end n=149 robot=4 role=deliver success=True elapsed_s=0.14 completed=141/1000 remaining=859
[2026-04-09 07:21:16] dispatch_start n=150 robot=2 role=deliver robot_t=1152 completed=141/1000 remaining=859
[2026-04-09 07:21:16] dispatch_end n=150 robot=2 role=deliver success=True elapsed_s=0.11 completed=142/1000 remaining=858
[2026-04-09 07:21:16] dispatch_start n=151 robot=1 role=deliver robot_t=1155 completed=142/1000 remaining=858
[2026-04-09 07:21:16] dispatch_end n=151 robot=1 role=deliver success=True elapsed_s=0.14 completed=143/1000 remaining=857
[2026-04-09 07:21:16] dispatch_start n=152 robot=0 role=deliver robot_t=1169 completed=143/1000 remaining=857
[2026-04-09 07:21:16] dispatch_end n=152 robot=0 role=deliver success=True elapsed_s=0.15 completed=144/1000 remaining=856
[2026-04-09 07:21:16] dispatch_start n=153 robot=3 role=deliver robot_t=1170 completed=144/1000 remaining=856
[2026-04-09 07:21:16] dispatch_end n=153 robot=3 role=deliver success=True elapsed_s=0.14 completed=145/1000 remaining=855
[2026-04-09 07:21:16] dispatch_start n=154 robot=4 role=deliver robot_t=1175 completed=145/1000 remaining=855
[2026-04-09 07:21:16] dispatch_end n=154 robot=4 role=deliver success=True elapsed_s=0.14 completed=146/1000 remaining=854
[2026-04-09 07:21:16] dispatch_start n=155 robot=2 role=deliver robot_t=1195 completed=146/1000 remaining=854
[2026-04-09 07:21:17] dispatch_end n=155 robot=2 role=deliver success=True elapsed_s=0.14 completed=147/1000 remaining=853
[2026-04-09 07:21:17] dispatch_start n=156 robot=1 role=deliver robot_t=1199 completed=147/1000 remaining=853
[2026-04-09 07:21:17] dispatch_end n=156 robot=1 role=deliver success=True elapsed_s=0.12 completed=148/1000 remaining=852
[2026-04-09 07:21:17] dispatch_start n=157 robot=0 role=deliver robot_t=1203 completed=148/1000 remaining=852
[2026-04-09 07:21:17] dispatch_end n=157 robot=0 role=deliver success=True elapsed_s=0.15 completed=149/1000 remaining=851
[2026-04-09 07:21:17] dispatch_start n=158 robot=3 role=deliver robot_t=1216 completed=149/1000 remaining=851
[2026-04-09 07:21:17] dispatch_end n=158 robot=3 role=deliver success=True elapsed_s=0.12 completed=150/1000 remaining=850
[2026-04-09 07:21:17] progress completed=150/1000 makespan=1273 dispatches=158
[2026-04-09 07:21:17] dispatch_start n=159 robot=4 role=deliver robot_t=1225 completed=150/1000 remaining=850
[2026-04-09 07:21:17] dispatch_end n=159 robot=4 role=deliver success=True elapsed_s=0.12 completed=151/1000 remaining=849
[2026-04-09 07:21:17] dispatch_start n=160 robot=2 role=deliver robot_t=1241 completed=151/1000 remaining=849
[2026-04-09 07:21:17] dispatch_end n=160 robot=2 role=deliver success=True elapsed_s=0.14 completed=152/1000 remaining=848
[2026-04-09 07:21:17] dispatch_start n=161 robot=1 role=deliver robot_t=1244 completed=152/1000 remaining=848
[2026-04-09 07:21:17] dispatch_end n=161 robot=1 role=deliver success=True elapsed_s=0.15 completed=153/1000 remaining=847
[2026-04-09 07:21:17] dispatch_start n=162 robot=0 role=deliver robot_t=1245 completed=153/1000 remaining=847
[2026-04-09 07:21:21] dispatch_end n=162 robot=0 role=deliver success=True elapsed_s=4.13 completed=154/1000 remaining=846
[2026-04-09 07:21:21] dispatch_start n=163 robot=4 role=deliver robot_t=1271 completed=154/1000 remaining=846
[2026-04-09 07:21:22] dispatch_end n=163 robot=4 role=deliver success=True elapsed_s=0.15 completed=155/1000 remaining=845
[2026-04-09 07:21:22] dispatch_start n=164 robot=3 role=deliver robot_t=1273 completed=155/1000 remaining=845
[2026-04-09 07:21:22] dispatch_end n=164 robot=3 role=deliver success=True elapsed_s=0.12 completed=156/1000 remaining=844
[2026-04-09 07:21:22] dispatch_start n=165 robot=2 role=deliver robot_t=1284 completed=156/1000 remaining=844
[2026-04-09 07:21:22] dispatch_end n=165 robot=2 role=deliver success=True elapsed_s=0.11 completed=157/1000 remaining=843
[2026-04-09 07:21:22] dispatch_start n=166 robot=1 role=deliver robot_t=1292 completed=157/1000 remaining=843
[2026-04-09 07:21:22] dispatch_end n=166 robot=1 role=deliver success=True elapsed_s=0.15 completed=158/1000 remaining=842
[2026-04-09 07:21:22] dispatch_start n=167 robot=0 role=deliver robot_t=1306 completed=158/1000 remaining=842
[2026-04-09 07:21:22] dispatch_end n=167 robot=0 role=deliver success=True elapsed_s=0.15 completed=159/1000 remaining=841
[2026-04-09 07:21:22] dispatch_start n=168 robot=4 role=deliver robot_t=1313 completed=159/1000 remaining=841
[2026-04-09 07:21:22] dispatch_end n=168 robot=4 role=deliver success=True elapsed_s=0.12 completed=160/1000 remaining=840
[2026-04-09 07:21:22] dispatch_start n=169 robot=3 role=deliver robot_t=1315 completed=160/1000 remaining=840
[2026-04-09 07:21:22] dispatch_end n=169 robot=3 role=deliver success=True elapsed_s=0.15 completed=161/1000 remaining=839
[2026-04-09 07:21:22] dispatch_start n=170 robot=2 role=deliver robot_t=1322 completed=161/1000 remaining=839
[2026-04-09 07:21:23] dispatch_end n=170 robot=2 role=deliver success=True elapsed_s=0.12 completed=162/1000 remaining=838
[2026-04-09 07:21:23] dispatch_start n=171 robot=0 role=deliver robot_t=1353 completed=162/1000 remaining=838
[2026-04-09 07:21:23] dispatch_end n=171 robot=0 role=deliver success=True elapsed_s=0.15 completed=163/1000 remaining=837
[2026-04-09 07:21:23] dispatch_start n=172 robot=1 role=deliver robot_t=1353 completed=163/1000 remaining=837
[2026-04-09 07:21:23] dispatch_end n=172 robot=1 role=deliver success=True elapsed_s=0.15 completed=164/1000 remaining=836
[2026-04-09 07:21:23] dispatch_start n=173 robot=4 role=deliver robot_t=1357 completed=164/1000 remaining=836
[2026-04-09 07:21:23] dispatch_end n=173 robot=4 role=deliver success=True elapsed_s=0.15 completed=165/1000 remaining=835
[2026-04-09 07:21:23] dispatch_start n=174 robot=3 role=deliver robot_t=1362 completed=165/1000 remaining=835
[2026-04-09 07:21:23] dispatch_end n=174 robot=3 role=deliver success=True elapsed_s=0.12 completed=166/1000 remaining=834
[2026-04-09 07:21:23] dispatch_start n=175 robot=2 role=deliver robot_t=1366 completed=166/1000 remaining=834
[2026-04-09 07:21:23] dispatch_end n=175 robot=2 role=deliver success=True elapsed_s=0.15 completed=167/1000 remaining=833
[2026-04-09 07:21:23] dispatch_start n=176 robot=1 role=deliver robot_t=1397 completed=167/1000 remaining=833
[2026-04-09 07:21:23] dispatch_end n=176 robot=1 role=deliver success=True elapsed_s=0.15 completed=168/1000 remaining=832
[2026-04-09 07:21:23] dispatch_start n=177 robot=0 role=deliver robot_t=1400 completed=168/1000 remaining=832
[2026-04-09 07:21:24] dispatch_end n=177 robot=0 role=deliver success=True elapsed_s=0.16 completed=169/1000 remaining=831
[2026-04-09 07:21:24] dispatch_start n=178 robot=4 role=deliver robot_t=1404 completed=169/1000 remaining=831
[2026-04-09 07:21:24] dispatch_end n=178 robot=4 role=deliver success=True elapsed_s=0.15 completed=170/1000 remaining=830
[2026-04-09 07:21:24] dispatch_start n=179 robot=3 role=deliver robot_t=1408 completed=170/1000 remaining=830
[2026-04-09 07:21:24] dispatch_end n=179 robot=3 role=deliver success=True elapsed_s=0.15 completed=171/1000 remaining=829
[2026-04-09 07:21:24] dispatch_start n=180 robot=2 role=deliver robot_t=1410 completed=171/1000 remaining=829
[2026-04-09 07:21:24] dispatch_end n=180 robot=2 role=deliver success=True elapsed_s=0.12 completed=172/1000 remaining=828
[2026-04-09 07:21:24] dispatch_start n=181 robot=2 role=deliver robot_t=1449 completed=172/1000 remaining=828
[2026-04-09 07:21:24] dispatch_end n=181 robot=2 role=deliver success=True elapsed_s=0.12 completed=173/1000 remaining=827
[2026-04-09 07:21:24] dispatch_start n=182 robot=1 role=deliver robot_t=1454 completed=173/1000 remaining=827
[2026-04-09 07:21:24] dispatch_end n=182 robot=1 role=deliver success=True elapsed_s=0.15 completed=174/1000 remaining=826
[2026-04-09 07:21:24] dispatch_start n=183 robot=3 role=deliver robot_t=1454 completed=174/1000 remaining=826
[2026-04-09 07:21:26] dispatch_end n=183 robot=3 role=deliver success=True elapsed_s=2.14 completed=175/1000 remaining=825
[2026-04-09 07:21:26] dispatch_start n=184 robot=0 role=deliver robot_t=1458 completed=175/1000 remaining=825
[2026-04-09 07:21:27] dispatch_end n=184 robot=0 role=deliver success=True elapsed_s=0.15 completed=176/1000 remaining=824
[2026-04-09 07:21:27] dispatch_start n=185 robot=4 role=deliver robot_t=1461 completed=176/1000 remaining=824
[2026-04-09 07:21:27] dispatch_end n=185 robot=4 role=deliver success=True elapsed_s=0.15 completed=177/1000 remaining=823
[2026-04-09 07:21:27] dispatch_start n=186 robot=2 role=deliver robot_t=1493 completed=177/1000 remaining=823
[2026-04-09 07:21:27] dispatch_end n=186 robot=2 role=deliver success=True elapsed_s=0.15 completed=178/1000 remaining=822
[2026-04-09 07:21:27] dispatch_start n=187 robot=3 role=deliver robot_t=1496 completed=178/1000 remaining=822
[2026-04-09 07:21:27] dispatch_end n=187 robot=3 role=deliver success=True elapsed_s=0.16 completed=179/1000 remaining=821
[2026-04-09 07:21:27] dispatch_start n=188 robot=4 role=deliver robot_t=1502 completed=179/1000 remaining=821
[2026-04-09 07:21:27] dispatch_end n=188 robot=4 role=deliver success=True elapsed_s=0.16 completed=180/1000 remaining=820
[2026-04-09 07:21:27] dispatch_start n=189 robot=1 role=deliver robot_t=1503 completed=180/1000 remaining=820
[2026-04-09 07:21:27] dispatch_end n=189 robot=1 role=deliver success=True elapsed_s=0.16 completed=181/1000 remaining=819
[2026-04-09 07:21:27] dispatch_start n=190 robot=0 role=deliver robot_t=1519 completed=181/1000 remaining=819
[2026-04-09 07:21:27] dispatch_end n=190 robot=0 role=deliver success=True elapsed_s=0.16 completed=182/1000 remaining=818
[2026-04-09 07:21:27] dispatch_start n=191 robot=2 role=deliver robot_t=1541 completed=182/1000 remaining=818
[2026-04-09 07:21:28] dispatch_end n=191 robot=2 role=deliver success=True elapsed_s=0.16 completed=183/1000 remaining=817
[2026-04-09 07:21:28] dispatch_start n=192 robot=3 role=deliver robot_t=1543 completed=183/1000 remaining=817
[2026-04-09 07:21:28] dispatch_end n=192 robot=3 role=deliver success=True elapsed_s=0.16 completed=184/1000 remaining=816
[2026-04-09 07:21:28] dispatch_start n=193 robot=1 role=deliver robot_t=1550 completed=184/1000 remaining=816
[2026-04-09 07:21:28] dispatch_end n=193 robot=1 role=deliver success=True elapsed_s=0.16 completed=185/1000 remaining=815
[2026-04-09 07:21:28] dispatch_start n=194 robot=0 role=deliver robot_t=1555 completed=185/1000 remaining=815
[2026-04-09 07:21:28] dispatch_end n=194 robot=0 role=deliver success=True elapsed_s=0.16 completed=186/1000 remaining=814
[2026-04-09 07:21:28] dispatch_start n=195 robot=4 role=deliver robot_t=1564 completed=186/1000 remaining=814
[2026-04-09 07:21:28] dispatch_end n=195 robot=4 role=deliver success=True elapsed_s=0.16 completed=187/1000 remaining=813
[2026-04-09 07:21:28] dispatch_start n=196 robot=3 role=deliver robot_t=1590 completed=187/1000 remaining=813
[2026-04-09 07:21:28] dispatch_end n=196 robot=3 role=deliver success=True elapsed_s=0.16 completed=188/1000 remaining=812
[2026-04-09 07:21:28] dispatch_start n=197 robot=1 role=deliver robot_t=1595 completed=188/1000 remaining=812
[2026-04-09 07:21:29] dispatch_end n=197 robot=1 role=deliver success=True elapsed_s=0.16 completed=189/1000 remaining=811
[2026-04-09 07:21:29] dispatch_start n=198 robot=2 role=deliver robot_t=1595 completed=189/1000 remaining=811
[2026-04-09 07:21:29] dispatch_end n=198 robot=2 role=deliver success=True elapsed_s=0.16 completed=190/1000 remaining=810
[2026-04-09 07:21:29] dispatch_start n=199 robot=0 role=deliver robot_t=1600 completed=190/1000 remaining=810
[2026-04-09 07:21:29] dispatch_end n=199 robot=0 role=deliver success=True elapsed_s=0.16 completed=191/1000 remaining=809
[2026-04-09 07:21:29] dispatch_start n=200 robot=4 role=deliver robot_t=1628 completed=191/1000 remaining=809
[2026-04-09 07:21:29] dispatch_end n=200 robot=4 role=deliver success=True elapsed_s=0.16 completed=192/1000 remaining=808
[2026-04-09 07:21:29] dispatch_start n=201 robot=3 role=deliver robot_t=1633 completed=192/1000 remaining=808
[2026-04-09 07:21:29] dispatch_end n=201 robot=3 role=deliver success=True elapsed_s=0.13 completed=193/1000 remaining=807
[2026-04-09 07:21:29] dispatch_start n=202 robot=2 role=deliver robot_t=1643 completed=193/1000 remaining=807
[2026-04-09 07:21:29] dispatch_end n=202 robot=2 role=deliver success=True elapsed_s=0.16 completed=194/1000 remaining=806
[2026-04-09 07:21:29] dispatch_start n=203 robot=0 role=deliver robot_t=1644 completed=194/1000 remaining=806
[2026-04-09 07:21:30] dispatch_end n=203 robot=0 role=deliver success=True elapsed_s=0.16 completed=195/1000 remaining=805
[2026-04-09 07:21:30] dispatch_start n=204 robot=1 role=deliver robot_t=1656 completed=195/1000 remaining=805
[2026-04-09 07:21:30] dispatch_end n=204 robot=1 role=deliver success=True elapsed_s=0.16 completed=196/1000 remaining=804
[2026-04-09 07:21:30] dispatch_start n=205 robot=3 role=deliver robot_t=1675 completed=196/1000 remaining=804
[2026-04-09 07:21:30] dispatch_end n=205 robot=3 role=deliver success=True elapsed_s=0.17 completed=197/1000 remaining=803
[2026-04-09 07:21:30] dispatch_start n=206 robot=4 role=deliver robot_t=1685 completed=197/1000 remaining=803
[2026-04-09 07:21:30] dispatch_end n=206 robot=4 role=deliver success=True elapsed_s=0.17 completed=198/1000 remaining=802
[2026-04-09 07:21:30] dispatch_start n=207 robot=0 role=deliver robot_t=1689 completed=198/1000 remaining=802
[2026-04-09 07:21:30] dispatch_end n=207 robot=0 role=deliver success=True elapsed_s=0.16 completed=199/1000 remaining=801
[2026-04-09 07:21:30] dispatch_start n=208 robot=2 role=deliver robot_t=1689 completed=199/1000 remaining=801
[2026-04-09 07:21:30] dispatch_end n=208 robot=2 role=deliver success=True elapsed_s=0.13 completed=200/1000 remaining=800
[2026-04-09 07:21:30] progress completed=200/1000 makespan=1760 dispatches=208
[2026-04-09 07:21:30] dispatch_start n=209 robot=1 role=deliver robot_t=1704 completed=200/1000 remaining=800
[2026-04-09 07:21:30] dispatch_end n=209 robot=1 role=deliver success=True elapsed_s=0.16 completed=201/1000 remaining=799
[2026-04-09 07:21:30] dispatch_start n=210 robot=3 role=deliver robot_t=1726 completed=201/1000 remaining=799
[2026-04-09 07:21:31] dispatch_end n=210 robot=3 role=deliver success=True elapsed_s=0.13 completed=202/1000 remaining=798
[2026-04-09 07:21:31] dispatch_start n=211 robot=2 role=deliver robot_t=1732 completed=202/1000 remaining=798
[2026-04-09 07:21:31] dispatch_end n=211 robot=2 role=deliver success=True elapsed_s=0.16 completed=203/1000 remaining=797
[2026-04-09 07:21:31] dispatch_start n=212 robot=0 role=deliver robot_t=1733 completed=203/1000 remaining=797
[2026-04-09 07:21:31] dispatch_end n=212 robot=0 role=deliver success=True elapsed_s=0.16 completed=204/1000 remaining=796
[2026-04-09 07:21:31] dispatch_start n=213 robot=1 role=deliver robot_t=1755 completed=204/1000 remaining=796
[2026-04-09 07:21:31] dispatch_end n=213 robot=1 role=deliver success=True elapsed_s=0.16 completed=205/1000 remaining=795
[2026-04-09 07:21:31] dispatch_start n=214 robot=4 role=deliver robot_t=1760 completed=205/1000 remaining=795
[2026-04-09 07:21:31] dispatch_end n=214 robot=4 role=deliver success=True elapsed_s=0.16 completed=206/1000 remaining=794
[2026-04-09 07:21:31] dispatch_start n=215 robot=3 role=deliver robot_t=1768 completed=206/1000 remaining=794
[2026-04-09 07:21:31] dispatch_end n=215 robot=3 role=deliver success=True elapsed_s=0.17 completed=207/1000 remaining=793
[2026-04-09 07:21:31] dispatch_start n=216 robot=0 role=deliver robot_t=1779 completed=207/1000 remaining=793
[2026-04-09 07:21:32] dispatch_end n=216 robot=0 role=deliver success=True elapsed_s=0.16 completed=208/1000 remaining=792
[2026-04-09 07:21:32] dispatch_start n=217 robot=2 role=deliver robot_t=1789 completed=208/1000 remaining=792
[2026-04-09 07:21:32] dispatch_end n=217 robot=2 role=deliver success=True elapsed_s=0.16 completed=209/1000 remaining=791
[2026-04-09 07:21:32] dispatch_start n=218 robot=1 role=deliver robot_t=1803 completed=209/1000 remaining=791
[2026-04-09 07:21:32] dispatch_end n=218 robot=1 role=deliver success=True elapsed_s=0.16 completed=210/1000 remaining=790
[2026-04-09 07:21:32] dispatch_start n=219 robot=4 role=deliver robot_t=1815 completed=210/1000 remaining=790
[2026-04-09 07:21:32] dispatch_end n=219 robot=4 role=deliver success=True elapsed_s=0.17 completed=211/1000 remaining=789
[2026-04-09 07:21:32] dispatch_start n=220 robot=3 role=deliver robot_t=1819 completed=211/1000 remaining=789
[2026-04-09 07:21:32] dispatch_end n=220 robot=3 role=deliver success=True elapsed_s=0.13 completed=212/1000 remaining=788
[2026-04-09 07:21:32] dispatch_start n=221 robot=0 role=deliver robot_t=1831 completed=212/1000 remaining=788
[2026-04-09 07:21:32] dispatch_end n=221 robot=0 role=deliver success=True elapsed_s=0.16 completed=213/1000 remaining=787
[2026-04-09 07:21:32] dispatch_start n=222 robot=2 role=deliver robot_t=1835 completed=213/1000 remaining=787
[2026-04-09 07:21:32] dispatch_end n=222 robot=2 role=deliver success=True elapsed_s=0.13 completed=214/1000 remaining=786
[2026-04-09 07:21:32] dispatch_start n=223 robot=1 role=deliver robot_t=1848 completed=214/1000 remaining=786
[2026-04-09 07:21:33] dispatch_end n=223 robot=1 role=deliver success=True elapsed_s=0.16 completed=215/1000 remaining=785
[2026-04-09 07:21:33] dispatch_start n=224 robot=3 role=deliver robot_t=1862 completed=215/1000 remaining=785
[2026-04-09 07:21:33] dispatch_end n=224 robot=3 role=deliver success=True elapsed_s=0.17 completed=216/1000 remaining=784
[2026-04-09 07:21:33] dispatch_start n=225 robot=4 role=deliver robot_t=1863 completed=216/1000 remaining=784
[2026-04-09 07:21:33] dispatch_end n=225 robot=4 role=deliver success=True elapsed_s=0.16 completed=217/1000 remaining=783
[2026-04-09 07:21:33] dispatch_start n=226 robot=2 role=deliver robot_t=1876 completed=217/1000 remaining=783
[2026-04-09 07:21:33] dispatch_end n=226 robot=2 role=deliver success=True elapsed_s=0.13 completed=218/1000 remaining=782
[2026-04-09 07:21:33] dispatch_start n=227 robot=0 role=deliver robot_t=1881 completed=218/1000 remaining=782
[2026-04-09 07:21:33] dispatch_end n=227 robot=0 role=deliver success=True elapsed_s=0.16 completed=219/1000 remaining=781
[2026-04-09 07:21:33] dispatch_start n=228 robot=1 role=deliver robot_t=1896 completed=219/1000 remaining=781
[2026-04-09 07:21:33] dispatch_end n=228 robot=1 role=deliver success=True elapsed_s=0.16 completed=220/1000 remaining=780
[2026-04-09 07:21:33] dispatch_start n=229 robot=3 role=deliver robot_t=1907 completed=220/1000 remaining=780
[2026-04-09 07:21:34] dispatch_end n=229 robot=3 role=deliver success=True elapsed_s=0.17 completed=221/1000 remaining=779
[2026-04-09 07:21:34] dispatch_start n=230 robot=2 role=deliver robot_t=1910 completed=221/1000 remaining=779
[2026-04-09 07:21:34] dispatch_end n=230 robot=2 role=deliver success=True elapsed_s=0.13 completed=222/1000 remaining=778
[2026-04-09 07:21:34] dispatch_start n=231 robot=4 role=deliver robot_t=1910 completed=222/1000 remaining=778
[2026-04-09 07:21:34] dispatch_end n=231 robot=4 role=deliver success=True elapsed_s=0.16 completed=223/1000 remaining=777
[2026-04-09 07:21:34] dispatch_start n=232 robot=0 role=deliver robot_t=1928 completed=223/1000 remaining=777
[2026-04-09 07:21:34] dispatch_end n=232 robot=0 role=deliver success=True elapsed_s=0.17 completed=224/1000 remaining=776
[2026-04-09 07:21:34] dispatch_start n=233 robot=1 role=deliver robot_t=1943 completed=224/1000 remaining=776
[2026-04-09 07:21:34] dispatch_end n=233 robot=1 role=deliver success=True elapsed_s=0.17 completed=225/1000 remaining=775
[2026-04-09 07:21:34] dispatch_start n=234 robot=2 role=deliver robot_t=1944 completed=225/1000 remaining=775
[2026-04-09 07:21:34] dispatch_end n=234 robot=2 role=deliver success=True elapsed_s=0.13 completed=226/1000 remaining=774
[2026-04-09 07:21:34] dispatch_start n=235 robot=4 role=deliver robot_t=1957 completed=226/1000 remaining=774
[2026-04-09 07:21:35] dispatch_end n=235 robot=4 role=deliver success=True elapsed_s=0.17 completed=227/1000 remaining=773
[2026-04-09 07:21:35] dispatch_start n=236 robot=3 role=deliver robot_t=1968 completed=227/1000 remaining=773
[2026-04-09 07:21:35] dispatch_end n=236 robot=3 role=deliver success=True elapsed_s=0.17 completed=228/1000 remaining=772
[2026-04-09 07:21:35] dispatch_start n=237 robot=0 role=deliver robot_t=1979 completed=228/1000 remaining=772
[2026-04-09 07:21:35] dispatch_end n=237 robot=0 role=deliver success=True elapsed_s=0.17 completed=229/1000 remaining=771
[2026-04-09 07:21:35] dispatch_start n=238 robot=2 role=deliver robot_t=1985 completed=229/1000 remaining=771
[2026-04-09 07:21:35] dispatch_end n=238 robot=2 role=deliver success=True elapsed_s=0.13 completed=230/1000 remaining=770
[2026-04-09 07:21:35] dispatch_start n=239 robot=1 role=deliver robot_t=1991 completed=230/1000 remaining=770
[2026-04-09 07:21:35] dispatch_end n=239 robot=1 role=deliver success=True elapsed_s=0.16 completed=231/1000 remaining=769
[2026-04-09 07:21:35] dispatch_start n=240 robot=3 role=deliver robot_t=2003 completed=231/1000 remaining=769
[2026-04-09 07:21:35] dispatch_end n=240 robot=3 role=deliver success=True elapsed_s=0.17 completed=232/1000 remaining=768
[2026-04-09 07:21:35] dispatch_start n=241 robot=4 role=deliver robot_t=2005 completed=232/1000 remaining=768
[2026-04-09 07:21:35] dispatch_end n=241 robot=4 role=deliver success=True elapsed_s=0.17 completed=233/1000 remaining=767
[2026-04-09 07:21:35] dispatch_start n=242 robot=2 role=deliver robot_t=2026 completed=233/1000 remaining=767
[2026-04-09 07:21:36] dispatch_end n=242 robot=2 role=deliver success=True elapsed_s=0.13 completed=234/1000 remaining=766
[2026-04-09 07:21:36] dispatch_start n=243 robot=0 role=deliver robot_t=2027 completed=234/1000 remaining=766
[2026-04-09 07:21:36] dispatch_end n=243 robot=0 role=deliver success=True elapsed_s=0.17 completed=235/1000 remaining=765
[2026-04-09 07:21:36] dispatch_start n=244 robot=1 role=deliver robot_t=2038 completed=235/1000 remaining=765
[2026-04-09 07:21:36] dispatch_end n=244 robot=1 role=deliver success=True elapsed_s=0.17 completed=236/1000 remaining=764
[2026-04-09 07:21:36] dispatch_start n=245 robot=3 role=deliver robot_t=2039 completed=236/1000 remaining=764
[2026-04-09 07:21:36] dispatch_end n=245 robot=3 role=deliver success=True elapsed_s=0.17 completed=237/1000 remaining=763
[2026-04-09 07:21:36] dispatch_start n=246 robot=4 role=deliver robot_t=2052 completed=237/1000 remaining=763
[2026-04-09 07:21:36] dispatch_end n=246 robot=4 role=deliver success=True elapsed_s=0.17 completed=238/1000 remaining=762
[2026-04-09 07:21:36] dispatch_start n=247 robot=2 role=deliver robot_t=2066 completed=238/1000 remaining=762
[2026-04-09 07:21:36] dispatch_end n=247 robot=2 role=deliver success=True elapsed_s=0.13 completed=239/1000 remaining=761
[2026-04-09 07:21:36] dispatch_start n=248 robot=0 role=deliver robot_t=2079 completed=239/1000 remaining=761
[2026-04-09 07:21:37] dispatch_end n=248 robot=0 role=deliver success=True elapsed_s=0.17 completed=240/1000 remaining=760
[2026-04-09 07:21:37] dispatch_start n=249 robot=1 role=deliver robot_t=2085 completed=240/1000 remaining=760
[2026-04-09 07:21:37] dispatch_end n=249 robot=1 role=deliver success=True elapsed_s=0.17 completed=241/1000 remaining=759
[2026-04-09 07:21:37] dispatch_start n=250 robot=3 role=deliver robot_t=2098 completed=241/1000 remaining=759
[2026-04-09 07:21:37] dispatch_end n=250 robot=3 role=deliver success=True elapsed_s=0.17 completed=242/1000 remaining=758
[2026-04-09 07:21:37] dispatch_start n=251 robot=4 role=deliver robot_t=2101 completed=242/1000 remaining=758
[2026-04-09 07:21:37] dispatch_end n=251 robot=4 role=deliver success=True elapsed_s=0.17 completed=243/1000 remaining=757
[2026-04-09 07:21:37] dispatch_start n=252 robot=2 role=deliver robot_t=2108 completed=243/1000 remaining=757
[2026-04-09 07:21:37] dispatch_end n=252 robot=2 role=deliver success=True elapsed_s=0.13 completed=244/1000 remaining=756
[2026-04-09 07:21:37] dispatch_start n=253 robot=0 role=deliver robot_t=2129 completed=244/1000 remaining=756
[2026-04-09 07:21:37] dispatch_end n=253 robot=0 role=deliver success=True elapsed_s=0.17 completed=245/1000 remaining=755
[2026-04-09 07:21:37] dispatch_start n=254 robot=1 role=deliver robot_t=2141 completed=245/1000 remaining=755
[2026-04-09 07:21:38] dispatch_end n=254 robot=1 role=deliver success=True elapsed_s=0.17 completed=246/1000 remaining=754
[2026-04-09 07:21:38] dispatch_start n=255 robot=2 role=deliver robot_t=2145 completed=246/1000 remaining=754
[2026-04-09 07:21:38] dispatch_end n=255 robot=2 role=deliver success=True elapsed_s=0.13 completed=247/1000 remaining=753
[2026-04-09 07:21:38] dispatch_start n=256 robot=4 role=deliver robot_t=2150 completed=247/1000 remaining=753
[2026-04-09 07:21:38] dispatch_end n=256 robot=4 role=deliver success=True elapsed_s=0.17 completed=248/1000 remaining=752
[2026-04-09 07:21:38] dispatch_start n=257 robot=3 role=deliver robot_t=2158 completed=248/1000 remaining=752
[2026-04-09 07:21:38] dispatch_end n=257 robot=3 role=deliver success=True elapsed_s=0.18 completed=249/1000 remaining=751
[2026-04-09 07:21:38] dispatch_start n=258 robot=0 role=deliver robot_t=2177 completed=249/1000 remaining=751
[2026-04-09 07:21:38] dispatch_end n=258 robot=0 role=deliver success=True elapsed_s=0.18 completed=250/1000 remaining=750
[2026-04-09 07:21:38] progress completed=250/1000 makespan=2224 dispatches=258
[2026-04-09 07:21:38] dispatch_start n=259 robot=2 role=deliver robot_t=2182 completed=250/1000 remaining=750
[2026-04-09 07:21:38] dispatch_end n=259 robot=2 role=deliver success=True elapsed_s=0.17 completed=251/1000 remaining=749
[2026-04-09 07:21:38] dispatch_start n=260 robot=1 role=deliver robot_t=2192 completed=251/1000 remaining=749
[2026-04-09 07:21:39] dispatch_end n=260 robot=1 role=deliver success=True elapsed_s=0.17 completed=252/1000 remaining=748
[2026-04-09 07:21:39] dispatch_start n=261 robot=4 role=deliver robot_t=2198 completed=252/1000 remaining=748
[2026-04-09 07:21:39] dispatch_end n=261 robot=4 role=deliver success=True elapsed_s=0.17 completed=253/1000 remaining=747
[2026-04-09 07:21:39] dispatch_start n=262 robot=2 role=deliver robot_t=2215 completed=253/1000 remaining=747
[2026-04-09 07:21:39] dispatch_end n=262 robot=2 role=deliver success=True elapsed_s=0.13 completed=254/1000 remaining=746
[2026-04-09 07:21:39] dispatch_start n=263 robot=3 role=deliver robot_t=2219 completed=254/1000 remaining=746
[2026-04-09 07:21:39] dispatch_end n=263 robot=3 role=deliver success=True elapsed_s=0.14 completed=255/1000 remaining=745
[2026-04-09 07:21:39] dispatch_start n=264 robot=0 role=deliver robot_t=2224 completed=255/1000 remaining=745
[2026-04-09 07:21:39] dispatch_end n=264 robot=0 role=deliver success=True elapsed_s=0.18 completed=256/1000 remaining=744
[2026-04-09 07:21:39] dispatch_start n=265 robot=1 role=deliver robot_t=2242 completed=256/1000 remaining=744
[2026-04-09 07:21:39] dispatch_end n=265 robot=1 role=deliver success=True elapsed_s=0.18 completed=257/1000 remaining=743
[2026-04-09 07:21:39] dispatch_start n=266 robot=4 role=deliver robot_t=2261 completed=257/1000 remaining=743
[2026-04-09 07:21:40] dispatch_end n=266 robot=4 role=deliver success=True elapsed_s=0.18 completed=258/1000 remaining=742
[2026-04-09 07:21:40] dispatch_start n=267 robot=2 role=deliver robot_t=2262 completed=258/1000 remaining=742
[2026-04-09 07:21:40] dispatch_end n=267 robot=2 role=deliver success=True elapsed_s=0.17 completed=259/1000 remaining=741
[2026-04-09 07:21:40] dispatch_start n=268 robot=3 role=deliver robot_t=2263 completed=259/1000 remaining=741
[2026-04-09 07:21:40] dispatch_end n=268 robot=3 role=deliver success=True elapsed_s=0.18 completed=260/1000 remaining=740
[2026-04-09 07:21:40] dispatch_start n=269 robot=0 role=deliver robot_t=2272 completed=260/1000 remaining=740
[2026-04-09 07:21:40] dispatch_end n=269 robot=0 role=deliver success=True elapsed_s=0.18 completed=261/1000 remaining=739
[2026-04-09 07:21:40] dispatch_start n=270 robot=1 role=deliver robot_t=2290 completed=261/1000 remaining=739
[2026-04-09 07:21:40] dispatch_end n=270 robot=1 role=deliver success=True elapsed_s=0.18 completed=262/1000 remaining=738
[2026-04-09 07:21:40] dispatch_start n=271 robot=2 role=deliver robot_t=2309 completed=262/1000 remaining=738
[2026-04-09 07:21:40] dispatch_end n=271 robot=2 role=deliver success=True elapsed_s=0.14 completed=263/1000 remaining=737
[2026-04-09 07:21:40] dispatch_start n=272 robot=4 role=deliver robot_t=2310 completed=263/1000 remaining=737
[2026-04-09 07:21:41] dispatch_end n=272 robot=4 role=deliver success=True elapsed_s=0.18 completed=264/1000 remaining=736
[2026-04-09 07:21:41] dispatch_start n=273 robot=3 role=deliver robot_t=2314 completed=264/1000 remaining=736
[2026-04-09 07:21:41] dispatch_end n=273 robot=3 role=deliver success=True elapsed_s=0.14 completed=265/1000 remaining=735
[2026-04-09 07:21:41] dispatch_start n=274 robot=0 role=deliver robot_t=2321 completed=265/1000 remaining=735
[2026-04-09 07:21:41] dispatch_end n=274 robot=0 role=deliver success=True elapsed_s=0.18 completed=266/1000 remaining=734
[2026-04-09 07:21:41] dispatch_start n=275 robot=1 role=deliver robot_t=2338 completed=266/1000 remaining=734
[2026-04-09 07:21:41] dispatch_end n=275 robot=1 role=deliver success=True elapsed_s=0.18 completed=267/1000 remaining=733
[2026-04-09 07:21:41] dispatch_start n=276 robot=2 role=deliver robot_t=2356 completed=267/1000 remaining=733
[2026-04-09 07:21:41] dispatch_end n=276 robot=2 role=deliver success=True elapsed_s=0.18 completed=268/1000 remaining=732
[2026-04-09 07:21:41] dispatch_start n=277 robot=3 role=deliver robot_t=2356 completed=268/1000 remaining=732
[2026-04-09 07:21:41] dispatch_end n=277 robot=3 role=deliver success=True elapsed_s=0.18 completed=269/1000 remaining=731
[2026-04-09 07:21:41] dispatch_start n=278 robot=4 role=deliver robot_t=2360 completed=269/1000 remaining=731
[2026-04-09 07:21:42] dispatch_end n=278 robot=4 role=deliver success=True elapsed_s=0.18 completed=270/1000 remaining=730
[2026-04-09 07:21:42] dispatch_start n=279 robot=0 role=deliver robot_t=2370 completed=270/1000 remaining=730
[2026-04-09 07:21:42] dispatch_end n=279 robot=0 role=deliver success=True elapsed_s=0.18 completed=271/1000 remaining=729
[2026-04-09 07:21:42] dispatch_start n=280 robot=1 role=deliver robot_t=2389 completed=271/1000 remaining=729
[2026-04-09 07:21:42] dispatch_end n=280 robot=1 role=deliver success=True elapsed_s=0.18 completed=272/1000 remaining=728
[2026-04-09 07:21:42] dispatch_start n=281 robot=2 role=deliver robot_t=2404 completed=272/1000 remaining=728
[2026-04-09 07:21:42] dispatch_end n=281 robot=2 role=deliver success=True elapsed_s=0.14 completed=273/1000 remaining=727
[2026-04-09 07:21:42] dispatch_start n=282 robot=3 role=deliver robot_t=2404 completed=273/1000 remaining=727
[2026-04-09 07:21:42] dispatch_end n=282 robot=3 role=deliver success=True elapsed_s=0.18 completed=274/1000 remaining=726
[2026-04-09 07:21:42] dispatch_start n=283 robot=4 role=deliver robot_t=2418 completed=274/1000 remaining=726
[2026-04-09 07:21:43] dispatch_end n=283 robot=4 role=deliver success=True elapsed_s=0.18 completed=275/1000 remaining=725
[2026-04-09 07:21:43] dispatch_start n=284 robot=0 role=deliver robot_t=2423 completed=275/1000 remaining=725
[2026-04-09 07:21:43] dispatch_end n=284 robot=0 role=deliver success=True elapsed_s=0.18 completed=276/1000 remaining=724
[2026-04-09 07:21:43] dispatch_start n=285 robot=1 role=deliver robot_t=2439 completed=276/1000 remaining=724
[2026-04-09 07:21:43] dispatch_end n=285 robot=1 role=deliver success=True elapsed_s=0.18 completed=277/1000 remaining=723
[2026-04-09 07:21:43] dispatch_start n=286 robot=2 role=deliver robot_t=2442 completed=277/1000 remaining=723
[2026-04-09 07:21:43] dispatch_end n=286 robot=2 role=deliver success=True elapsed_s=0.14 completed=278/1000 remaining=722
[2026-04-09 07:21:43] dispatch_start n=287 robot=3 role=deliver robot_t=2451 completed=278/1000 remaining=722
[2026-04-09 07:21:43] dispatch_end n=287 robot=3 role=deliver success=True elapsed_s=0.19 completed=279/1000 remaining=721
[2026-04-09 07:21:43] dispatch_start n=288 robot=4 role=deliver robot_t=2470 completed=279/1000 remaining=721
[2026-04-09 07:21:43] dispatch_end n=288 robot=4 role=deliver success=True elapsed_s=0.18 completed=280/1000 remaining=720
[2026-04-09 07:21:43] dispatch_start n=289 robot=0 role=deliver robot_t=2474 completed=280/1000 remaining=720
[2026-04-09 07:21:44] dispatch_end n=289 robot=0 role=deliver success=True elapsed_s=0.18 completed=281/1000 remaining=719
[2026-04-09 07:21:44] dispatch_start n=290 robot=2 role=deliver robot_t=2484 completed=281/1000 remaining=719
[2026-04-09 07:21:44] dispatch_end n=290 robot=2 role=deliver success=True elapsed_s=0.14 completed=282/1000 remaining=718
[2026-04-09 07:21:44] dispatch_start n=291 robot=3 role=deliver robot_t=2485 completed=282/1000 remaining=718
[2026-04-09 07:21:44] dispatch_end n=291 robot=3 role=deliver success=True elapsed_s=0.15 completed=283/1000 remaining=717
[2026-04-09 07:21:44] dispatch_start n=292 robot=1 role=deliver robot_t=2488 completed=283/1000 remaining=717
[2026-04-09 07:21:44] dispatch_end n=292 robot=1 role=deliver success=True elapsed_s=0.18 completed=284/1000 remaining=716
[2026-04-09 07:21:44] dispatch_start n=293 robot=0 role=deliver robot_t=2525 completed=284/1000 remaining=716
[2026-04-09 07:21:44] dispatch_end n=293 robot=0 role=deliver success=True elapsed_s=0.19 completed=285/1000 remaining=715
[2026-04-09 07:21:44] dispatch_start n=294 robot=4 role=deliver robot_t=2525 completed=285/1000 remaining=715
[2026-04-09 07:21:44] dispatch_end n=294 robot=4 role=deliver success=True elapsed_s=0.18 completed=286/1000 remaining=714
[2026-04-09 07:21:44] dispatch_start n=295 robot=2 role=deliver robot_t=2528 completed=286/1000 remaining=714
[2026-04-09 07:21:45] dispatch_end n=295 robot=2 role=deliver success=True elapsed_s=0.18 completed=287/1000 remaining=713
[2026-04-09 07:21:45] dispatch_start n=296 robot=3 role=deliver robot_t=2532 completed=287/1000 remaining=713
[2026-04-09 07:21:45] dispatch_end n=296 robot=3 role=deliver success=True elapsed_s=0.19 completed=288/1000 remaining=712
[2026-04-09 07:21:45] dispatch_start n=297 robot=1 role=deliver robot_t=2540 completed=288/1000 remaining=712
[2026-04-09 07:21:45] dispatch_end n=297 robot=1 role=deliver success=True elapsed_s=0.19 completed=289/1000 remaining=711
[2026-04-09 07:21:45] dispatch_start n=298 robot=3 role=deliver robot_t=2569 completed=289/1000 remaining=711
[2026-04-09 07:21:45] dispatch_end n=298 robot=3 role=deliver success=True elapsed_s=0.15 completed=290/1000 remaining=710
[2026-04-09 07:21:45] dispatch_start n=299 robot=4 role=deliver robot_t=2571 completed=290/1000 remaining=710
[2026-04-09 07:21:45] dispatch_end n=299 robot=4 role=deliver success=True elapsed_s=0.19 completed=291/1000 remaining=709
[2026-04-09 07:21:45] dispatch_start n=300 robot=0 role=deliver robot_t=2575 completed=291/1000 remaining=709
[2026-04-09 07:21:45] dispatch_end n=300 robot=0 role=deliver success=True elapsed_s=0.19 completed=292/1000 remaining=708
[2026-04-09 07:21:45] dispatch_start n=301 robot=2 role=deliver robot_t=2576 completed=292/1000 remaining=708
[2026-04-09 07:21:46] dispatch_end n=301 robot=2 role=deliver success=True elapsed_s=0.15 completed=293/1000 remaining=707
[2026-04-09 07:21:46] dispatch_start n=302 robot=1 role=deliver robot_t=2590 completed=293/1000 remaining=707
[2026-04-09 07:21:46] dispatch_end n=302 robot=1 role=deliver success=True elapsed_s=0.19 completed=294/1000 remaining=706
[2026-04-09 07:21:46] dispatch_start n=303 robot=3 role=deliver robot_t=2614 completed=294/1000 remaining=706
[2026-04-09 07:21:46] dispatch_end n=303 robot=3 role=deliver success=True elapsed_s=0.19 completed=295/1000 remaining=705
[2026-04-09 07:21:46] dispatch_start n=304 robot=2 role=deliver robot_t=2619 completed=295/1000 remaining=705
[2026-04-09 07:21:46] dispatch_end n=304 robot=2 role=deliver success=True elapsed_s=0.15 completed=296/1000 remaining=704
[2026-04-09 07:21:46] dispatch_start n=305 robot=4 role=deliver robot_t=2620 completed=296/1000 remaining=704
[2026-04-09 07:21:46] dispatch_end n=305 robot=4 role=deliver success=True elapsed_s=0.19 completed=297/1000 remaining=703
[2026-04-09 07:21:46] dispatch_start n=306 robot=0 role=deliver robot_t=2631 completed=297/1000 remaining=703
[2026-04-09 07:21:47] dispatch_end n=306 robot=0 role=deliver success=True elapsed_s=0.19 completed=298/1000 remaining=702
[2026-04-09 07:21:47] dispatch_start n=307 robot=1 role=deliver robot_t=2643 completed=298/1000 remaining=702
[2026-04-09 07:21:47] dispatch_end n=307 robot=1 role=deliver success=True elapsed_s=0.19 completed=299/1000 remaining=701
[2026-04-09 07:21:47] dispatch_start n=308 robot=2 role=deliver robot_t=2658 completed=299/1000 remaining=701
[2026-04-09 07:21:47] dispatch_end n=308 robot=2 role=deliver success=True elapsed_s=0.19 completed=300/1000 remaining=700
[2026-04-09 07:21:47] progress completed=300/1000 makespan=2699 dispatches=308
[2026-04-09 07:21:47] dispatch_start n=309 robot=3 role=deliver robot_t=2660 completed=300/1000 remaining=700
[2026-04-09 07:21:47] dispatch_end n=309 robot=3 role=deliver success=True elapsed_s=0.15 completed=301/1000 remaining=699
[2026-04-09 07:21:47] dispatch_start n=310 robot=4 role=deliver robot_t=2669 completed=301/1000 remaining=699
[2026-04-09 07:21:47] dispatch_end n=310 robot=4 role=deliver success=True elapsed_s=0.19 completed=302/1000 remaining=698
[2026-04-09 07:21:47] dispatch_start n=311 robot=0 role=deliver robot_t=2674 completed=302/1000 remaining=698
[2026-04-09 07:21:47] dispatch_end n=311 robot=0 role=deliver success=True elapsed_s=0.19 completed=303/1000 remaining=697
[2026-04-09 07:21:47] dispatch_start n=312 robot=1 role=deliver robot_t=2699 completed=303/1000 remaining=697
[2026-04-09 07:21:48] dispatch_end n=312 robot=1 role=deliver success=True elapsed_s=0.19 completed=304/1000 remaining=696
[2026-04-09 07:21:48] dispatch_start n=313 robot=2 role=deliver robot_t=2699 completed=304/1000 remaining=696
[2026-04-09 07:21:48] dispatch_end n=313 robot=2 role=deliver success=True elapsed_s=0.15 completed=305/1000 remaining=695
[2026-04-09 07:21:48] dispatch_start n=314 robot=3 role=deliver robot_t=2704 completed=305/1000 remaining=695
[2026-04-09 07:21:48] dispatch_end n=314 robot=3 role=deliver success=True elapsed_s=0.20 completed=306/1000 remaining=694
[2026-04-09 07:21:48] dispatch_start n=315 robot=4 role=deliver robot_t=2710 completed=306/1000 remaining=694
[2026-04-09 07:21:48] dispatch_end n=315 robot=4 role=deliver success=True elapsed_s=0.19 completed=307/1000 remaining=693
[2026-04-09 07:21:48] dispatch_start n=316 robot=0 role=deliver robot_t=2731 completed=307/1000 remaining=693
[2026-04-09 07:21:48] dispatch_end n=316 robot=0 role=deliver success=True elapsed_s=0.24 completed=308/1000 remaining=692
[2026-04-09 07:21:48] dispatch_start n=317 robot=3 role=deliver robot_t=2745 completed=308/1000 remaining=692
[2026-04-09 07:21:49] dispatch_end n=317 robot=3 role=deliver success=True elapsed_s=0.20 completed=309/1000 remaining=691
[2026-04-09 07:21:49] dispatch_start n=318 robot=2 role=deliver robot_t=2748 completed=309/1000 remaining=691
[2026-04-09 07:21:49] dispatch_end n=318 robot=2 role=deliver success=True elapsed_s=0.19 completed=310/1000 remaining=690
[2026-04-09 07:21:49] dispatch_start n=319 robot=1 role=deliver robot_t=2749 completed=310/1000 remaining=690
[2026-04-09 07:21:49] dispatch_end n=319 robot=1 role=deliver success=True elapsed_s=0.19 completed=311/1000 remaining=689
[2026-04-09 07:21:49] dispatch_start n=320 robot=4 role=deliver robot_t=2760 completed=311/1000 remaining=689
[2026-04-09 07:21:49] dispatch_end n=320 robot=4 role=deliver success=True elapsed_s=0.20 completed=312/1000 remaining=688
[2026-04-09 07:21:49] dispatch_start n=321 robot=0 role=deliver robot_t=2785 completed=312/1000 remaining=688
[2026-04-09 07:21:49] dispatch_end n=321 robot=0 role=deliver success=True elapsed_s=0.20 completed=313/1000 remaining=687
[2026-04-09 07:21:49] dispatch_start n=322 robot=3 role=deliver robot_t=2795 completed=313/1000 remaining=687
[2026-04-09 07:21:50] dispatch_end n=322 robot=3 role=deliver success=True elapsed_s=0.16 completed=314/1000 remaining=686
[2026-04-09 07:21:50] dispatch_start n=323 robot=2 role=deliver robot_t=2799 completed=314/1000 remaining=686
[2026-04-09 07:21:50] dispatch_end n=323 robot=2 role=deliver success=True elapsed_s=0.19 completed=315/1000 remaining=685
[2026-04-09 07:21:50] dispatch_start n=324 robot=1 role=deliver robot_t=2802 completed=315/1000 remaining=685
[2026-04-09 07:21:50] dispatch_end n=324 robot=1 role=deliver success=True elapsed_s=0.20 completed=316/1000 remaining=684
[2026-04-09 07:21:50] dispatch_start n=325 robot=4 role=deliver robot_t=2816 completed=316/1000 remaining=684
[2026-04-09 07:21:50] dispatch_end n=325 robot=4 role=deliver success=True elapsed_s=0.19 completed=317/1000 remaining=683
[2026-04-09 07:21:50] dispatch_start n=326 robot=0 role=deliver robot_t=2836 completed=317/1000 remaining=683
[2026-04-09 07:21:50] dispatch_end n=326 robot=0 role=deliver success=True elapsed_s=0.20 completed=318/1000 remaining=682
[2026-04-09 07:21:50] dispatch_start n=327 robot=3 role=deliver robot_t=2839 completed=318/1000 remaining=682
[2026-04-09 07:21:51] dispatch_end n=327 robot=3 role=deliver success=True elapsed_s=0.20 completed=319/1000 remaining=681
[2026-04-09 07:21:51] dispatch_start n=328 robot=1 role=deliver robot_t=2854 completed=319/1000 remaining=681
[2026-04-09 07:21:51] dispatch_end n=328 robot=1 role=deliver success=True elapsed_s=0.20 completed=320/1000 remaining=680
[2026-04-09 07:21:51] dispatch_start n=329 robot=2 role=deliver robot_t=2857 completed=320/1000 remaining=680
[2026-04-09 07:21:51] dispatch_end n=329 robot=2 role=deliver success=True elapsed_s=0.20 completed=321/1000 remaining=679
[2026-04-09 07:21:51] dispatch_start n=330 robot=4 role=deliver robot_t=2868 completed=321/1000 remaining=679
[2026-04-09 07:21:51] dispatch_end n=330 robot=4 role=deliver success=True elapsed_s=0.20 completed=322/1000 remaining=678
[2026-04-09 07:21:51] dispatch_start n=331 robot=3 role=deliver robot_t=2882 completed=322/1000 remaining=678
[2026-04-09 07:21:51] dispatch_end n=331 robot=3 role=deliver success=True elapsed_s=0.20 completed=323/1000 remaining=677
[2026-04-09 07:21:51] dispatch_start n=332 robot=0 role=deliver robot_t=2894 completed=323/1000 remaining=677
[2026-04-09 07:21:52] dispatch_end n=332 robot=0 role=deliver success=True elapsed_s=0.20 completed=324/1000 remaining=676
[2026-04-09 07:21:52] dispatch_start n=333 robot=1 role=deliver robot_t=2907 completed=324/1000 remaining=676
[2026-04-09 07:21:52] dispatch_end n=333 robot=1 role=deliver success=True elapsed_s=0.20 completed=325/1000 remaining=675
[2026-04-09 07:21:52] dispatch_start n=334 robot=2 role=deliver robot_t=2910 completed=325/1000 remaining=675
[2026-04-09 07:21:52] dispatch_end n=334 robot=2 role=deliver success=True elapsed_s=0.20 completed=326/1000 remaining=674
[2026-04-09 07:21:52] dispatch_start n=335 robot=3 role=deliver robot_t=2919 completed=326/1000 remaining=674
[2026-04-09 07:21:52] dispatch_end n=335 robot=3 role=deliver success=True elapsed_s=0.21 completed=327/1000 remaining=673
[2026-04-09 07:21:52] dispatch_start n=336 robot=4 role=deliver robot_t=2925 completed=327/1000 remaining=673
[2026-04-09 07:21:52] dispatch_end n=336 robot=4 role=deliver success=True elapsed_s=0.20 completed=328/1000 remaining=672
[2026-04-09 07:21:52] dispatch_start n=337 robot=0 role=deliver robot_t=2957 completed=328/1000 remaining=672
[2026-04-09 07:21:53] dispatch_end n=337 robot=0 role=deliver success=True elapsed_s=0.20 completed=329/1000 remaining=671
[2026-04-09 07:21:53] dispatch_start n=338 robot=1 role=deliver robot_t=2961 completed=329/1000 remaining=671
[2026-04-09 07:21:53] dispatch_end n=338 robot=1 role=deliver success=True elapsed_s=0.20 completed=330/1000 remaining=670
[2026-04-09 07:21:53] dispatch_start n=339 robot=3 role=deliver robot_t=2969 completed=330/1000 remaining=670
[2026-04-09 07:21:53] dispatch_end n=339 robot=3 role=deliver success=True elapsed_s=0.21 completed=331/1000 remaining=669
[2026-04-09 07:21:53] dispatch_start n=340 robot=2 role=deliver robot_t=2971 completed=331/1000 remaining=669
[2026-04-09 07:21:53] dispatch_end n=340 robot=2 role=deliver success=True elapsed_s=0.20 completed=332/1000 remaining=668
[2026-04-09 07:21:53] dispatch_start n=341 robot=4 role=deliver robot_t=2971 completed=332/1000 remaining=668
[2026-04-09 07:21:53] dispatch_end n=341 robot=4 role=deliver success=True elapsed_s=0.20 completed=333/1000 remaining=667
[2026-04-09 07:21:53] dispatch_start n=342 robot=1 role=deliver robot_t=3014 completed=333/1000 remaining=667
[2026-04-09 07:21:54] dispatch_end n=342 robot=1 role=deliver success=True elapsed_s=0.20 completed=334/1000 remaining=666
[2026-04-09 07:21:54] dispatch_start n=343 robot=3 role=deliver robot_t=3018 completed=334/1000 remaining=666
[2026-04-09 07:21:54] dispatch_end n=343 robot=3 role=deliver success=True elapsed_s=0.21 completed=335/1000 remaining=665
[2026-04-09 07:21:54] dispatch_start n=344 robot=0 role=deliver robot_t=3021 completed=335/1000 remaining=665
[2026-04-09 07:21:54] dispatch_end n=344 robot=0 role=deliver success=True elapsed_s=0.21 completed=336/1000 remaining=664
[2026-04-09 07:21:54] dispatch_start n=345 robot=2 role=deliver robot_t=3025 completed=336/1000 remaining=664
[2026-04-09 07:21:54] dispatch_end n=345 robot=2 role=deliver success=True elapsed_s=0.20 completed=337/1000 remaining=663
[2026-04-09 07:21:54] dispatch_start n=346 robot=4 role=deliver robot_t=3031 completed=337/1000 remaining=663
[2026-04-09 07:21:54] dispatch_end n=346 robot=4 role=deliver success=True elapsed_s=0.20 completed=338/1000 remaining=662
[2026-04-09 07:21:54] dispatch_start n=347 robot=4 role=deliver robot_t=3076 completed=338/1000 remaining=662
[2026-04-09 07:21:55] dispatch_end n=347 robot=4 role=deliver success=True elapsed_s=0.20 completed=339/1000 remaining=661
[2026-04-09 07:21:55] dispatch_start n=348 robot=1 role=deliver robot_t=3080 completed=339/1000 remaining=661
[2026-04-09 07:21:55] dispatch_end n=348 robot=1 role=deliver success=True elapsed_s=0.20 completed=340/1000 remaining=660
[2026-04-09 07:21:55] dispatch_start n=349 robot=2 role=deliver robot_t=3082 completed=340/1000 remaining=660
[2026-04-09 07:21:55] dispatch_end n=349 robot=2 role=deliver success=True elapsed_s=0.20 completed=341/1000 remaining=659
[2026-04-09 07:21:55] dispatch_start n=350 robot=0 role=deliver robot_t=3083 completed=341/1000 remaining=659
[2026-04-09 07:21:55] dispatch_end n=350 robot=0 role=deliver success=True elapsed_s=0.20 completed=342/1000 remaining=658
[2026-04-09 07:21:55] dispatch_start n=351 robot=3 role=deliver robot_t=3094 completed=342/1000 remaining=658
[2026-04-09 07:21:55] dispatch_end n=351 robot=3 role=deliver success=True elapsed_s=0.20 completed=343/1000 remaining=657
[2026-04-09 07:21:55] dispatch_start n=352 robot=2 role=deliver robot_t=3118 completed=343/1000 remaining=657
[2026-04-09 07:21:56] dispatch_end n=352 robot=2 role=deliver success=True elapsed_s=0.16 completed=344/1000 remaining=656
[2026-04-09 07:21:56] dispatch_start n=353 robot=4 role=deliver robot_t=3135 completed=344/1000 remaining=656
[2026-04-09 07:21:56] dispatch_end n=353 robot=4 role=deliver success=True elapsed_s=0.20 completed=345/1000 remaining=655
[2026-04-09 07:21:56] dispatch_start n=354 robot=1 role=deliver robot_t=3141 completed=345/1000 remaining=655
[2026-04-09 07:21:56] dispatch_end n=354 robot=1 role=deliver success=True elapsed_s=0.20 completed=346/1000 remaining=654
[2026-04-09 07:21:56] dispatch_start n=355 robot=0 role=deliver robot_t=3148 completed=346/1000 remaining=654
[2026-04-09 07:21:56] dispatch_end n=355 robot=0 role=deliver success=True elapsed_s=0.21 completed=347/1000 remaining=653
[2026-04-09 07:21:56] dispatch_start n=356 robot=3 role=deliver robot_t=3156 completed=347/1000 remaining=653
[2026-04-09 07:21:56] dispatch_end n=356 robot=3 role=deliver success=True elapsed_s=0.20 completed=348/1000 remaining=652
[2026-04-09 07:21:56] dispatch_start n=357 robot=2 role=deliver robot_t=3158 completed=348/1000 remaining=652
[2026-04-09 07:21:57] dispatch_end n=357 robot=2 role=deliver success=True elapsed_s=0.20 completed=349/1000 remaining=651
[2026-04-09 07:21:57] dispatch_start n=358 robot=4 role=deliver robot_t=3182 completed=349/1000 remaining=651
[2026-04-09 07:21:57] dispatch_end n=358 robot=4 role=deliver success=True elapsed_s=0.17 completed=350/1000 remaining=650
[2026-04-09 07:21:57] progress completed=350/1000 makespan=3231 dispatches=358
[2026-04-09 07:21:57] dispatch_start n=359 robot=2 role=deliver robot_t=3197 completed=350/1000 remaining=650
[2026-04-09 07:21:57] dispatch_end n=359 robot=2 role=deliver success=True elapsed_s=0.16 completed=351/1000 remaining=649
[2026-04-09 07:21:57] dispatch_start n=360 robot=0 role=deliver robot_t=3199 completed=351/1000 remaining=649
[2026-04-09 07:21:57] dispatch_end n=360 robot=0 role=deliver success=True elapsed_s=0.20 completed=352/1000 remaining=648
[2026-04-09 07:21:57] dispatch_start n=361 robot=1 role=deliver robot_t=3202 completed=352/1000 remaining=648
[2026-04-09 07:21:57] dispatch_end n=361 robot=1 role=deliver success=True elapsed_s=0.21 completed=353/1000 remaining=647
[2026-04-09 07:21:57] dispatch_start n=362 robot=3 role=deliver robot_t=3222 completed=353/1000 remaining=647
[2026-04-09 07:21:58] dispatch_end n=362 robot=3 role=deliver success=True elapsed_s=0.21 completed=354/1000 remaining=646
[2026-04-09 07:21:58] dispatch_start n=363 robot=4 role=deliver robot_t=3231 completed=354/1000 remaining=646
[2026-04-09 07:21:58] dispatch_end n=363 robot=4 role=deliver success=True elapsed_s=0.17 completed=355/1000 remaining=645
[2026-04-09 07:21:58] dispatch_start n=364 robot=2 role=deliver robot_t=3254 completed=355/1000 remaining=645
[2026-04-09 07:21:58] dispatch_end n=364 robot=2 role=deliver success=True elapsed_s=0.21 completed=356/1000 remaining=644
[2026-04-09 07:21:58] dispatch_start n=365 robot=0 role=deliver robot_t=3258 completed=356/1000 remaining=644
[2026-04-09 07:21:58] dispatch_end n=365 robot=0 role=deliver success=True elapsed_s=0.21 completed=357/1000 remaining=643
[2026-04-09 07:21:58] dispatch_start n=366 robot=3 role=deliver robot_t=3274 completed=357/1000 remaining=643
[2026-04-09 07:21:58] dispatch_end n=366 robot=3 role=deliver success=True elapsed_s=0.21 completed=358/1000 remaining=642
[2026-04-09 07:21:58] dispatch_start n=367 robot=1 role=deliver robot_t=3290 completed=358/1000 remaining=642
[2026-04-09 07:21:59] dispatch_end n=367 robot=1 role=deliver success=True elapsed_s=0.21 completed=359/1000 remaining=641
[2026-04-09 07:21:59] dispatch_start n=368 robot=2 role=deliver robot_t=3300 completed=359/1000 remaining=641
[2026-04-09 07:21:59] dispatch_end n=368 robot=2 role=deliver success=True elapsed_s=0.21 completed=360/1000 remaining=640
[2026-04-09 07:21:59] dispatch_start n=369 robot=4 role=deliver robot_t=3300 completed=360/1000 remaining=640
[2026-04-09 07:21:59] dispatch_end n=369 robot=4 role=deliver success=True elapsed_s=0.21 completed=361/1000 remaining=639
[2026-04-09 07:21:59] dispatch_start n=370 robot=0 role=deliver robot_t=3313 completed=361/1000 remaining=639
[2026-04-09 07:21:59] dispatch_end n=370 robot=0 role=deliver success=True elapsed_s=0.17 completed=362/1000 remaining=638
[2026-04-09 07:21:59] dispatch_start n=371 robot=3 role=deliver robot_t=3324 completed=362/1000 remaining=638
[2026-04-09 07:21:59] dispatch_end n=371 robot=3 role=deliver success=True elapsed_s=0.21 completed=363/1000 remaining=637
[2026-04-09 07:21:59] dispatch_start n=372 robot=1 role=deliver robot_t=3339 completed=363/1000 remaining=637
[2026-04-09 07:22:00] dispatch_end n=372 robot=1 role=deliver success=True elapsed_s=0.21 completed=364/1000 remaining=636
[2026-04-09 07:22:00] dispatch_start n=373 robot=2 role=deliver robot_t=3346 completed=364/1000 remaining=636
[2026-04-09 07:22:00] dispatch_end n=373 robot=2 role=deliver success=True elapsed_s=0.21 completed=365/1000 remaining=635
[2026-04-09 07:22:00] dispatch_start n=374 robot=4 role=deliver robot_t=3348 completed=365/1000 remaining=635
[2026-04-09 07:22:00] dispatch_end n=374 robot=4 role=deliver success=True elapsed_s=0.17 completed=366/1000 remaining=634
[2026-04-09 07:22:00] dispatch_start n=375 robot=0 role=deliver robot_t=3359 completed=366/1000 remaining=634
[2026-04-09 07:22:00] dispatch_end n=375 robot=0 role=deliver success=True elapsed_s=0.21 completed=367/1000 remaining=633
[2026-04-09 07:22:00] dispatch_start n=376 robot=3 role=deliver robot_t=3374 completed=367/1000 remaining=633
[2026-04-09 07:22:00] dispatch_end n=376 robot=3 role=deliver success=True elapsed_s=0.21 completed=368/1000 remaining=632
[2026-04-09 07:22:00] dispatch_start n=377 robot=1 role=deliver robot_t=3387 completed=368/1000 remaining=632
[2026-04-09 07:22:01] dispatch_end n=377 robot=1 role=deliver success=True elapsed_s=0.22 completed=369/1000 remaining=631
[2026-04-09 07:22:01] dispatch_start n=378 robot=2 role=deliver robot_t=3393 completed=369/1000 remaining=631
[2026-04-09 07:22:01] dispatch_end n=378 robot=2 role=deliver success=True elapsed_s=0.21 completed=370/1000 remaining=630
[2026-04-09 07:22:01] dispatch_start n=379 robot=4 role=deliver robot_t=3401 completed=370/1000 remaining=630
[2026-04-09 07:22:01] dispatch_end n=379 robot=4 role=deliver success=True elapsed_s=0.21 completed=371/1000 remaining=629
[2026-04-09 07:22:01] dispatch_start n=380 robot=0 role=deliver robot_t=3408 completed=371/1000 remaining=629
[2026-04-09 07:22:01] dispatch_end n=380 robot=0 role=deliver success=True elapsed_s=0.17 completed=372/1000 remaining=628
[2026-04-09 07:22:01] dispatch_start n=381 robot=3 role=deliver robot_t=3424 completed=372/1000 remaining=628
[2026-04-09 07:22:01] dispatch_end n=381 robot=3 role=deliver success=True elapsed_s=0.21 completed=373/1000 remaining=627
[2026-04-09 07:22:01] dispatch_start n=382 robot=1 role=deliver robot_t=3435 completed=373/1000 remaining=627
[2026-04-09 07:22:02] dispatch_end n=382 robot=1 role=deliver success=True elapsed_s=0.21 completed=374/1000 remaining=626
[2026-04-09 07:22:02] dispatch_start n=383 robot=2 role=deliver robot_t=3441 completed=374/1000 remaining=626
[2026-04-09 07:22:02] dispatch_end n=383 robot=2 role=deliver success=True elapsed_s=0.17 completed=375/1000 remaining=625
[2026-04-09 07:22:02] dispatch_start n=384 robot=4 role=deliver robot_t=3456 completed=375/1000 remaining=625
[2026-04-09 07:22:02] dispatch_end n=384 robot=4 role=deliver success=True elapsed_s=0.21 completed=376/1000 remaining=624
[2026-04-09 07:22:02] dispatch_start n=385 robot=0 role=deliver robot_t=3459 completed=376/1000 remaining=624
[2026-04-09 07:22:02] dispatch_end n=385 robot=0 role=deliver success=True elapsed_s=0.21 completed=377/1000 remaining=623
[2026-04-09 07:22:02] dispatch_start n=386 robot=3 role=deliver robot_t=3466 completed=377/1000 remaining=623
[2026-04-09 07:22:02] dispatch_end n=386 robot=3 role=deliver success=True elapsed_s=0.21 completed=378/1000 remaining=622
[2026-04-09 07:22:02] dispatch_start n=387 robot=2 role=deliver robot_t=3484 completed=378/1000 remaining=622
[2026-04-09 07:22:03] dispatch_end n=387 robot=2 role=deliver success=True elapsed_s=0.21 completed=379/1000 remaining=621
[2026-04-09 07:22:03] dispatch_start n=388 robot=1 role=deliver robot_t=3493 completed=379/1000 remaining=621
[2026-04-09 07:22:03] dispatch_end n=388 robot=1 role=deliver success=True elapsed_s=0.22 completed=380/1000 remaining=620
[2026-04-09 07:22:03] dispatch_start n=389 robot=4 role=deliver robot_t=3503 completed=380/1000 remaining=620
[2026-04-09 07:22:03] dispatch_end n=389 robot=4 role=deliver success=True elapsed_s=0.21 completed=381/1000 remaining=619
[2026-04-09 07:22:03] dispatch_start n=390 robot=0 role=deliver robot_t=3506 completed=381/1000 remaining=619
[2026-04-09 07:22:03] dispatch_end n=390 robot=0 role=deliver success=True elapsed_s=0.25 completed=382/1000 remaining=618
[2026-04-09 07:22:03] dispatch_start n=391 robot=3 role=deliver robot_t=3514 completed=382/1000 remaining=618
[2026-04-09 07:22:04] dispatch_end n=391 robot=3 role=deliver success=True elapsed_s=0.22 completed=383/1000 remaining=617
[2026-04-09 07:22:04] dispatch_start n=392 robot=1 role=deliver robot_t=3532 completed=383/1000 remaining=617
[2026-04-09 07:22:04] dispatch_end n=392 robot=1 role=deliver success=True elapsed_s=0.28 completed=384/1000 remaining=616
[2026-04-09 07:22:04] dispatch_start n=393 robot=2 role=deliver robot_t=3532 completed=384/1000 remaining=616
[2026-04-09 07:22:04] dispatch_end n=393 robot=2 role=deliver success=True elapsed_s=0.27 completed=385/1000 remaining=615
[2026-04-09 07:22:04] dispatch_start n=394 robot=4 role=deliver robot_t=3557 completed=385/1000 remaining=615
[2026-04-09 07:22:04] dispatch_end n=394 robot=4 role=deliver success=True elapsed_s=0.22 completed=386/1000 remaining=614
[2026-04-09 07:22:04] dispatch_start n=395 robot=3 role=deliver robot_t=3564 completed=386/1000 remaining=614
[2026-04-09 07:22:04] dispatch_end n=395 robot=3 role=deliver success=True elapsed_s=0.21 completed=387/1000 remaining=613
[2026-04-09 07:22:04] dispatch_start n=396 robot=0 role=deliver robot_t=3566 completed=387/1000 remaining=613
[2026-04-09 07:22:05] dispatch_end n=396 robot=0 role=deliver success=True elapsed_s=0.17 completed=388/1000 remaining=612
[2026-04-09 07:22:05] dispatch_start n=397 robot=2 role=deliver robot_t=3582 completed=388/1000 remaining=612
[2026-04-09 07:22:07] dispatch_end n=397 robot=2 role=deliver success=True elapsed_s=2.14 completed=389/1000 remaining=611
[2026-04-09 07:22:07] dispatch_start n=398 robot=1 role=deliver robot_t=3597 completed=389/1000 remaining=611
[2026-04-09 07:22:07] dispatch_end n=398 robot=1 role=deliver success=True elapsed_s=0.21 completed=390/1000 remaining=610
[2026-04-09 07:22:07] dispatch_start n=399 robot=3 role=deliver robot_t=3613 completed=390/1000 remaining=610
[2026-04-09 07:22:07] dispatch_end n=399 robot=3 role=deliver success=True elapsed_s=0.21 completed=391/1000 remaining=609
[2026-04-09 07:22:07] dispatch_start n=400 robot=0 role=deliver robot_t=3616 completed=391/1000 remaining=609
[2026-04-09 07:22:07] dispatch_end n=400 robot=0 role=deliver success=True elapsed_s=0.21 completed=392/1000 remaining=608
[2026-04-09 07:22:07] dispatch_start n=401 robot=4 role=deliver robot_t=3617 completed=392/1000 remaining=608
[2026-04-09 07:22:08] dispatch_end n=401 robot=4 role=deliver success=True elapsed_s=0.17 completed=393/1000 remaining=607
[2026-04-09 07:22:08] dispatch_start n=402 robot=2 role=deliver robot_t=3625 completed=393/1000 remaining=607
[2026-04-09 07:22:08] dispatch_end n=402 robot=2 role=deliver success=True elapsed_s=0.21 completed=394/1000 remaining=606
[2026-04-09 07:22:08] dispatch_start n=403 robot=1 role=deliver robot_t=3646 completed=394/1000 remaining=606
[2026-04-09 07:22:08] dispatch_end n=403 robot=1 role=deliver success=True elapsed_s=0.22 completed=395/1000 remaining=605
[2026-04-09 07:22:08] dispatch_start n=404 robot=3 role=deliver robot_t=3658 completed=395/1000 remaining=605
[2026-04-09 07:22:08] dispatch_end n=404 robot=3 role=deliver success=True elapsed_s=0.22 completed=396/1000 remaining=604
[2026-04-09 07:22:08] dispatch_start n=405 robot=0 role=deliver robot_t=3662 completed=396/1000 remaining=604
[2026-04-09 07:22:10] dispatch_end n=405 robot=0 role=deliver success=True elapsed_s=2.18 completed=397/1000 remaining=603
[2026-04-09 07:22:10] dispatch_start n=406 robot=4 role=deliver robot_t=3662 completed=397/1000 remaining=603
[2026-04-09 07:22:11] dispatch_end n=406 robot=4 role=deliver success=True elapsed_s=0.21 completed=398/1000 remaining=602
[2026-04-09 07:22:11] dispatch_start n=407 robot=2 role=deliver robot_t=3673 completed=398/1000 remaining=602
[2026-04-09 07:22:11] dispatch_end n=407 robot=2 role=deliver success=True elapsed_s=0.17 completed=399/1000 remaining=601
[2026-04-09 07:22:11] dispatch_start n=408 robot=1 role=deliver robot_t=3700 completed=399/1000 remaining=601
[2026-04-09 07:22:11] dispatch_end n=408 robot=1 role=deliver success=True elapsed_s=0.21 completed=400/1000 remaining=600
[2026-04-09 07:22:11] progress completed=400/1000 makespan=3739 dispatches=408
[2026-04-09 07:22:11] dispatch_start n=409 robot=4 role=deliver robot_t=3705 completed=400/1000 remaining=600
[2026-04-09 07:22:11] dispatch_end n=409 robot=4 role=deliver success=True elapsed_s=0.22 completed=401/1000 remaining=599
[2026-04-09 07:22:11] dispatch_start n=410 robot=0 role=deliver robot_t=3708 completed=401/1000 remaining=599
[2026-04-09 07:22:14] dispatch_end n=410 robot=0 role=deliver success=True elapsed_s=2.55 completed=402/1000 remaining=598
[2026-04-09 07:22:14] dispatch_start n=411 robot=3 role=deliver robot_t=3716 completed=402/1000 remaining=598
[2026-04-09 07:22:14] dispatch_end n=411 robot=3 role=deliver success=True elapsed_s=0.29 completed=403/1000 remaining=597
[2026-04-09 07:22:14] dispatch_start n=412 robot=2 role=deliver robot_t=3720 completed=403/1000 remaining=597
[2026-04-09 07:22:14] dispatch_end n=412 robot=2 role=deliver success=True elapsed_s=0.28 completed=404/1000 remaining=596
[2026-04-09 07:22:14] dispatch_start n=413 robot=1 role=deliver robot_t=3739 completed=404/1000 remaining=596
[2026-04-09 07:22:15] dispatch_end n=413 robot=1 role=deliver success=True elapsed_s=0.28 completed=405/1000 remaining=595
[2026-04-09 07:22:15] dispatch_start n=414 robot=2 role=deliver robot_t=3763 completed=405/1000 remaining=595
[2026-04-09 07:22:15] dispatch_end n=414 robot=2 role=deliver success=True elapsed_s=0.28 completed=406/1000 remaining=594
[2026-04-09 07:22:15] dispatch_start n=415 robot=4 role=deliver robot_t=3764 completed=406/1000 remaining=594
[2026-04-09 07:22:15] dispatch_end n=415 robot=4 role=deliver success=True elapsed_s=0.27 completed=407/1000 remaining=593
[2026-04-09 07:22:15] dispatch_start n=416 robot=3 role=deliver robot_t=3766 completed=407/1000 remaining=593
[2026-04-09 07:22:15] dispatch_end n=416 robot=3 role=deliver success=True elapsed_s=0.25 completed=408/1000 remaining=592
[2026-04-09 07:22:15] dispatch_start n=417 robot=0 role=deliver robot_t=3768 completed=408/1000 remaining=592
[2026-04-09 07:22:16] dispatch_end n=417 robot=0 role=deliver success=True elapsed_s=0.27 completed=409/1000 remaining=591
[2026-04-09 07:22:16] dispatch_start n=418 robot=1 role=deliver robot_t=3782 completed=409/1000 remaining=591
[2026-04-09 07:22:16] dispatch_end n=418 robot=1 role=deliver success=True elapsed_s=0.26 completed=410/1000 remaining=590
[2026-04-09 07:22:16] dispatch_start n=419 robot=3 role=deliver robot_t=3806 completed=410/1000 remaining=590
[2026-04-09 07:22:16] dispatch_end n=419 robot=3 role=deliver success=True elapsed_s=0.25 completed=411/1000 remaining=589
[2026-04-09 07:22:16] dispatch_start n=420 robot=4 role=deliver robot_t=3817 completed=411/1000 remaining=589
[2026-04-09 07:22:16] dispatch_end n=420 robot=4 role=deliver success=True elapsed_s=0.27 completed=412/1000 remaining=588
[2026-04-09 07:22:16] dispatch_start n=421 robot=0 role=deliver robot_t=3823 completed=412/1000 remaining=588
[2026-04-09 07:22:20] dispatch_end n=421 robot=0 role=deliver success=True elapsed_s=3.95 completed=413/1000 remaining=587
[2026-04-09 07:22:20] dispatch_start n=422 robot=2 role=deliver robot_t=3827 completed=413/1000 remaining=587
[2026-04-09 07:22:21] dispatch_end n=422 robot=2 role=deliver success=True elapsed_s=0.24 completed=414/1000 remaining=586
[2026-04-09 07:22:21] dispatch_start n=423 robot=1 role=deliver robot_t=3834 completed=414/1000 remaining=586
[2026-04-09 07:22:21] dispatch_end n=423 robot=1 role=deliver success=True elapsed_s=0.30 completed=415/1000 remaining=585
[2026-04-09 07:22:21] dispatch_start n=424 robot=4 role=deliver robot_t=3870 completed=415/1000 remaining=585
[2026-04-09 07:22:21] dispatch_end n=424 robot=4 role=deliver success=True elapsed_s=0.29 completed=416/1000 remaining=584
[2026-04-09 07:22:21] dispatch_start n=425 robot=3 role=deliver robot_t=3871 completed=416/1000 remaining=584
[2026-04-09 07:22:22] dispatch_end n=425 robot=3 role=deliver success=True elapsed_s=0.28 completed=417/1000 remaining=583
[2026-04-09 07:22:22] dispatch_start n=426 robot=2 role=deliver robot_t=3876 completed=417/1000 remaining=583
[2026-04-09 07:22:22] dispatch_end n=426 robot=2 role=deliver success=True elapsed_s=0.27 completed=418/1000 remaining=582
[2026-04-09 07:22:22] dispatch_start n=427 robot=0 role=deliver robot_t=3879 completed=418/1000 remaining=582
[2026-04-09 07:22:22] dispatch_end n=427 robot=0 role=deliver success=True elapsed_s=0.24 completed=419/1000 remaining=581
[2026-04-09 07:22:22] dispatch_start n=428 robot=2 role=deliver robot_t=3908 completed=419/1000 remaining=581
[2026-04-09 07:22:22] dispatch_end n=428 robot=2 role=deliver success=True elapsed_s=0.24 completed=420/1000 remaining=580
[2026-04-09 07:22:22] dispatch_start n=429 robot=3 role=deliver robot_t=3919 completed=420/1000 remaining=580
[2026-04-09 07:22:22] dispatch_end n=429 robot=3 role=deliver success=True elapsed_s=0.18 completed=421/1000 remaining=579
[2026-04-09 07:22:22] dispatch_start n=430 robot=1 role=deliver robot_t=3920 completed=421/1000 remaining=579
[2026-04-09 07:22:23] dispatch_end n=430 robot=1 role=deliver success=True elapsed_s=0.22 completed=422/1000 remaining=578
[2026-04-09 07:22:23] dispatch_start n=431 robot=4 role=deliver robot_t=3922 completed=422/1000 remaining=578
[2026-04-09 07:22:23] dispatch_end n=431 robot=4 role=deliver success=True elapsed_s=0.25 completed=423/1000 remaining=577
[2026-04-09 07:22:23] dispatch_start n=432 robot=0 role=deliver robot_t=3945 completed=423/1000 remaining=577
[2026-04-09 07:22:23] dispatch_end n=432 robot=0 role=deliver success=True elapsed_s=0.26 completed=424/1000 remaining=576
[2026-04-09 07:22:23] dispatch_start n=433 robot=2 role=deliver robot_t=3954 completed=424/1000 remaining=576
[2026-04-09 07:22:23] dispatch_end n=433 robot=2 role=deliver success=True elapsed_s=0.27 completed=425/1000 remaining=575
[2026-04-09 07:22:23] dispatch_start n=434 robot=3 role=deliver robot_t=3966 completed=425/1000 remaining=575
[2026-04-09 07:22:24] dispatch_end n=434 robot=3 role=deliver success=True elapsed_s=0.28 completed=426/1000 remaining=574
[2026-04-09 07:22:24] dispatch_start n=435 robot=1 role=deliver robot_t=3970 completed=426/1000 remaining=574
[2026-04-09 07:22:24] dispatch_end n=435 robot=1 role=deliver success=True elapsed_s=0.28 completed=427/1000 remaining=573
[2026-04-09 07:22:24] dispatch_start n=436 robot=4 role=deliver robot_t=3977 completed=427/1000 remaining=573
[2026-04-09 07:22:24] dispatch_end n=436 robot=4 role=deliver success=True elapsed_s=0.26 completed=428/1000 remaining=572
[2026-04-09 07:22:24] dispatch_start n=437 robot=0 role=deliver robot_t=3992 completed=428/1000 remaining=572
[2026-04-09 07:22:25] dispatch_end n=437 robot=0 role=deliver success=True elapsed_s=0.28 completed=429/1000 remaining=571
[2026-04-09 07:22:25] dispatch_start n=438 robot=2 role=deliver robot_t=4009 completed=429/1000 remaining=571
[2026-04-09 07:22:25] dispatch_end n=438 robot=2 role=deliver success=True elapsed_s=0.31 completed=430/1000 remaining=570
[2026-04-09 07:22:25] dispatch_start n=439 robot=1 role=deliver robot_t=4017 completed=430/1000 remaining=570
[2026-04-09 07:22:25] dispatch_end n=439 robot=1 role=deliver success=True elapsed_s=0.30 completed=431/1000 remaining=569
[2026-04-09 07:22:25] dispatch_start n=440 robot=3 role=deliver robot_t=4020 completed=431/1000 remaining=569
[2026-04-09 07:22:25] dispatch_end n=440 robot=3 role=deliver success=True elapsed_s=0.25 completed=432/1000 remaining=568
[2026-04-09 07:22:25] dispatch_start n=441 robot=4 role=deliver robot_t=4035 completed=432/1000 remaining=568
[2026-04-09 07:22:26] dispatch_end n=441 robot=4 role=deliver success=True elapsed_s=0.27 completed=433/1000 remaining=567
[2026-04-09 07:22:26] dispatch_start n=442 robot=0 role=deliver robot_t=4049 completed=433/1000 remaining=567
[2026-04-09 07:22:26] dispatch_end n=442 robot=0 role=deliver success=True elapsed_s=0.28 completed=434/1000 remaining=566
[2026-04-09 07:22:26] dispatch_start n=443 robot=1 role=deliver robot_t=4055 completed=434/1000 remaining=566
[2026-04-09 07:22:26] dispatch_end n=443 robot=1 role=deliver success=True elapsed_s=0.20 completed=435/1000 remaining=565
[2026-04-09 07:22:26] dispatch_start n=444 robot=2 role=deliver robot_t=4061 completed=435/1000 remaining=565
[2026-04-09 07:22:26] dispatch_end n=444 robot=2 role=deliver success=True elapsed_s=0.26 completed=436/1000 remaining=564
[2026-04-09 07:22:26] dispatch_start n=445 robot=3 role=deliver robot_t=4068 completed=436/1000 remaining=564
[2026-04-09 07:22:27] dispatch_end n=445 robot=3 role=deliver success=True elapsed_s=0.28 completed=437/1000 remaining=563
[2026-04-09 07:22:27] dispatch_start n=446 robot=4 role=deliver robot_t=4087 completed=437/1000 remaining=563
[2026-04-09 07:22:27] dispatch_end n=446 robot=4 role=deliver success=True elapsed_s=0.26 completed=438/1000 remaining=562
[2026-04-09 07:22:27] dispatch_start n=447 robot=1 role=deliver robot_t=4100 completed=438/1000 remaining=562
[2026-04-09 07:22:27] dispatch_end n=447 robot=1 role=deliver success=True elapsed_s=0.17 completed=439/1000 remaining=561
[2026-04-09 07:22:27] dispatch_start n=448 robot=0 role=deliver robot_t=4113 completed=439/1000 remaining=561
[2026-04-09 07:22:27] dispatch_end n=448 robot=0 role=deliver success=True elapsed_s=0.25 completed=440/1000 remaining=560
[2026-04-09 07:22:27] dispatch_start n=449 robot=2 role=deliver robot_t=4114 completed=440/1000 remaining=560
[2026-04-09 07:22:28] dispatch_end n=449 robot=2 role=deliver success=True elapsed_s=0.27 completed=441/1000 remaining=559
[2026-04-09 07:22:28] dispatch_start n=450 robot=3 role=deliver robot_t=4130 completed=441/1000 remaining=559
[2026-04-09 07:22:28] dispatch_end n=450 robot=3 role=deliver success=True elapsed_s=0.27 completed=442/1000 remaining=558
[2026-04-09 07:22:28] dispatch_start n=451 robot=4 role=deliver robot_t=4137 completed=442/1000 remaining=558
[2026-04-09 07:22:28] dispatch_end n=451 robot=4 role=deliver success=True elapsed_s=0.30 completed=443/1000 remaining=557
[2026-04-09 07:22:28] dispatch_start n=452 robot=1 role=deliver robot_t=4146 completed=443/1000 remaining=557
[2026-04-09 07:22:32] dispatch_end n=452 robot=1 role=deliver success=True elapsed_s=3.72 completed=444/1000 remaining=556
[2026-04-09 07:22:32] dispatch_start n=453 robot=0 role=deliver robot_t=4165 completed=444/1000 remaining=556
[2026-04-09 07:22:32] dispatch_end n=453 robot=0 role=deliver success=True elapsed_s=0.28 completed=445/1000 remaining=555
[2026-04-09 07:22:32] dispatch_start n=454 robot=2 role=deliver robot_t=4165 completed=445/1000 remaining=555
[2026-04-09 07:22:39] dispatch_end n=454 robot=2 role=deliver success=True elapsed_s=7.08 completed=446/1000 remaining=554
[2026-04-09 07:22:39] dispatch_start n=455 robot=3 role=deliver robot_t=4181 completed=446/1000 remaining=554
[2026-04-09 07:22:40] dispatch_end n=455 robot=3 role=deliver success=True elapsed_s=0.30 completed=447/1000 remaining=553
[2026-04-09 07:22:40] dispatch_start n=456 robot=4 role=deliver robot_t=4190 completed=447/1000 remaining=553
[2026-04-09 07:22:40] dispatch_end n=456 robot=4 role=deliver success=True elapsed_s=0.30 completed=448/1000 remaining=552
[2026-04-09 07:22:40] dispatch_start n=457 robot=1 role=deliver robot_t=4197 completed=448/1000 remaining=552
[2026-04-09 07:22:40] dispatch_end n=457 robot=1 role=deliver success=True elapsed_s=0.28 completed=449/1000 remaining=551
[2026-04-09 07:22:40] dispatch_start n=458 robot=2 role=deliver robot_t=4222 completed=449/1000 remaining=551
[2026-04-09 07:22:40] dispatch_end n=458 robot=2 role=deliver success=True elapsed_s=0.28 completed=450/1000 remaining=550
[2026-04-09 07:22:40] progress completed=450/1000 makespan=4275 dispatches=458
[2026-04-09 07:22:40] dispatch_start n=459 robot=0 role=deliver robot_t=4231 completed=450/1000 remaining=550
[2026-04-09 07:22:41] dispatch_end n=459 robot=0 role=deliver success=True elapsed_s=0.23 completed=451/1000 remaining=549
[2026-04-09 07:22:41] dispatch_start n=460 robot=3 role=deliver robot_t=4245 completed=451/1000 remaining=549
[2026-04-09 07:22:41] dispatch_end n=460 robot=3 role=deliver success=True elapsed_s=0.24 completed=452/1000 remaining=548
[2026-04-09 07:22:41] dispatch_start n=461 robot=1 role=deliver robot_t=4251 completed=452/1000 remaining=548
[2026-04-09 07:22:41] dispatch_end n=461 robot=1 role=deliver success=True elapsed_s=0.22 completed=453/1000 remaining=547
[2026-04-09 07:22:41] dispatch_start n=462 robot=4 role=deliver robot_t=4254 completed=453/1000 remaining=547
[2026-04-09 07:22:41] dispatch_end n=462 robot=4 role=deliver success=True elapsed_s=0.23 completed=454/1000 remaining=546
[2026-04-09 07:22:41] dispatch_start n=463 robot=2 role=deliver robot_t=4275 completed=454/1000 remaining=546
[2026-04-09 07:22:42] dispatch_end n=463 robot=2 role=deliver success=True elapsed_s=0.18 completed=455/1000 remaining=545
[2026-04-09 07:22:42] dispatch_start n=464 robot=0 role=deliver robot_t=4295 completed=455/1000 remaining=545
[2026-04-09 07:22:42] dispatch_end n=464 robot=0 role=deliver success=True elapsed_s=0.25 completed=456/1000 remaining=544
[2026-04-09 07:22:42] dispatch_start n=465 robot=3 role=deliver robot_t=4298 completed=456/1000 remaining=544
[2026-04-09 07:22:42] dispatch_end n=465 robot=3 role=deliver success=True elapsed_s=0.22 completed=457/1000 remaining=543
[2026-04-09 07:22:42] dispatch_start n=466 robot=1 role=deliver robot_t=4302 completed=457/1000 remaining=543
[2026-04-09 07:22:42] dispatch_end n=466 robot=1 role=deliver success=True elapsed_s=0.26 completed=458/1000 remaining=542
[2026-04-09 07:22:42] dispatch_start n=467 robot=4 role=deliver robot_t=4325 completed=458/1000 remaining=542
[2026-04-09 07:22:43] dispatch_end n=467 robot=4 role=deliver success=True elapsed_s=0.25 completed=459/1000 remaining=541
[2026-04-09 07:22:43] dispatch_start n=468 robot=2 role=deliver robot_t=4330 completed=459/1000 remaining=541
[2026-04-09 07:22:46] dispatch_end n=468 robot=2 role=deliver success=True elapsed_s=3.01 completed=460/1000 remaining=540
[2026-04-09 07:22:46] dispatch_start n=469 robot=3 role=deliver robot_t=4347 completed=460/1000 remaining=540
[2026-04-09 07:22:46] dispatch_end n=469 robot=3 role=deliver success=True elapsed_s=0.27 completed=461/1000 remaining=539
[2026-04-09 07:22:46] dispatch_start n=470 robot=0 role=deliver robot_t=4352 completed=461/1000 remaining=539
[2026-04-09 07:22:46] dispatch_end n=470 robot=0 role=deliver success=True elapsed_s=0.22 completed=462/1000 remaining=538
[2026-04-09 07:22:46] dispatch_start n=471 robot=1 role=deliver robot_t=4356 completed=462/1000 remaining=538
[2026-04-09 07:22:46] dispatch_end n=471 robot=1 role=deliver success=True elapsed_s=0.22 completed=463/1000 remaining=537
[2026-04-09 07:22:46] dispatch_start n=472 robot=2 role=deliver robot_t=4382 completed=463/1000 remaining=537
[2026-04-09 07:22:47] dispatch_end n=472 robot=2 role=deliver success=True elapsed_s=0.23 completed=464/1000 remaining=536
[2026-04-09 07:22:47] dispatch_start n=473 robot=4 role=deliver robot_t=4383 completed=464/1000 remaining=536
[2026-04-09 07:22:47] dispatch_end n=473 robot=4 role=deliver success=True elapsed_s=0.24 completed=465/1000 remaining=535
[2026-04-09 07:22:47] dispatch_start n=474 robot=3 role=deliver robot_t=4397 completed=465/1000 remaining=535
[2026-04-09 07:22:49] dispatch_end n=474 robot=3 role=deliver success=True elapsed_s=2.45 completed=466/1000 remaining=534
[2026-04-09 07:22:49] dispatch_start n=475 robot=0 role=deliver robot_t=4405 completed=466/1000 remaining=534
[2026-04-09 07:22:49] dispatch_end n=475 robot=0 role=deliver success=True elapsed_s=0.22 completed=467/1000 remaining=533
[2026-04-09 07:22:49] dispatch_start n=476 robot=1 role=deliver robot_t=4408 completed=467/1000 remaining=533
[2026-04-09 07:22:50] dispatch_end n=476 robot=1 role=deliver success=True elapsed_s=0.22 completed=468/1000 remaining=532
[2026-04-09 07:22:50] dispatch_start n=477 robot=4 role=deliver robot_t=4424 completed=468/1000 remaining=532
[2026-04-09 07:22:50] dispatch_end n=477 robot=4 role=deliver success=True elapsed_s=0.24 completed=469/1000 remaining=531
[2026-04-09 07:22:50] dispatch_start n=478 robot=2 role=deliver robot_t=4442 completed=469/1000 remaining=531
[2026-04-09 07:22:50] dispatch_end n=478 robot=2 role=deliver success=True elapsed_s=0.22 completed=470/1000 remaining=530
[2026-04-09 07:22:50] dispatch_start n=479 robot=3 role=deliver robot_t=4444 completed=470/1000 remaining=530
[2026-04-09 07:22:50] dispatch_end n=479 robot=3 role=deliver success=True elapsed_s=0.22 completed=471/1000 remaining=529
[2026-04-09 07:22:50] dispatch_start n=480 robot=0 role=deliver robot_t=4460 completed=471/1000 remaining=529
[2026-04-09 07:22:51] dispatch_end n=480 robot=0 role=deliver success=True elapsed_s=0.22 completed=472/1000 remaining=528
[2026-04-09 07:22:51] dispatch_start n=481 robot=1 role=deliver robot_t=4460 completed=472/1000 remaining=528
[2026-04-09 07:22:51] dispatch_end n=481 robot=1 role=deliver success=True elapsed_s=0.18 completed=473/1000 remaining=527
[2026-04-09 07:22:51] dispatch_start n=482 robot=4 role=deliver robot_t=4479 completed=473/1000 remaining=527
[2026-04-09 07:22:53] dispatch_end n=482 robot=4 role=deliver success=True elapsed_s=2.28 completed=474/1000 remaining=526
[2026-04-09 07:22:53] dispatch_start n=483 robot=3 role=deliver robot_t=4495 completed=474/1000 remaining=526
[2026-04-09 07:22:53] dispatch_end n=483 robot=3 role=deliver success=True elapsed_s=0.19 completed=475/1000 remaining=525
[2026-04-09 07:22:53] dispatch_start n=484 robot=1 role=deliver robot_t=4502 completed=475/1000 remaining=525
[2026-04-09 07:22:53] dispatch_end n=484 robot=1 role=deliver success=True elapsed_s=0.23 completed=476/1000 remaining=524
[2026-04-09 07:22:53] dispatch_start n=485 robot=2 role=deliver robot_t=4505 completed=476/1000 remaining=524
[2026-04-09 07:22:54] dispatch_end n=485 robot=2 role=deliver success=True elapsed_s=0.23 completed=477/1000 remaining=523
[2026-04-09 07:22:54] dispatch_start n=486 robot=4 role=deliver robot_t=4526 completed=477/1000 remaining=523
[2026-04-09 07:22:54] dispatch_end n=486 robot=4 role=deliver success=True elapsed_s=0.24 completed=478/1000 remaining=522
[2026-04-09 07:22:54] dispatch_start n=487 robot=0 role=deliver robot_t=4527 completed=478/1000 remaining=522
[2026-04-09 07:22:54] dispatch_end n=487 robot=0 role=deliver success=True elapsed_s=0.25 completed=479/1000 remaining=521
[2026-04-09 07:22:54] dispatch_start n=488 robot=1 role=deliver robot_t=4551 completed=479/1000 remaining=521
[2026-04-09 07:22:54] dispatch_end n=488 robot=1 role=deliver success=True elapsed_s=0.18 completed=480/1000 remaining=520
[2026-04-09 07:22:54] dispatch_start n=489 robot=2 role=deliver robot_t=4558 completed=480/1000 remaining=520
[2026-04-09 07:22:55] dispatch_end n=489 robot=2 role=deliver success=True elapsed_s=0.23 completed=481/1000 remaining=519
[2026-04-09 07:22:55] dispatch_start n=490 robot=3 role=deliver robot_t=4562 completed=481/1000 remaining=519
[2026-04-09 07:22:55] dispatch_end n=490 robot=3 role=deliver success=True elapsed_s=0.23 completed=482/1000 remaining=518
[2026-04-09 07:22:55] dispatch_start n=491 robot=4 role=deliver robot_t=4582 completed=482/1000 remaining=518
[2026-04-09 07:22:57] dispatch_end n=491 robot=4 role=deliver success=True elapsed_s=2.35 completed=483/1000 remaining=517
[2026-04-09 07:22:57] dispatch_start n=492 robot=0 role=deliver robot_t=4589 completed=483/1000 remaining=517
[2026-04-09 07:22:57] dispatch_end n=492 robot=0 role=deliver success=True elapsed_s=0.23 completed=484/1000 remaining=516
[2026-04-09 07:22:57] dispatch_start n=493 robot=1 role=deliver robot_t=4608 completed=484/1000 remaining=516
[2026-04-09 07:22:58] dispatch_end n=493 robot=1 role=deliver success=True elapsed_s=0.25 completed=485/1000 remaining=515
[2026-04-09 07:22:58] dispatch_start n=494 robot=2 role=deliver robot_t=4612 completed=485/1000 remaining=515
[2026-04-09 07:22:58] dispatch_end n=494 robot=2 role=deliver success=True elapsed_s=0.24 completed=486/1000 remaining=514
[2026-04-09 07:22:58] dispatch_start n=495 robot=3 role=deliver robot_t=4628 completed=486/1000 remaining=514
[2026-04-09 07:22:58] dispatch_end n=495 robot=3 role=deliver success=True elapsed_s=0.24 completed=487/1000 remaining=513
[2026-04-09 07:22:58] dispatch_start n=496 robot=0 role=deliver robot_t=4638 completed=487/1000 remaining=513
[2026-04-09 07:22:58] dispatch_end n=496 robot=0 role=deliver success=True elapsed_s=0.23 completed=488/1000 remaining=512
[2026-04-09 07:22:58] dispatch_start n=497 robot=4 role=deliver robot_t=4638 completed=488/1000 remaining=512
[2026-04-09 07:22:59] dispatch_end n=497 robot=4 role=deliver success=True elapsed_s=0.23 completed=489/1000 remaining=511
[2026-04-09 07:22:59] dispatch_start n=498 robot=1 role=deliver robot_t=4661 completed=489/1000 remaining=511
[2026-04-09 07:22:59] dispatch_end n=498 robot=1 role=deliver success=True elapsed_s=0.21 completed=490/1000 remaining=510
[2026-04-09 07:22:59] dispatch_start n=499 robot=2 role=deliver robot_t=4680 completed=490/1000 remaining=510
[2026-04-09 07:22:59] dispatch_end n=499 robot=2 role=deliver success=True elapsed_s=0.23 completed=491/1000 remaining=509
[2026-04-09 07:22:59] dispatch_start n=500 robot=4 role=deliver robot_t=4693 completed=491/1000 remaining=509
[2026-04-09 07:22:59] dispatch_end n=500 robot=4 role=deliver success=True elapsed_s=0.19 completed=492/1000 remaining=508
[2026-04-09 07:22:59] dispatch_start n=501 robot=3 role=deliver robot_t=4694 completed=492/1000 remaining=508
[2026-04-09 07:22:59] dispatch_end n=501 robot=3 role=deliver success=True elapsed_s=0.27 completed=493/1000 remaining=507
[2026-04-09 07:22:59] dispatch_start n=502 robot=0 role=deliver robot_t=4695 completed=493/1000 remaining=507
[2026-04-09 07:23:00] dispatch_end n=502 robot=0 role=deliver success=True elapsed_s=0.24 completed=494/1000 remaining=506
[2026-04-09 07:23:00] dispatch_start n=503 robot=1 role=deliver robot_t=4722 completed=494/1000 remaining=506
[2026-04-09 07:23:02] dispatch_end n=503 robot=1 role=deliver success=True elapsed_s=2.44 completed=495/1000 remaining=505
[2026-04-09 07:23:02] dispatch_start n=504 robot=2 role=deliver robot_t=4731 completed=495/1000 remaining=505
[2026-04-09 07:23:02] dispatch_end n=504 robot=2 role=deliver success=True elapsed_s=0.24 completed=496/1000 remaining=504
[2026-04-09 07:23:02] dispatch_start n=505 robot=3 role=deliver robot_t=4743 completed=496/1000 remaining=504
[2026-04-09 07:23:03] dispatch_end n=505 robot=3 role=deliver success=True elapsed_s=0.24 completed=497/1000 remaining=503
[2026-04-09 07:23:03] dispatch_start n=506 robot=4 role=deliver robot_t=4744 completed=497/1000 remaining=503
[2026-04-09 07:23:03] dispatch_end n=506 robot=4 role=deliver success=True elapsed_s=0.23 completed=498/1000 remaining=502
[2026-04-09 07:23:03] dispatch_start n=507 robot=0 role=deliver robot_t=4768 completed=498/1000 remaining=502
[2026-04-09 07:23:03] dispatch_end n=507 robot=0 role=deliver success=True elapsed_s=0.23 completed=499/1000 remaining=501
[2026-04-09 07:23:03] dispatch_start n=508 robot=1 role=deliver robot_t=4778 completed=499/1000 remaining=501
[2026-04-09 07:23:03] dispatch_end n=508 robot=1 role=deliver success=True elapsed_s=0.24 completed=500/1000 remaining=500
[2026-04-09 07:23:03] progress completed=500/1000 makespan=4830 dispatches=508
[2026-04-09 07:23:03] dispatch_start n=509 robot=2 role=deliver robot_t=4782 completed=500/1000 remaining=500
[2026-04-09 07:23:04] dispatch_end n=509 robot=2 role=deliver success=True elapsed_s=0.23 completed=501/1000 remaining=499
[2026-04-09 07:23:04] dispatch_start n=510 robot=3 role=deliver robot_t=4793 completed=501/1000 remaining=499
[2026-04-09 07:23:04] dispatch_end n=510 robot=3 role=deliver success=True elapsed_s=0.25 completed=502/1000 remaining=498
[2026-04-09 07:23:04] dispatch_start n=511 robot=4 role=deliver robot_t=4796 completed=502/1000 remaining=498
[2026-04-09 07:23:04] dispatch_end n=511 robot=4 role=deliver success=True elapsed_s=0.19 completed=503/1000 remaining=497
[2026-04-09 07:23:04] dispatch_start n=512 robot=0 role=deliver robot_t=4823 completed=503/1000 remaining=497
[2026-04-09 07:23:04] dispatch_end n=512 robot=0 role=deliver success=True elapsed_s=0.24 completed=504/1000 remaining=496
[2026-04-09 07:23:04] dispatch_start n=513 robot=1 role=deliver robot_t=4830 completed=504/1000 remaining=496
[2026-04-09 07:23:04] dispatch_end n=513 robot=1 role=deliver success=True elapsed_s=0.24 completed=505/1000 remaining=495
[2026-04-09 07:23:04] dispatch_start n=514 robot=2 role=deliver robot_t=4838 completed=505/1000 remaining=495
[2026-04-09 07:23:05] dispatch_end n=514 robot=2 role=deliver success=True elapsed_s=0.25 completed=506/1000 remaining=494
[2026-04-09 07:23:05] dispatch_start n=515 robot=4 role=deliver robot_t=4847 completed=506/1000 remaining=494
[2026-04-09 07:23:05] dispatch_end n=515 robot=4 role=deliver success=True elapsed_s=0.24 completed=507/1000 remaining=493
[2026-04-09 07:23:05] dispatch_start n=516 robot=3 role=deliver robot_t=4862 completed=507/1000 remaining=493
[2026-04-09 07:23:05] dispatch_end n=516 robot=3 role=deliver success=True elapsed_s=0.26 completed=508/1000 remaining=492
[2026-04-09 07:23:05] dispatch_start n=517 robot=0 role=deliver robot_t=4877 completed=508/1000 remaining=492
[2026-04-09 07:23:05] dispatch_end n=517 robot=0 role=deliver success=True elapsed_s=0.24 completed=509/1000 remaining=491
[2026-04-09 07:23:05] dispatch_start n=518 robot=1 role=deliver robot_t=4884 completed=509/1000 remaining=491
[2026-04-09 07:23:06] dispatch_end n=518 robot=1 role=deliver success=True elapsed_s=0.25 completed=510/1000 remaining=490
[2026-04-09 07:23:06] dispatch_start n=519 robot=2 role=deliver robot_t=4891 completed=510/1000 remaining=490
[2026-04-09 07:23:06] dispatch_end n=519 robot=2 role=deliver success=True elapsed_s=0.26 completed=511/1000 remaining=489
[2026-04-09 07:23:06] dispatch_start n=520 robot=4 role=deliver robot_t=4900 completed=511/1000 remaining=489
[2026-04-09 07:23:08] dispatch_end n=520 robot=4 role=deliver success=True elapsed_s=2.44 completed=512/1000 remaining=488
[2026-04-09 07:23:08] dispatch_start n=521 robot=3 role=deliver robot_t=4930 completed=512/1000 remaining=488
[2026-04-09 07:23:09] dispatch_end n=521 robot=3 role=deliver success=True elapsed_s=0.24 completed=513/1000 remaining=487
[2026-04-09 07:23:09] dispatch_start n=522 robot=0 role=deliver robot_t=4933 completed=513/1000 remaining=487
[2026-04-09 07:23:09] dispatch_end n=522 robot=0 role=deliver success=True elapsed_s=0.24 completed=514/1000 remaining=486
[2026-04-09 07:23:09] dispatch_start n=523 robot=1 role=deliver robot_t=4935 completed=514/1000 remaining=486
[2026-04-09 07:23:09] dispatch_end n=523 robot=1 role=deliver success=True elapsed_s=0.19 completed=515/1000 remaining=485
[2026-04-09 07:23:09] dispatch_start n=524 robot=2 role=deliver robot_t=4940 completed=515/1000 remaining=485
[2026-04-09 07:23:09] dispatch_end n=524 robot=2 role=deliver success=True elapsed_s=0.24 completed=516/1000 remaining=484
[2026-04-09 07:23:09] dispatch_start n=525 robot=4 role=deliver robot_t=4962 completed=516/1000 remaining=484
[2026-04-09 07:23:10] dispatch_end n=525 robot=4 role=deliver success=True elapsed_s=0.24 completed=517/1000 remaining=483
[2026-04-09 07:23:10] dispatch_start n=526 robot=1 role=deliver robot_t=4986 completed=517/1000 remaining=483
[2026-04-09 07:23:10] dispatch_end n=526 robot=1 role=deliver success=True elapsed_s=0.24 completed=518/1000 remaining=482
[2026-04-09 07:23:10] dispatch_start n=527 robot=3 role=deliver robot_t=4986 completed=518/1000 remaining=482
[2026-04-09 07:23:10] dispatch_end n=527 robot=3 role=deliver success=True elapsed_s=0.24 completed=519/1000 remaining=481
[2026-04-09 07:23:10] dispatch_start n=528 robot=0 role=deliver robot_t=4991 completed=519/1000 remaining=481
[2026-04-09 07:23:10] dispatch_end n=528 robot=0 role=deliver success=True elapsed_s=0.24 completed=520/1000 remaining=480
[2026-04-09 07:23:10] dispatch_start n=529 robot=2 role=deliver robot_t=5007 completed=520/1000 remaining=480
[2026-04-09 07:23:10] dispatch_end n=529 robot=2 role=deliver success=True elapsed_s=0.24 completed=521/1000 remaining=479
[2026-04-09 07:23:10] dispatch_start n=530 robot=4 role=deliver robot_t=5015 completed=521/1000 remaining=479
[2026-04-09 07:23:11] dispatch_end n=530 robot=4 role=deliver success=True elapsed_s=0.24 completed=522/1000 remaining=478
[2026-04-09 07:23:11] dispatch_start n=531 robot=3 role=deliver robot_t=5037 completed=522/1000 remaining=478
[2026-04-09 07:23:11] dispatch_end n=531 robot=3 role=deliver success=True elapsed_s=0.25 completed=523/1000 remaining=477
[2026-04-09 07:23:11] dispatch_start n=532 robot=1 role=deliver robot_t=5051 completed=523/1000 remaining=477
[2026-04-09 07:23:11] dispatch_end n=532 robot=1 role=deliver success=True elapsed_s=0.24 completed=524/1000 remaining=476
[2026-04-09 07:23:11] dispatch_start n=533 robot=0 role=deliver robot_t=5053 completed=524/1000 remaining=476
[2026-04-09 07:23:11] dispatch_end n=533 robot=0 role=deliver success=True elapsed_s=0.23 completed=525/1000 remaining=475
[2026-04-09 07:23:11] dispatch_start n=534 robot=2 role=deliver robot_t=5060 completed=525/1000 remaining=475
[2026-04-09 07:23:12] dispatch_end n=534 robot=2 role=deliver success=True elapsed_s=0.23 completed=526/1000 remaining=474
[2026-04-09 07:23:12] dispatch_start n=535 robot=4 role=deliver robot_t=5063 completed=526/1000 remaining=474
[2026-04-09 07:23:12] dispatch_end n=535 robot=4 role=deliver success=True elapsed_s=0.19 completed=527/1000 remaining=473
[2026-04-09 07:23:12] dispatch_start n=536 robot=3 role=deliver robot_t=5092 completed=527/1000 remaining=473
[2026-04-09 07:23:12] dispatch_end n=536 robot=3 role=deliver success=True elapsed_s=0.25 completed=528/1000 remaining=472
[2026-04-09 07:23:12] dispatch_start n=537 robot=1 role=deliver robot_t=5105 completed=528/1000 remaining=472
[2026-04-09 07:23:12] dispatch_end n=537 robot=1 role=deliver success=True elapsed_s=0.20 completed=529/1000 remaining=471
[2026-04-09 07:23:12] dispatch_start n=538 robot=2 role=deliver robot_t=5115 completed=529/1000 remaining=471
[2026-04-09 07:23:13] dispatch_end n=538 robot=2 role=deliver success=True elapsed_s=0.24 completed=530/1000 remaining=470
[2026-04-09 07:23:13] dispatch_start n=539 robot=0 role=deliver robot_t=5116 completed=530/1000 remaining=470
[2026-04-09 07:23:13] dispatch_end n=539 robot=0 role=deliver success=True elapsed_s=0.28 completed=531/1000 remaining=469
[2026-04-09 07:23:13] dispatch_start n=540 robot=4 role=deliver robot_t=5118 completed=531/1000 remaining=469
[2026-04-09 07:23:13] dispatch_end n=540 robot=4 role=deliver success=True elapsed_s=0.25 completed=532/1000 remaining=468
[2026-04-09 07:23:13] dispatch_start n=541 robot=1 role=deliver robot_t=5154 completed=532/1000 remaining=468
[2026-04-09 07:23:13] dispatch_end n=541 robot=1 role=deliver success=True elapsed_s=0.24 completed=533/1000 remaining=467
[2026-04-09 07:23:13] dispatch_start n=542 robot=3 role=deliver robot_t=5154 completed=533/1000 remaining=467
[2026-04-09 07:23:14] dispatch_end n=542 robot=3 role=deliver success=True elapsed_s=0.25 completed=534/1000 remaining=466
[2026-04-09 07:23:14] dispatch_start n=543 robot=2 role=deliver robot_t=5165 completed=534/1000 remaining=466
[2026-04-09 07:23:14] dispatch_end n=543 robot=2 role=deliver success=True elapsed_s=0.24 completed=535/1000 remaining=465
[2026-04-09 07:23:14] dispatch_start n=544 robot=4 role=deliver robot_t=5168 completed=535/1000 remaining=465
[2026-04-09 07:23:14] dispatch_end n=544 robot=4 role=deliver success=True elapsed_s=0.21 completed=536/1000 remaining=464
[2026-04-09 07:23:14] dispatch_start n=545 robot=0 role=deliver robot_t=5182 completed=536/1000 remaining=464
[2026-04-09 07:23:14] dispatch_end n=545 robot=0 role=deliver success=True elapsed_s=0.27 completed=537/1000 remaining=463
[2026-04-09 07:23:14] dispatch_start n=546 robot=2 role=deliver robot_t=5214 completed=537/1000 remaining=463
[2026-04-09 07:23:14] dispatch_end n=546 robot=2 role=deliver success=True elapsed_s=0.24 completed=538/1000 remaining=462
[2026-04-09 07:23:14] dispatch_start n=547 robot=1 role=deliver robot_t=5219 completed=538/1000 remaining=462
[2026-04-09 07:23:15] dispatch_end n=547 robot=1 role=deliver success=True elapsed_s=0.24 completed=539/1000 remaining=461
[2026-04-09 07:23:15] dispatch_start n=548 robot=3 role=deliver robot_t=5219 completed=539/1000 remaining=461
[2026-04-09 07:23:15] dispatch_end n=548 robot=3 role=deliver success=True elapsed_s=0.24 completed=540/1000 remaining=460
[2026-04-09 07:23:15] dispatch_start n=549 robot=0 role=deliver robot_t=5246 completed=540/1000 remaining=460
[2026-04-09 07:23:15] dispatch_end n=549 robot=0 role=deliver success=True elapsed_s=0.24 completed=541/1000 remaining=459
[2026-04-09 07:23:15] dispatch_start n=550 robot=4 role=deliver robot_t=5261 completed=541/1000 remaining=459
[2026-04-09 07:23:15] dispatch_end n=550 robot=4 role=deliver success=True elapsed_s=0.23 completed=542/1000 remaining=458
[2026-04-09 07:23:15] dispatch_start n=551 robot=1 role=deliver robot_t=5269 completed=542/1000 remaining=458
[2026-04-09 07:23:16] dispatch_end n=551 robot=1 role=deliver success=True elapsed_s=0.24 completed=543/1000 remaining=457
[2026-04-09 07:23:16] dispatch_start n=552 robot=2 role=deliver robot_t=5273 completed=543/1000 remaining=457
[2026-04-09 07:23:16] dispatch_end n=552 robot=2 role=deliver success=True elapsed_s=0.24 completed=544/1000 remaining=456
[2026-04-09 07:23:16] dispatch_start n=553 robot=3 role=deliver robot_t=5289 completed=544/1000 remaining=456
[2026-04-09 07:23:16] dispatch_end n=553 robot=3 role=deliver success=True elapsed_s=0.24 completed=545/1000 remaining=455
[2026-04-09 07:23:16] dispatch_start n=554 robot=0 role=deliver robot_t=5300 completed=545/1000 remaining=455
[2026-04-09 07:23:16] dispatch_end n=554 robot=0 role=deliver success=True elapsed_s=0.24 completed=546/1000 remaining=454
[2026-04-09 07:23:16] dispatch_start n=555 robot=4 role=deliver robot_t=5314 completed=546/1000 remaining=454
[2026-04-09 07:23:17] dispatch_end n=555 robot=4 role=deliver success=True elapsed_s=0.24 completed=547/1000 remaining=453
[2026-04-09 07:23:17] dispatch_start n=556 robot=2 role=deliver robot_t=5327 completed=547/1000 remaining=453
[2026-04-09 07:23:17] dispatch_end n=556 robot=2 role=deliver success=True elapsed_s=0.24 completed=548/1000 remaining=452
[2026-04-09 07:23:17] dispatch_start n=557 robot=1 role=deliver robot_t=5331 completed=548/1000 remaining=452
[2026-04-09 07:23:17] dispatch_end n=557 robot=1 role=deliver success=True elapsed_s=0.26 completed=549/1000 remaining=451
[2026-04-09 07:23:17] dispatch_start n=558 robot=3 role=deliver robot_t=5351 completed=549/1000 remaining=451
[2026-04-09 07:23:17] dispatch_end n=558 robot=3 role=deliver success=True elapsed_s=0.24 completed=550/1000 remaining=450
[2026-04-09 07:23:17] progress completed=550/1000 makespan=5406 dispatches=558
[2026-04-09 07:23:17] dispatch_start n=559 robot=0 role=deliver robot_t=5360 completed=550/1000 remaining=450
[2026-04-09 07:23:18] dispatch_end n=559 robot=0 role=deliver success=True elapsed_s=0.24 completed=551/1000 remaining=449
[2026-04-09 07:23:18] dispatch_start n=560 robot=4 role=deliver robot_t=5377 completed=551/1000 remaining=449
[2026-04-09 07:23:18] dispatch_end n=560 robot=4 role=deliver success=True elapsed_s=0.24 completed=552/1000 remaining=448
[2026-04-09 07:23:18] dispatch_start n=561 robot=1 role=deliver robot_t=5385 completed=552/1000 remaining=448
[2026-04-09 07:23:18] dispatch_end n=561 robot=1 role=deliver success=True elapsed_s=0.24 completed=553/1000 remaining=447
[2026-04-09 07:23:18] dispatch_start n=562 robot=2 role=deliver robot_t=5385 completed=553/1000 remaining=447
[2026-04-09 07:23:18] dispatch_end n=562 robot=2 role=deliver success=True elapsed_s=0.24 completed=554/1000 remaining=446
[2026-04-09 07:23:18] dispatch_start n=563 robot=3 role=deliver robot_t=5406 completed=554/1000 remaining=446
[2026-04-09 07:23:19] dispatch_end n=563 robot=3 role=deliver success=True elapsed_s=0.24 completed=555/1000 remaining=445
[2026-04-09 07:23:19] dispatch_start n=564 robot=0 role=deliver robot_t=5414 completed=555/1000 remaining=445
[2026-04-09 07:23:19] dispatch_end n=564 robot=0 role=deliver success=True elapsed_s=0.24 completed=556/1000 remaining=444
[2026-04-09 07:23:19] dispatch_start n=565 robot=1 role=deliver robot_t=5435 completed=556/1000 remaining=444
[2026-04-09 07:23:19] dispatch_end n=565 robot=1 role=deliver success=True elapsed_s=0.23 completed=557/1000 remaining=443
[2026-04-09 07:23:19] dispatch_start n=566 robot=2 role=deliver robot_t=5438 completed=557/1000 remaining=443
[2026-04-09 07:23:19] dispatch_end n=566 robot=2 role=deliver success=True elapsed_s=0.24 completed=558/1000 remaining=442
[2026-04-09 07:23:19] dispatch_start n=567 robot=4 role=deliver robot_t=5445 completed=558/1000 remaining=442
[2026-04-09 07:23:20] dispatch_end n=567 robot=4 role=deliver success=True elapsed_s=0.24 completed=559/1000 remaining=441
[2026-04-09 07:23:20] dispatch_start n=568 robot=3 role=deliver robot_t=5459 completed=559/1000 remaining=441
[2026-04-09 07:23:20] dispatch_end n=568 robot=3 role=deliver success=True elapsed_s=0.24 completed=560/1000 remaining=440
[2026-04-09 07:23:20] dispatch_start n=569 robot=0 role=deliver robot_t=5469 completed=560/1000 remaining=440
[2026-04-09 07:23:20] dispatch_end n=569 robot=0 role=deliver success=True elapsed_s=0.24 completed=561/1000 remaining=439
[2026-04-09 07:23:20] dispatch_start n=570 robot=1 role=deliver robot_t=5488 completed=561/1000 remaining=439
[2026-04-09 07:23:22] dispatch_end n=570 robot=1 role=deliver success=True elapsed_s=2.39 completed=562/1000 remaining=438
[2026-04-09 07:23:22] dispatch_start n=571 robot=4 role=deliver robot_t=5495 completed=562/1000 remaining=438
[2026-04-09 07:23:23] dispatch_end n=571 robot=4 role=deliver success=True elapsed_s=0.26 completed=563/1000 remaining=437
[2026-04-09 07:23:23] dispatch_start n=572 robot=2 role=deliver robot_t=5509 completed=563/1000 remaining=437
[2026-04-09 07:23:23] dispatch_end n=572 robot=2 role=deliver success=True elapsed_s=0.25 completed=564/1000 remaining=436
[2026-04-09 07:23:23] dispatch_start n=573 robot=3 role=deliver robot_t=5513 completed=564/1000 remaining=436
[2026-04-09 07:23:23] dispatch_end n=573 robot=3 role=deliver success=True elapsed_s=0.24 completed=565/1000 remaining=435
[2026-04-09 07:23:23] dispatch_start n=574 robot=1 role=deliver robot_t=5535 completed=565/1000 remaining=435
[2026-04-09 07:23:23] dispatch_end n=574 robot=1 role=deliver success=True elapsed_s=0.19 completed=566/1000 remaining=434
[2026-04-09 07:23:23] dispatch_start n=575 robot=0 role=deliver robot_t=5561 completed=566/1000 remaining=434
[2026-04-09 07:23:24] dispatch_end n=575 robot=0 role=deliver success=True elapsed_s=0.25 completed=567/1000 remaining=433
[2026-04-09 07:23:24] dispatch_start n=576 robot=2 role=deliver robot_t=5564 completed=567/1000 remaining=433
[2026-04-09 07:23:24] dispatch_end n=576 robot=2 role=deliver success=True elapsed_s=0.25 completed=568/1000 remaining=432
[2026-04-09 07:23:24] dispatch_start n=577 robot=3 role=deliver robot_t=5565 completed=568/1000 remaining=432
[2026-04-09 07:23:24] dispatch_end n=577 robot=3 role=deliver success=True elapsed_s=0.25 completed=569/1000 remaining=431
[2026-04-09 07:23:24] dispatch_start n=578 robot=4 role=deliver robot_t=5568 completed=569/1000 remaining=431
[2026-04-09 07:23:24] dispatch_end n=578 robot=4 role=deliver success=True elapsed_s=0.26 completed=570/1000 remaining=430
[2026-04-09 07:23:24] dispatch_start n=579 robot=1 role=deliver robot_t=5592 completed=570/1000 remaining=430
[2026-04-09 07:23:25] dispatch_end n=579 robot=1 role=deliver success=True elapsed_s=0.25 completed=571/1000 remaining=429
[2026-04-09 07:23:25] dispatch_start n=580 robot=0 role=deliver robot_t=5621 completed=571/1000 remaining=429
[2026-04-09 07:23:25] dispatch_end n=580 robot=0 role=deliver success=True elapsed_s=0.26 completed=572/1000 remaining=428
[2026-04-09 07:23:25] dispatch_start n=581 robot=2 role=deliver robot_t=5621 completed=572/1000 remaining=428
[2026-04-09 07:23:25] dispatch_end n=581 robot=2 role=deliver success=True elapsed_s=0.25 completed=573/1000 remaining=427
[2026-04-09 07:23:25] dispatch_start n=582 robot=4 role=deliver robot_t=5633 completed=573/1000 remaining=427
[2026-04-09 07:23:25] dispatch_end n=582 robot=4 role=deliver success=True elapsed_s=0.26 completed=574/1000 remaining=426
[2026-04-09 07:23:25] dispatch_start n=583 robot=1 role=deliver robot_t=5644 completed=574/1000 remaining=426
[2026-04-09 07:23:26] dispatch_end n=583 robot=1 role=deliver success=True elapsed_s=0.20 completed=575/1000 remaining=425
[2026-04-09 07:23:26] dispatch_start n=584 robot=3 role=deliver robot_t=5644 completed=575/1000 remaining=425
[2026-04-09 07:23:26] dispatch_end n=584 robot=3 role=deliver success=True elapsed_s=0.25 completed=576/1000 remaining=424
[2026-04-09 07:23:26] dispatch_start n=585 robot=2 role=deliver robot_t=5680 completed=576/1000 remaining=424
[2026-04-09 07:23:26] dispatch_end n=585 robot=2 role=deliver success=True elapsed_s=0.25 completed=577/1000 remaining=423
[2026-04-09 07:23:26] dispatch_start n=586 robot=4 role=deliver robot_t=5692 completed=577/1000 remaining=423
[2026-04-09 07:23:26] dispatch_end n=586 robot=4 role=deliver success=True elapsed_s=0.26 completed=578/1000 remaining=422
[2026-04-09 07:23:26] dispatch_start n=587 robot=3 role=deliver robot_t=5701 completed=578/1000 remaining=422
[2026-04-09 07:23:27] dispatch_end n=587 robot=3 role=deliver success=True elapsed_s=0.25 completed=579/1000 remaining=421
[2026-04-09 07:23:27] dispatch_start n=588 robot=0 role=deliver robot_t=5704 completed=579/1000 remaining=421
[2026-04-09 07:23:27] dispatch_end n=588 robot=0 role=deliver success=True elapsed_s=0.25 completed=580/1000 remaining=420
[2026-04-09 07:23:27] dispatch_start n=589 robot=1 role=deliver robot_t=5714 completed=580/1000 remaining=420
[2026-04-09 07:23:27] dispatch_end n=589 robot=1 role=deliver success=True elapsed_s=0.25 completed=581/1000 remaining=419
[2026-04-09 07:23:27] dispatch_start n=590 robot=2 role=deliver robot_t=5740 completed=581/1000 remaining=419
[2026-04-09 07:23:27] dispatch_end n=590 robot=2 role=deliver success=True elapsed_s=0.25 completed=582/1000 remaining=418
[2026-04-09 07:23:27] dispatch_start n=591 robot=4 role=deliver robot_t=5757 completed=582/1000 remaining=418
[2026-04-09 07:23:28] dispatch_end n=591 robot=4 role=deliver success=True elapsed_s=0.27 completed=583/1000 remaining=417
[2026-04-09 07:23:28] dispatch_start n=592 robot=3 role=deliver robot_t=5762 completed=583/1000 remaining=417
[2026-04-09 07:23:28] dispatch_end n=592 robot=3 role=deliver success=True elapsed_s=0.26 completed=584/1000 remaining=416
[2026-04-09 07:23:28] dispatch_start n=593 robot=0 role=deliver robot_t=5769 completed=584/1000 remaining=416
[2026-04-09 07:23:28] dispatch_end n=593 robot=0 role=deliver success=True elapsed_s=0.26 completed=585/1000 remaining=415
[2026-04-09 07:23:28] dispatch_start n=594 robot=1 role=deliver robot_t=5784 completed=585/1000 remaining=415
[2026-04-09 07:23:28] dispatch_end n=594 robot=1 role=deliver success=True elapsed_s=0.25 completed=586/1000 remaining=414
[2026-04-09 07:23:28] dispatch_start n=595 robot=2 role=deliver robot_t=5800 completed=586/1000 remaining=414
[2026-04-09 07:23:29] dispatch_end n=595 robot=2 role=deliver success=True elapsed_s=0.26 completed=587/1000 remaining=413
[2026-04-09 07:23:29] dispatch_start n=596 robot=3 role=deliver robot_t=5817 completed=587/1000 remaining=413
[2026-04-09 07:23:29] dispatch_end n=596 robot=3 role=deliver success=True elapsed_s=0.25 completed=588/1000 remaining=412
[2026-04-09 07:23:29] dispatch_start n=597 robot=4 role=deliver robot_t=5822 completed=588/1000 remaining=412
[2026-04-09 07:23:29] dispatch_end n=597 robot=4 role=deliver success=True elapsed_s=0.27 completed=589/1000 remaining=411
[2026-04-09 07:23:29] dispatch_start n=598 robot=1 role=deliver robot_t=5841 completed=589/1000 remaining=411
[2026-04-09 07:23:29] dispatch_end n=598 robot=1 role=deliver success=True elapsed_s=0.26 completed=590/1000 remaining=410
[2026-04-09 07:23:29] dispatch_start n=599 robot=0 role=deliver robot_t=5847 completed=590/1000 remaining=410
[2026-04-09 07:23:34] dispatch_end n=599 robot=0 role=deliver success=True elapsed_s=4.41 completed=591/1000 remaining=409
[2026-04-09 07:23:34] dispatch_start n=600 robot=2 role=deliver robot_t=5862 completed=591/1000 remaining=409
[2026-04-09 07:23:34] dispatch_end n=600 robot=2 role=deliver success=True elapsed_s=0.25 completed=592/1000 remaining=408
[2026-04-09 07:23:34] dispatch_start n=601 robot=3 role=deliver robot_t=5869 completed=592/1000 remaining=408
[2026-04-09 07:23:34] dispatch_end n=601 robot=3 role=deliver success=True elapsed_s=0.25 completed=593/1000 remaining=407
[2026-04-09 07:23:34] dispatch_start n=602 robot=0 role=deliver robot_t=5896 completed=593/1000 remaining=407
[2026-04-09 07:23:35] dispatch_end n=602 robot=0 role=deliver success=True elapsed_s=0.20 completed=594/1000 remaining=406
[2026-04-09 07:23:35] dispatch_start n=603 robot=4 role=deliver robot_t=5897 completed=594/1000 remaining=406
[2026-04-09 07:23:35] dispatch_end n=603 robot=4 role=deliver success=True elapsed_s=0.26 completed=595/1000 remaining=405
[2026-04-09 07:23:35] dispatch_start n=604 robot=1 role=deliver robot_t=5902 completed=595/1000 remaining=405
[2026-04-09 07:23:35] dispatch_end n=604 robot=1 role=deliver success=True elapsed_s=0.25 completed=596/1000 remaining=404
[2026-04-09 07:23:35] dispatch_start n=605 robot=2 role=deliver robot_t=5935 completed=596/1000 remaining=404
[2026-04-09 07:23:35] dispatch_end n=605 robot=2 role=deliver success=True elapsed_s=0.25 completed=597/1000 remaining=403
[2026-04-09 07:23:35] dispatch_start n=606 robot=3 role=deliver robot_t=5941 completed=597/1000 remaining=403
[2026-04-09 07:23:36] dispatch_end n=606 robot=3 role=deliver success=True elapsed_s=0.25 completed=598/1000 remaining=402
[2026-04-09 07:23:36] dispatch_start n=607 robot=0 role=deliver robot_t=5943 completed=598/1000 remaining=402
[2026-04-09 07:23:38] dispatch_end n=607 robot=0 role=deliver success=True elapsed_s=2.38 completed=599/1000 remaining=401
[2026-04-09 07:23:38] dispatch_start n=608 robot=1 role=deliver robot_t=5961 completed=599/1000 remaining=401
[2026-04-09 07:23:38] dispatch_end n=608 robot=1 role=deliver success=True elapsed_s=0.26 completed=600/1000 remaining=400
[2026-04-09 07:23:38] progress completed=600/1000 makespan=6028 dispatches=608
[2026-04-09 07:23:38] dispatch_start n=609 robot=4 role=deliver robot_t=5966 completed=600/1000 remaining=400
[2026-04-09 07:23:38] dispatch_end n=609 robot=4 role=deliver success=True elapsed_s=0.25 completed=601/1000 remaining=399
[2026-04-09 07:23:38] dispatch_start n=610 robot=3 role=deliver robot_t=5985 completed=601/1000 remaining=399
[2026-04-09 07:23:39] dispatch_end n=610 robot=3 role=deliver success=True elapsed_s=0.26 completed=602/1000 remaining=398
[2026-04-09 07:23:39] dispatch_start n=611 robot=0 role=deliver robot_t=5994 completed=602/1000 remaining=398
[2026-04-09 07:23:39] dispatch_end n=611 robot=0 role=deliver success=True elapsed_s=0.20 completed=603/1000 remaining=397
[2026-04-09 07:23:39] dispatch_start n=612 robot=2 role=deliver robot_t=6002 completed=603/1000 remaining=397
[2026-04-09 07:23:39] dispatch_end n=612 robot=2 role=deliver success=True elapsed_s=0.27 completed=604/1000 remaining=396
[2026-04-09 07:23:39] dispatch_start n=613 robot=1 role=deliver robot_t=6028 completed=604/1000 remaining=396
[2026-04-09 07:23:39] dispatch_end n=613 robot=1 role=deliver success=True elapsed_s=0.26 completed=605/1000 remaining=395
[2026-04-09 07:23:39] dispatch_start n=614 robot=4 role=deliver robot_t=6035 completed=605/1000 remaining=395
[2026-04-09 07:23:40] dispatch_end n=614 robot=4 role=deliver success=True elapsed_s=0.27 completed=606/1000 remaining=394
[2026-04-09 07:23:40] dispatch_start n=615 robot=2 role=deliver robot_t=6040 completed=606/1000 remaining=394
[2026-04-09 07:23:40] dispatch_end n=615 robot=2 role=deliver success=True elapsed_s=0.26 completed=607/1000 remaining=393
[2026-04-09 07:23:40] dispatch_start n=616 robot=3 role=deliver robot_t=6040 completed=607/1000 remaining=393
[2026-04-09 07:23:40] dispatch_end n=616 robot=3 role=deliver success=True elapsed_s=0.26 completed=608/1000 remaining=392
[2026-04-09 07:23:40] dispatch_start n=617 robot=0 role=deliver robot_t=6042 completed=608/1000 remaining=392
[2026-04-09 07:23:43] dispatch_end n=617 robot=0 role=deliver success=True elapsed_s=2.30 completed=609/1000 remaining=391
[2026-04-09 07:23:43] dispatch_start n=618 robot=1 role=deliver robot_t=6083 completed=609/1000 remaining=391
[2026-04-09 07:23:43] dispatch_end n=618 robot=1 role=deliver success=True elapsed_s=0.25 completed=610/1000 remaining=390
[2026-04-09 07:23:43] dispatch_start n=619 robot=2 role=deliver robot_t=6093 completed=610/1000 remaining=390
[2026-04-09 07:23:43] dispatch_end n=619 robot=2 role=deliver success=True elapsed_s=0.27 completed=611/1000 remaining=389
[2026-04-09 07:23:43] dispatch_start n=620 robot=4 role=deliver robot_t=6099 completed=611/1000 remaining=389
[2026-04-09 07:23:43] dispatch_end n=620 robot=4 role=deliver success=True elapsed_s=0.25 completed=612/1000 remaining=388
[2026-04-09 07:23:43] dispatch_start n=621 robot=0 role=deliver robot_t=6101 completed=612/1000 remaining=388
[2026-04-09 07:23:44] dispatch_end n=621 robot=0 role=deliver success=True elapsed_s=0.25 completed=613/1000 remaining=387
[2026-04-09 07:23:44] dispatch_start n=622 robot=3 role=deliver robot_t=6104 completed=613/1000 remaining=387
[2026-04-09 07:23:44] dispatch_end n=622 robot=3 role=deliver success=True elapsed_s=0.27 completed=614/1000 remaining=386
[2026-04-09 07:23:44] dispatch_start n=623 robot=1 role=deliver robot_t=6141 completed=614/1000 remaining=386
[2026-04-09 07:23:44] dispatch_end n=623 robot=1 role=deliver success=True elapsed_s=0.27 completed=615/1000 remaining=385
[2026-04-09 07:23:44] dispatch_start n=624 robot=0 role=deliver robot_t=6152 completed=615/1000 remaining=385
[2026-04-09 07:23:44] dispatch_end n=624 robot=0 role=deliver success=True elapsed_s=0.26 completed=616/1000 remaining=384
[2026-04-09 07:23:44] dispatch_start n=625 robot=2 role=deliver robot_t=6157 completed=616/1000 remaining=384
[2026-04-09 07:23:45] dispatch_end n=625 robot=2 role=deliver success=True elapsed_s=0.27 completed=617/1000 remaining=383
[2026-04-09 07:23:45] dispatch_start n=626 robot=3 role=deliver robot_t=6169 completed=617/1000 remaining=383
[2026-04-09 07:23:45] dispatch_end n=626 robot=3 role=deliver success=True elapsed_s=0.28 completed=618/1000 remaining=382
[2026-04-09 07:23:45] dispatch_start n=627 robot=4 role=deliver robot_t=6188 completed=618/1000 remaining=382
[2026-04-09 07:23:45] dispatch_end n=627 robot=4 role=deliver success=True elapsed_s=0.28 completed=619/1000 remaining=381
[2026-04-09 07:23:45] dispatch_start n=628 robot=1 role=deliver robot_t=6203 completed=619/1000 remaining=381
[2026-04-09 07:23:45] dispatch_end n=628 robot=1 role=deliver success=True elapsed_s=0.26 completed=620/1000 remaining=380
[2026-04-09 07:23:45] dispatch_start n=629 robot=0 role=deliver robot_t=6208 completed=620/1000 remaining=380
[2026-04-09 07:23:46] dispatch_end n=629 robot=0 role=deliver success=True elapsed_s=0.26 completed=621/1000 remaining=379
[2026-04-09 07:23:46] dispatch_start n=630 robot=2 role=deliver robot_t=6221 completed=621/1000 remaining=379
[2026-04-09 07:23:46] dispatch_end n=630 robot=2 role=deliver success=True elapsed_s=0.27 completed=622/1000 remaining=378
[2026-04-09 07:23:46] dispatch_start n=631 robot=3 role=deliver robot_t=6229 completed=622/1000 remaining=378
[2026-04-09 07:23:48] dispatch_end n=631 robot=3 role=deliver success=True elapsed_s=2.40 completed=623/1000 remaining=377
[2026-04-09 07:23:48] dispatch_start n=632 robot=0 role=deliver robot_t=6259 completed=623/1000 remaining=377
[2026-04-09 07:23:49] dispatch_end n=632 robot=0 role=deliver success=True elapsed_s=0.26 completed=624/1000 remaining=376
[2026-04-09 07:23:49] dispatch_start n=633 robot=1 role=deliver robot_t=6264 completed=624/1000 remaining=376
[2026-04-09 07:23:49] dispatch_end n=633 robot=1 role=deliver success=True elapsed_s=0.28 completed=625/1000 remaining=375
[2026-04-09 07:23:49] dispatch_start n=634 robot=4 role=deliver robot_t=6269 completed=625/1000 remaining=375
[2026-04-09 07:23:49] dispatch_end n=634 robot=4 role=deliver success=True elapsed_s=0.26 completed=626/1000 remaining=374
[2026-04-09 07:23:49] dispatch_start n=635 robot=3 role=deliver robot_t=6277 completed=626/1000 remaining=374
[2026-04-09 07:23:49] dispatch_end n=635 robot=3 role=deliver success=True elapsed_s=0.28 completed=627/1000 remaining=373
[2026-04-09 07:23:49] dispatch_start n=636 robot=2 role=deliver robot_t=6289 completed=627/1000 remaining=373
[2026-04-09 07:23:50] dispatch_end n=636 robot=2 role=deliver success=True elapsed_s=0.27 completed=628/1000 remaining=372
[2026-04-09 07:23:50] dispatch_start n=637 robot=0 role=deliver robot_t=6308 completed=628/1000 remaining=372
[2026-04-09 07:23:50] dispatch_end n=637 robot=0 role=deliver success=True elapsed_s=0.28 completed=629/1000 remaining=371
[2026-04-09 07:23:50] dispatch_start n=638 robot=4 role=deliver robot_t=6328 completed=629/1000 remaining=371
[2026-04-09 07:23:50] dispatch_end n=638 robot=4 role=deliver success=True elapsed_s=0.26 completed=630/1000 remaining=370
[2026-04-09 07:23:50] dispatch_start n=639 robot=1 role=deliver robot_t=6329 completed=630/1000 remaining=370
[2026-04-09 07:23:51] dispatch_end n=639 robot=1 role=deliver success=True elapsed_s=0.27 completed=631/1000 remaining=369
[2026-04-09 07:23:51] dispatch_start n=640 robot=3 role=deliver robot_t=6337 completed=631/1000 remaining=369
[2026-04-09 07:23:53] dispatch_end n=640 robot=3 role=deliver success=True elapsed_s=2.39 completed=632/1000 remaining=368
[2026-04-09 07:23:53] dispatch_start n=641 robot=0 role=deliver robot_t=6354 completed=632/1000 remaining=368
[2026-04-09 07:23:53] dispatch_end n=641 robot=0 role=deliver success=True elapsed_s=0.21 completed=633/1000 remaining=367
[2026-04-09 07:23:53] dispatch_start n=642 robot=2 role=deliver robot_t=6368 completed=633/1000 remaining=367
[2026-04-09 07:23:53] dispatch_end n=642 robot=2 role=deliver success=True elapsed_s=0.27 completed=634/1000 remaining=366
[2026-04-09 07:23:53] dispatch_start n=643 robot=4 role=deliver robot_t=6390 completed=634/1000 remaining=366
[2026-04-09 07:23:54] dispatch_end n=643 robot=4 role=deliver success=True elapsed_s=0.27 completed=635/1000 remaining=365
[2026-04-09 07:23:54] dispatch_start n=644 robot=1 role=deliver robot_t=6391 completed=635/1000 remaining=365
[2026-04-09 07:23:54] dispatch_end n=644 robot=1 role=deliver success=True elapsed_s=0.27 completed=636/1000 remaining=364
[2026-04-09 07:23:54] dispatch_start n=645 robot=3 role=deliver robot_t=6392 completed=636/1000 remaining=364
[2026-04-09 07:23:54] dispatch_end n=645 robot=3 role=deliver success=True elapsed_s=0.27 completed=637/1000 remaining=363
[2026-04-09 07:23:54] dispatch_start n=646 robot=0 role=deliver robot_t=6402 completed=637/1000 remaining=363
[2026-04-09 07:23:56] dispatch_end n=646 robot=0 role=deliver success=True elapsed_s=2.25 completed=638/1000 remaining=362
[2026-04-09 07:23:56] dispatch_start n=647 robot=2 role=deliver robot_t=6416 completed=638/1000 remaining=362
[2026-04-09 07:23:57] dispatch_end n=647 robot=2 role=deliver success=True elapsed_s=0.22 completed=639/1000 remaining=361
[2026-04-09 07:23:57] dispatch_start n=648 robot=4 role=deliver robot_t=6441 completed=639/1000 remaining=361
[2026-04-09 07:23:57] dispatch_end n=648 robot=4 role=deliver success=True elapsed_s=0.22 completed=640/1000 remaining=360
[2026-04-09 07:23:57] dispatch_start n=649 robot=1 role=deliver robot_t=6442 completed=640/1000 remaining=360
[2026-04-09 07:23:57] dispatch_end n=649 robot=1 role=deliver success=True elapsed_s=0.26 completed=641/1000 remaining=359
[2026-04-09 07:23:57] dispatch_start n=650 robot=3 role=deliver robot_t=6449 completed=641/1000 remaining=359
[2026-04-09 07:23:59] dispatch_end n=650 robot=3 role=deliver success=True elapsed_s=2.25 completed=642/1000 remaining=358
[2026-04-09 07:23:59] dispatch_start n=651 robot=0 role=deliver robot_t=6457 completed=642/1000 remaining=358
[2026-04-09 07:24:00] dispatch_end n=651 robot=0 role=deliver success=True elapsed_s=0.21 completed=643/1000 remaining=357
[2026-04-09 07:24:00] dispatch_start n=652 robot=2 role=deliver robot_t=6466 completed=643/1000 remaining=357
[2026-04-09 07:24:00] dispatch_end n=652 robot=2 role=deliver success=True elapsed_s=0.27 completed=644/1000 remaining=356
[2026-04-09 07:24:00] dispatch_start n=653 robot=4 role=deliver robot_t=6492 completed=644/1000 remaining=356
[2026-04-09 07:24:02] dispatch_end n=653 robot=4 role=deliver success=True elapsed_s=2.30 completed=645/1000 remaining=355
[2026-04-09 07:24:02] dispatch_start n=654 robot=0 role=deliver robot_t=6508 completed=645/1000 remaining=355
[2026-04-09 07:24:02] dispatch_end n=654 robot=0 role=deliver success=True elapsed_s=0.27 completed=646/1000 remaining=354
[2026-04-09 07:24:02] dispatch_start n=655 robot=3 role=deliver robot_t=6508 completed=646/1000 remaining=354
[2026-04-09 07:24:03] dispatch_end n=655 robot=3 role=deliver success=True elapsed_s=0.28 completed=647/1000 remaining=353
[2026-04-09 07:24:03] dispatch_start n=656 robot=2 role=deliver robot_t=6521 completed=647/1000 remaining=353
[2026-04-09 07:24:03] dispatch_end n=656 robot=2 role=deliver success=True elapsed_s=0.27 completed=648/1000 remaining=352
[2026-04-09 07:24:03] dispatch_start n=657 robot=1 role=deliver robot_t=6525 completed=648/1000 remaining=352
[2026-04-09 07:24:03] dispatch_end n=657 robot=1 role=deliver success=True elapsed_s=0.27 completed=649/1000 remaining=351
[2026-04-09 07:24:03] dispatch_start n=658 robot=4 role=deliver robot_t=6545 completed=649/1000 remaining=351
[2026-04-09 07:24:06] dispatch_end n=658 robot=4 role=deliver success=True elapsed_s=2.25 completed=650/1000 remaining=350
[2026-04-09 07:24:06] progress completed=650/1000 makespan=6606 dispatches=658
[2026-04-09 07:24:06] dispatch_start n=659 robot=0 role=deliver robot_t=6561 completed=650/1000 remaining=350
[2026-04-09 07:24:06] dispatch_end n=659 robot=0 role=deliver success=True elapsed_s=0.27 completed=651/1000 remaining=349
[2026-04-09 07:24:06] dispatch_start n=660 robot=3 role=deliver robot_t=6578 completed=651/1000 remaining=349
[2026-04-09 07:24:06] dispatch_end n=660 robot=3 role=deliver success=True elapsed_s=0.28 completed=652/1000 remaining=348
[2026-04-09 07:24:06] dispatch_start n=661 robot=1 role=deliver robot_t=6594 completed=652/1000 remaining=348
[2026-04-09 07:24:06] dispatch_end n=661 robot=1 role=deliver success=True elapsed_s=0.28 completed=653/1000 remaining=347
[2026-04-09 07:24:06] dispatch_start n=662 robot=4 role=deliver robot_t=6603 completed=653/1000 remaining=347
[2026-04-09 07:24:07] dispatch_end n=662 robot=4 role=deliver success=True elapsed_s=0.28 completed=654/1000 remaining=346
[2026-04-09 07:24:07] dispatch_start n=663 robot=2 role=deliver robot_t=6606 completed=654/1000 remaining=346
[2026-04-09 07:24:07] dispatch_end n=663 robot=2 role=deliver success=True elapsed_s=0.29 completed=655/1000 remaining=345
[2026-04-09 07:24:07] dispatch_start n=664 robot=0 role=deliver robot_t=6636 completed=655/1000 remaining=345
[2026-04-09 07:24:07] dispatch_end n=664 robot=0 role=deliver success=True elapsed_s=0.29 completed=656/1000 remaining=344
[2026-04-09 07:24:07] dispatch_start n=665 robot=3 role=deliver robot_t=6637 completed=656/1000 remaining=344
[2026-04-09 07:24:08] dispatch_end n=665 robot=3 role=deliver success=True elapsed_s=0.29 completed=657/1000 remaining=343
[2026-04-09 07:24:08] dispatch_start n=666 robot=4 role=deliver robot_t=6656 completed=657/1000 remaining=343
[2026-04-09 07:24:08] dispatch_end n=666 robot=4 role=deliver success=True elapsed_s=0.29 completed=658/1000 remaining=342
[2026-04-09 07:24:08] dispatch_start n=667 robot=1 role=deliver robot_t=6662 completed=658/1000 remaining=342
[2026-04-09 07:24:08] dispatch_end n=667 robot=1 role=deliver success=True elapsed_s=0.28 completed=659/1000 remaining=341
[2026-04-09 07:24:08] dispatch_start n=668 robot=2 role=deliver robot_t=6675 completed=659/1000 remaining=341
[2026-04-09 07:24:08] dispatch_end n=668 robot=2 role=deliver success=True elapsed_s=0.29 completed=660/1000 remaining=340
[2026-04-09 07:24:08] dispatch_start n=669 robot=0 role=deliver robot_t=6704 completed=660/1000 remaining=340
[2026-04-09 07:24:09] dispatch_end n=669 robot=0 role=deliver success=True elapsed_s=0.29 completed=661/1000 remaining=339
[2026-04-09 07:24:09] dispatch_start n=670 robot=1 role=deliver robot_t=6717 completed=661/1000 remaining=339
[2026-04-09 07:24:09] dispatch_end n=670 robot=1 role=deliver success=True elapsed_s=0.28 completed=662/1000 remaining=338
[2026-04-09 07:24:09] dispatch_start n=671 robot=3 role=deliver robot_t=6731 completed=662/1000 remaining=338
[2026-04-09 07:24:09] dispatch_end n=671 robot=3 role=deliver success=True elapsed_s=0.27 completed=663/1000 remaining=337
[2026-04-09 07:24:09] dispatch_start n=672 robot=4 role=deliver robot_t=6737 completed=663/1000 remaining=337
[2026-04-09 07:24:09] dispatch_end n=672 robot=4 role=deliver success=True elapsed_s=0.28 completed=664/1000 remaining=336
[2026-04-09 07:24:09] dispatch_start n=673 robot=2 role=deliver robot_t=6739 completed=664/1000 remaining=336
[2026-04-09 07:24:10] dispatch_end n=673 robot=2 role=deliver success=True elapsed_s=0.29 completed=665/1000 remaining=335
[2026-04-09 07:24:10] dispatch_start n=674 robot=0 role=deliver robot_t=6766 completed=665/1000 remaining=335
[2026-04-09 07:24:10] dispatch_end n=674 robot=0 role=deliver success=True elapsed_s=0.28 completed=666/1000 remaining=334
[2026-04-09 07:24:10] dispatch_start n=675 robot=3 role=deliver robot_t=6782 completed=666/1000 remaining=334
[2026-04-09 07:24:10] dispatch_end n=675 robot=3 role=deliver success=True elapsed_s=0.28 completed=667/1000 remaining=333
[2026-04-09 07:24:10] dispatch_start n=676 robot=4 role=deliver robot_t=6793 completed=667/1000 remaining=333
[2026-04-09 07:24:11] dispatch_end n=676 robot=4 role=deliver success=True elapsed_s=0.28 completed=668/1000 remaining=332
[2026-04-09 07:24:11] dispatch_start n=677 robot=1 role=deliver robot_t=6797 completed=668/1000 remaining=332
[2026-04-09 07:24:11] dispatch_end n=677 robot=1 role=deliver success=True elapsed_s=0.29 completed=669/1000 remaining=331
[2026-04-09 07:24:11] dispatch_start n=678 robot=2 role=deliver robot_t=6807 completed=669/1000 remaining=331
[2026-04-09 07:24:11] dispatch_end n=678 robot=2 role=deliver success=True elapsed_s=0.31 completed=670/1000 remaining=330
[2026-04-09 07:24:11] dispatch_start n=679 robot=0 role=deliver robot_t=6816 completed=670/1000 remaining=330
[2026-04-09 07:24:11] dispatch_end n=679 robot=0 role=deliver success=True elapsed_s=0.23 completed=671/1000 remaining=329
[2026-04-09 07:24:11] dispatch_start n=680 robot=4 role=deliver robot_t=6838 completed=671/1000 remaining=329
[2026-04-09 07:24:14] dispatch_end n=680 robot=4 role=deliver success=True elapsed_s=2.30 completed=672/1000 remaining=328
[2026-04-09 07:24:14] dispatch_start n=681 robot=3 role=deliver robot_t=6854 completed=672/1000 remaining=328
[2026-04-09 07:24:14] dispatch_end n=681 robot=3 role=deliver success=True elapsed_s=0.28 completed=673/1000 remaining=327
[2026-04-09 07:24:14] dispatch_start n=682 robot=1 role=deliver robot_t=6860 completed=673/1000 remaining=327
[2026-04-09 07:24:14] dispatch_end n=682 robot=1 role=deliver success=True elapsed_s=0.30 completed=674/1000 remaining=326
[2026-04-09 07:24:14] dispatch_start n=683 robot=2 role=deliver robot_t=6868 completed=674/1000 remaining=326
[2026-04-09 07:24:15] dispatch_end n=683 robot=2 role=deliver success=True elapsed_s=0.29 completed=675/1000 remaining=325
[2026-04-09 07:24:15] dispatch_start n=684 robot=0 role=deliver robot_t=6876 completed=675/1000 remaining=325
[2026-04-09 07:24:15] dispatch_end n=684 robot=0 role=deliver success=True elapsed_s=0.29 completed=676/1000 remaining=324
[2026-04-09 07:24:15] dispatch_start n=685 robot=3 role=deliver robot_t=6899 completed=676/1000 remaining=324
[2026-04-09 07:24:15] dispatch_end n=685 robot=3 role=deliver success=True elapsed_s=0.22 completed=677/1000 remaining=323
[2026-04-09 07:24:15] dispatch_start n=686 robot=4 role=deliver robot_t=6910 completed=677/1000 remaining=323
[2026-04-09 07:24:15] dispatch_end n=686 robot=4 role=deliver success=True elapsed_s=0.28 completed=678/1000 remaining=322
[2026-04-09 07:24:15] dispatch_start n=687 robot=1 role=deliver robot_t=6925 completed=678/1000 remaining=322
[2026-04-09 07:24:16] dispatch_end n=687 robot=1 role=deliver success=True elapsed_s=0.29 completed=679/1000 remaining=321
[2026-04-09 07:24:16] dispatch_start n=688 robot=2 role=deliver robot_t=6937 completed=679/1000 remaining=321
[2026-04-09 07:24:16] dispatch_end n=688 robot=2 role=deliver success=True elapsed_s=0.29 completed=680/1000 remaining=320
[2026-04-09 07:24:16] dispatch_start n=689 robot=0 role=deliver robot_t=6938 completed=680/1000 remaining=320
[2026-04-09 07:24:18] dispatch_end n=689 robot=0 role=deliver success=True elapsed_s=2.20 completed=681/1000 remaining=319
[2026-04-09 07:24:18] dispatch_start n=690 robot=3 role=deliver robot_t=6948 completed=681/1000 remaining=319
[2026-04-09 07:24:20] dispatch_end n=690 robot=3 role=deliver success=True elapsed_s=2.24 completed=682/1000 remaining=318
[2026-04-09 07:24:20] dispatch_start n=691 robot=1 role=deliver robot_t=6983 completed=682/1000 remaining=318
[2026-04-09 07:24:21] dispatch_end n=691 robot=1 role=deliver success=True elapsed_s=0.29 completed=683/1000 remaining=317
[2026-04-09 07:24:21] dispatch_start n=692 robot=0 role=deliver robot_t=6985 completed=683/1000 remaining=317
[2026-04-09 07:24:21] dispatch_end n=692 robot=0 role=deliver success=True elapsed_s=0.29 completed=684/1000 remaining=316
[2026-04-09 07:24:21] dispatch_start n=693 robot=4 role=deliver robot_t=6986 completed=684/1000 remaining=316
[2026-04-09 07:24:21] dispatch_end n=693 robot=4 role=deliver success=True elapsed_s=0.28 completed=685/1000 remaining=315
[2026-04-09 07:24:21] dispatch_start n=694 robot=3 role=deliver robot_t=7004 completed=685/1000 remaining=315
[2026-04-09 07:24:22] dispatch_end n=694 robot=3 role=deliver success=True elapsed_s=0.28 completed=686/1000 remaining=314
[2026-04-09 07:24:22] dispatch_start n=695 robot=2 role=deliver robot_t=7010 completed=686/1000 remaining=314
[2026-04-09 07:24:22] dispatch_end n=695 robot=2 role=deliver success=True elapsed_s=0.29 completed=687/1000 remaining=313
[2026-04-09 07:24:22] dispatch_start n=696 robot=4 role=deliver robot_t=7031 completed=687/1000 remaining=313
[2026-04-09 07:24:22] dispatch_end n=696 robot=4 role=deliver success=True elapsed_s=0.27 completed=688/1000 remaining=312
[2026-04-09 07:24:22] dispatch_start n=697 robot=0 role=deliver robot_t=7040 completed=688/1000 remaining=312
[2026-04-09 07:24:22] dispatch_end n=697 robot=0 role=deliver success=True elapsed_s=0.29 completed=689/1000 remaining=311
[2026-04-09 07:24:22] dispatch_start n=698 robot=3 role=deliver robot_t=7064 completed=689/1000 remaining=311
[2026-04-09 07:24:25] dispatch_end n=698 robot=3 role=deliver success=True elapsed_s=2.30 completed=690/1000 remaining=310
[2026-04-09 07:24:25] dispatch_start n=699 robot=1 role=deliver robot_t=7069 completed=690/1000 remaining=310
[2026-04-09 07:24:25] dispatch_end n=699 robot=1 role=deliver success=True elapsed_s=0.28 completed=691/1000 remaining=309
[2026-04-09 07:24:25] dispatch_start n=700 robot=2 role=deliver robot_t=7074 completed=691/1000 remaining=309
[2026-04-09 07:24:25] dispatch_end n=700 robot=2 role=deliver success=True elapsed_s=0.29 completed=692/1000 remaining=308
[2026-04-09 07:24:25] dispatch_start n=701 robot=4 role=deliver robot_t=7077 completed=692/1000 remaining=308
[2026-04-09 07:24:25] dispatch_end n=701 robot=4 role=deliver success=True elapsed_s=0.23 completed=693/1000 remaining=307
[2026-04-09 07:24:25] dispatch_start n=702 robot=0 role=deliver robot_t=7100 completed=693/1000 remaining=307
[2026-04-09 07:24:26] dispatch_end n=702 robot=0 role=deliver success=True elapsed_s=0.29 completed=694/1000 remaining=306
[2026-04-09 07:24:26] dispatch_start n=703 robot=3 role=deliver robot_t=7119 completed=694/1000 remaining=306
[2026-04-09 07:24:26] dispatch_end n=703 robot=3 role=deliver success=True elapsed_s=0.29 completed=695/1000 remaining=305
[2026-04-09 07:24:26] dispatch_start n=704 robot=4 role=deliver robot_t=7128 completed=695/1000 remaining=305
[2026-04-09 07:24:28] dispatch_end n=704 robot=4 role=deliver success=True elapsed_s=2.29 completed=696/1000 remaining=304
[2026-04-09 07:24:28] dispatch_start n=705 robot=1 role=deliver robot_t=7129 completed=696/1000 remaining=304
[2026-04-09 07:24:29] dispatch_end n=705 robot=1 role=deliver success=True elapsed_s=0.29 completed=697/1000 remaining=303
[2026-04-09 07:24:29] dispatch_start n=706 robot=2 role=deliver robot_t=7142 completed=697/1000 remaining=303
[2026-04-09 07:24:29] dispatch_end n=706 robot=2 role=deliver success=True elapsed_s=0.30 completed=698/1000 remaining=302
[2026-04-09 07:24:29] dispatch_start n=707 robot=0 role=deliver robot_t=7169 completed=698/1000 remaining=302
[2026-04-09 07:24:29] dispatch_end n=707 robot=0 role=deliver success=True elapsed_s=0.30 completed=699/1000 remaining=301
[2026-04-09 07:24:29] dispatch_start n=708 robot=3 role=deliver robot_t=7176 completed=699/1000 remaining=301
[2026-04-09 07:24:32] dispatch_end n=708 robot=3 role=deliver success=True elapsed_s=2.24 completed=700/1000 remaining=300
[2026-04-09 07:24:32] progress completed=700/1000 makespan=7228 dispatches=708
[2026-04-09 07:24:32] dispatch_start n=709 robot=4 role=deliver robot_t=7186 completed=700/1000 remaining=300
[2026-04-09 07:24:32] dispatch_end n=709 robot=4 role=deliver success=True elapsed_s=0.28 completed=701/1000 remaining=299
[2026-04-09 07:24:32] dispatch_start n=710 robot=1 role=deliver robot_t=7196 completed=701/1000 remaining=299
[2026-04-09 07:24:32] dispatch_end n=710 robot=1 role=deliver success=True elapsed_s=0.28 completed=702/1000 remaining=298
[2026-04-09 07:24:32] dispatch_start n=711 robot=2 role=deliver robot_t=7208 completed=702/1000 remaining=298
[2026-04-09 07:24:34] dispatch_end n=711 robot=2 role=deliver success=True elapsed_s=2.28 completed=703/1000 remaining=297
[2026-04-09 07:24:34] dispatch_start n=712 robot=3 role=deliver robot_t=7225 completed=703/1000 remaining=297
[2026-04-09 07:24:35] dispatch_end n=712 robot=3 role=deliver success=True elapsed_s=0.29 completed=704/1000 remaining=296
[2026-04-09 07:24:35] dispatch_start n=713 robot=0 role=deliver robot_t=7228 completed=704/1000 remaining=296
[2026-04-09 07:24:35] dispatch_end n=713 robot=0 role=deliver success=True elapsed_s=0.30 completed=705/1000 remaining=295
[2026-04-09 07:24:35] dispatch_start n=714 robot=4 role=deliver robot_t=7243 completed=705/1000 remaining=295
[2026-04-09 07:24:35] dispatch_end n=714 robot=4 role=deliver success=True elapsed_s=0.29 completed=706/1000 remaining=294
[2026-04-09 07:24:35] dispatch_start n=715 robot=1 role=deliver robot_t=7267 completed=706/1000 remaining=294
[2026-04-09 07:24:36] dispatch_end n=715 robot=1 role=deliver success=True elapsed_s=0.29 completed=707/1000 remaining=293
[2026-04-09 07:24:36] dispatch_start n=716 robot=2 role=deliver robot_t=7272 completed=707/1000 remaining=293
[2026-04-09 07:24:36] dispatch_end n=716 robot=2 role=deliver success=True elapsed_s=0.29 completed=708/1000 remaining=292
[2026-04-09 07:24:36] dispatch_start n=717 robot=3 role=deliver robot_t=7282 completed=708/1000 remaining=292
[2026-04-09 07:24:36] dispatch_end n=717 robot=3 role=deliver success=True elapsed_s=0.23 completed=709/1000 remaining=291
[2026-04-09 07:24:36] dispatch_start n=718 robot=0 role=deliver robot_t=7298 completed=709/1000 remaining=291
[2026-04-09 07:24:36] dispatch_end n=718 robot=0 role=deliver success=True elapsed_s=0.29 completed=710/1000 remaining=290
[2026-04-09 07:24:36] dispatch_start n=719 robot=4 role=deliver robot_t=7301 completed=710/1000 remaining=290
[2026-04-09 07:24:37] dispatch_end n=719 robot=4 role=deliver success=True elapsed_s=0.28 completed=711/1000 remaining=289
[2026-04-09 07:24:37] dispatch_start n=720 robot=1 role=deliver robot_t=7332 completed=711/1000 remaining=289
[2026-04-09 07:24:37] dispatch_end n=720 robot=1 role=deliver success=True elapsed_s=0.29 completed=712/1000 remaining=288
[2026-04-09 07:24:37] dispatch_start n=721 robot=2 role=deliver robot_t=7335 completed=712/1000 remaining=288
[2026-04-09 07:24:37] dispatch_end n=721 robot=2 role=deliver success=True elapsed_s=0.29 completed=713/1000 remaining=287
[2026-04-09 07:24:37] dispatch_start n=722 robot=4 role=deliver robot_t=7347 completed=713/1000 remaining=287
[2026-04-09 07:24:40] dispatch_end n=722 robot=4 role=deliver success=True elapsed_s=2.42 completed=714/1000 remaining=286
[2026-04-09 07:24:40] dispatch_start n=723 robot=3 role=deliver robot_t=7350 completed=714/1000 remaining=286
[2026-04-09 07:24:40] dispatch_end n=723 robot=3 role=deliver success=True elapsed_s=0.29 completed=715/1000 remaining=285
[2026-04-09 07:24:40] dispatch_start n=724 robot=0 role=deliver robot_t=7386 completed=715/1000 remaining=285
[2026-04-09 07:24:40] dispatch_end n=724 robot=0 role=deliver success=True elapsed_s=0.31 completed=716/1000 remaining=284
[2026-04-09 07:24:40] dispatch_start n=725 robot=2 role=deliver robot_t=7400 completed=716/1000 remaining=284
[2026-04-09 07:24:41] dispatch_end n=725 robot=2 role=deliver success=True elapsed_s=0.29 completed=717/1000 remaining=283
[2026-04-09 07:24:41] dispatch_start n=726 robot=1 role=deliver robot_t=7402 completed=717/1000 remaining=283
[2026-04-09 07:24:41] dispatch_end n=726 robot=1 role=deliver success=True elapsed_s=0.29 completed=718/1000 remaining=282
[2026-04-09 07:24:41] dispatch_start n=727 robot=4 role=deliver robot_t=7410 completed=718/1000 remaining=282
[2026-04-09 07:24:41] dispatch_end n=727 robot=4 role=deliver success=True elapsed_s=0.30 completed=719/1000 remaining=281
[2026-04-09 07:24:41] dispatch_start n=728 robot=3 role=deliver robot_t=7416 completed=719/1000 remaining=281
[2026-04-09 07:24:41] dispatch_end n=728 robot=3 role=deliver success=True elapsed_s=0.30 completed=720/1000 remaining=280
[2026-04-09 07:24:41] dispatch_start n=729 robot=0 role=deliver robot_t=7454 completed=720/1000 remaining=280
[2026-04-09 07:24:42] dispatch_end n=729 robot=0 role=deliver success=True elapsed_s=0.31 completed=721/1000 remaining=279
[2026-04-09 07:24:42] dispatch_start n=730 robot=1 role=deliver robot_t=7468 completed=721/1000 remaining=279
[2026-04-09 07:24:42] dispatch_end n=730 robot=1 role=deliver success=True elapsed_s=0.31 completed=722/1000 remaining=278
[2026-04-09 07:24:42] dispatch_start n=731 robot=4 role=deliver robot_t=7471 completed=722/1000 remaining=278
[2026-04-09 07:24:42] dispatch_end n=731 robot=4 role=deliver success=True elapsed_s=0.30 completed=723/1000 remaining=277
[2026-04-09 07:24:42] dispatch_start n=732 robot=3 role=deliver robot_t=7485 completed=723/1000 remaining=277
[2026-04-09 07:24:43] dispatch_end n=732 robot=3 role=deliver success=True elapsed_s=0.29 completed=724/1000 remaining=276
[2026-04-09 07:24:43] dispatch_start n=733 robot=0 role=deliver robot_t=7501 completed=724/1000 remaining=276
[2026-04-09 07:24:43] dispatch_end n=733 robot=0 role=deliver success=True elapsed_s=0.31 completed=725/1000 remaining=275
[2026-04-09 07:24:43] dispatch_start n=734 robot=2 role=deliver robot_t=7512 completed=725/1000 remaining=275
[2026-04-09 07:24:43] dispatch_end n=734 robot=2 role=deliver success=True elapsed_s=0.32 completed=726/1000 remaining=274
[2026-04-09 07:24:43] dispatch_start n=735 robot=4 role=deliver robot_t=7525 completed=726/1000 remaining=274
[2026-04-09 07:24:46] dispatch_end n=735 robot=4 role=deliver success=True elapsed_s=2.27 completed=727/1000 remaining=273
[2026-04-09 07:24:46] dispatch_start n=736 robot=1 role=deliver robot_t=7539 completed=727/1000 remaining=273
[2026-04-09 07:24:46] dispatch_end n=736 robot=1 role=deliver success=True elapsed_s=0.31 completed=728/1000 remaining=272
[2026-04-09 07:24:46] dispatch_start n=737 robot=3 role=deliver robot_t=7556 completed=728/1000 remaining=272
[2026-04-09 07:24:46] dispatch_end n=737 robot=3 role=deliver success=True elapsed_s=0.30 completed=729/1000 remaining=271
[2026-04-09 07:24:46] dispatch_start n=738 robot=4 role=deliver robot_t=7576 completed=729/1000 remaining=271
[2026-04-09 07:24:46] dispatch_end n=738 robot=4 role=deliver success=True elapsed_s=0.31 completed=730/1000 remaining=270
[2026-04-09 07:24:46] dispatch_start n=739 robot=0 role=deliver robot_t=7578 completed=730/1000 remaining=270
[2026-04-09 07:24:47] dispatch_end n=739 robot=0 role=deliver success=True elapsed_s=0.30 completed=731/1000 remaining=269
[2026-04-09 07:24:47] dispatch_start n=740 robot=2 role=deliver robot_t=7579 completed=731/1000 remaining=269
[2026-04-09 07:24:47] dispatch_end n=740 robot=2 role=deliver success=True elapsed_s=0.32 completed=732/1000 remaining=268
[2026-04-09 07:24:47] dispatch_start n=741 robot=1 role=deliver robot_t=7615 completed=732/1000 remaining=268
[2026-04-09 07:24:47] dispatch_end n=741 robot=1 role=deliver success=True elapsed_s=0.30 completed=733/1000 remaining=267
[2026-04-09 07:24:47] dispatch_start n=742 robot=3 role=deliver robot_t=7635 completed=733/1000 remaining=267
[2026-04-09 07:24:48] dispatch_end n=742 robot=3 role=deliver success=True elapsed_s=0.31 completed=734/1000 remaining=266
[2026-04-09 07:24:48] dispatch_start n=743 robot=4 role=deliver robot_t=7643 completed=734/1000 remaining=266
[2026-04-09 07:24:48] dispatch_end n=743 robot=4 role=deliver success=True elapsed_s=0.31 completed=735/1000 remaining=265
[2026-04-09 07:24:48] dispatch_start n=744 robot=2 role=deliver robot_t=7661 completed=735/1000 remaining=265
[2026-04-09 07:24:48] dispatch_end n=744 robot=2 role=deliver success=True elapsed_s=0.31 completed=736/1000 remaining=264
[2026-04-09 07:24:48] dispatch_start n=745 robot=0 role=deliver robot_t=7662 completed=736/1000 remaining=264
[2026-04-09 07:24:49] dispatch_end n=745 robot=0 role=deliver success=True elapsed_s=0.30 completed=737/1000 remaining=263
[2026-04-09 07:24:49] dispatch_start n=746 robot=1 role=deliver robot_t=7679 completed=737/1000 remaining=263
[2026-04-09 07:24:49] dispatch_end n=746 robot=1 role=deliver success=True elapsed_s=0.35 completed=738/1000 remaining=262
[2026-04-09 07:24:49] dispatch_start n=747 robot=4 role=deliver robot_t=7697 completed=738/1000 remaining=262
[2026-04-09 07:24:49] dispatch_end n=747 robot=4 role=deliver success=True elapsed_s=0.30 completed=739/1000 remaining=261
[2026-04-09 07:24:49] dispatch_start n=748 robot=3 role=deliver robot_t=7698 completed=739/1000 remaining=261
[2026-04-09 07:24:50] dispatch_end n=748 robot=3 role=deliver success=True elapsed_s=0.31 completed=740/1000 remaining=260
[2026-04-09 07:24:50] dispatch_start n=749 robot=2 role=deliver robot_t=7734 completed=740/1000 remaining=260
[2026-04-09 07:24:52] dispatch_end n=749 robot=2 role=deliver success=True elapsed_s=2.51 completed=741/1000 remaining=259
[2026-04-09 07:24:52] dispatch_start n=750 robot=0 role=deliver robot_t=7739 completed=741/1000 remaining=259
[2026-04-09 07:24:52] dispatch_end n=750 robot=0 role=deliver success=True elapsed_s=0.31 completed=742/1000 remaining=258
[2026-04-09 07:24:52] dispatch_start n=751 robot=1 role=deliver robot_t=7757 completed=742/1000 remaining=258
[2026-04-09 07:24:53] dispatch_end n=751 robot=1 role=deliver success=True elapsed_s=0.32 completed=743/1000 remaining=257
[2026-04-09 07:24:53] dispatch_start n=752 robot=3 role=deliver robot_t=7764 completed=743/1000 remaining=257
[2026-04-09 07:24:53] dispatch_end n=752 robot=3 role=deliver success=True elapsed_s=0.30 completed=744/1000 remaining=256
[2026-04-09 07:24:53] dispatch_start n=753 robot=4 role=deliver robot_t=7794 completed=744/1000 remaining=256
[2026-04-09 07:24:53] dispatch_end n=753 robot=4 role=deliver success=True elapsed_s=0.32 completed=745/1000 remaining=255
[2026-04-09 07:24:53] dispatch_start n=754 robot=0 role=deliver robot_t=7799 completed=745/1000 remaining=255
[2026-04-09 07:24:54] dispatch_end n=754 robot=0 role=deliver success=True elapsed_s=0.30 completed=746/1000 remaining=254
[2026-04-09 07:24:54] dispatch_start n=755 robot=2 role=deliver robot_t=7806 completed=746/1000 remaining=254
[2026-04-09 07:24:54] dispatch_end n=755 robot=2 role=deliver success=True elapsed_s=0.30 completed=747/1000 remaining=253
[2026-04-09 07:24:54] dispatch_start n=756 robot=1 role=deliver robot_t=7826 completed=747/1000 remaining=253
[2026-04-09 07:24:54] dispatch_end n=756 robot=1 role=deliver success=True elapsed_s=0.30 completed=748/1000 remaining=252
[2026-04-09 07:24:54] dispatch_start n=757 robot=3 role=deliver robot_t=7840 completed=748/1000 remaining=252
[2026-04-09 07:24:55] dispatch_end n=757 robot=3 role=deliver success=True elapsed_s=0.30 completed=749/1000 remaining=251
[2026-04-09 07:24:55] dispatch_start n=758 robot=4 role=deliver robot_t=7844 completed=749/1000 remaining=251
[2026-04-09 07:24:55] dispatch_end n=758 robot=4 role=deliver success=True elapsed_s=0.32 completed=750/1000 remaining=250
[2026-04-09 07:24:55] progress completed=750/1000 makespan=7901 dispatches=758
[2026-04-09 07:24:55] dispatch_start n=759 robot=0 role=deliver robot_t=7851 completed=750/1000 remaining=250
[2026-04-09 07:24:55] dispatch_end n=759 robot=0 role=deliver success=True elapsed_s=0.30 completed=751/1000 remaining=249
[2026-04-09 07:24:55] dispatch_start n=760 robot=2 role=deliver robot_t=7865 completed=751/1000 remaining=249
[2026-04-09 07:24:55] dispatch_end n=760 robot=2 role=deliver success=True elapsed_s=0.32 completed=752/1000 remaining=248
[2026-04-09 07:24:55] dispatch_start n=761 robot=1 role=deliver robot_t=7892 completed=752/1000 remaining=248
[2026-04-09 07:24:56] dispatch_end n=761 robot=1 role=deliver success=True elapsed_s=0.30 completed=753/1000 remaining=247
[2026-04-09 07:24:56] dispatch_start n=762 robot=3 role=deliver robot_t=7894 completed=753/1000 remaining=247
[2026-04-09 07:24:56] dispatch_end n=762 robot=3 role=deliver success=True elapsed_s=0.30 completed=754/1000 remaining=246
[2026-04-09 07:24:56] dispatch_start n=763 robot=4 role=deliver robot_t=7901 completed=754/1000 remaining=246
[2026-04-09 07:24:56] dispatch_end n=763 robot=4 role=deliver success=True elapsed_s=0.32 completed=755/1000 remaining=245
[2026-04-09 07:24:56] dispatch_start n=764 robot=0 role=deliver robot_t=7935 completed=755/1000 remaining=245
[2026-04-09 07:24:57] dispatch_end n=764 robot=0 role=deliver success=True elapsed_s=0.31 completed=756/1000 remaining=244
[2026-04-09 07:24:57] dispatch_start n=765 robot=1 role=deliver robot_t=7946 completed=756/1000 remaining=244
[2026-04-09 07:24:57] dispatch_end n=765 robot=1 role=deliver success=True elapsed_s=0.31 completed=757/1000 remaining=243
[2026-04-09 07:24:57] dispatch_start n=766 robot=3 role=deliver robot_t=7950 completed=757/1000 remaining=243
[2026-04-09 07:24:57] dispatch_end n=766 robot=3 role=deliver success=True elapsed_s=0.32 completed=758/1000 remaining=242
[2026-04-09 07:24:57] dispatch_start n=767 robot=4 role=deliver robot_t=7953 completed=758/1000 remaining=242
[2026-04-09 07:24:58] dispatch_end n=767 robot=4 role=deliver success=True elapsed_s=0.32 completed=759/1000 remaining=241
[2026-04-09 07:24:58] dispatch_start n=768 robot=2 role=deliver robot_t=7958 completed=759/1000 remaining=241
[2026-04-09 07:24:58] dispatch_end n=768 robot=2 role=deliver success=True elapsed_s=0.31 completed=760/1000 remaining=240
[2026-04-09 07:24:58] dispatch_start n=769 robot=0 role=deliver robot_t=7996 completed=760/1000 remaining=240
[2026-04-09 07:24:58] dispatch_end n=769 robot=0 role=deliver success=True elapsed_s=0.33 completed=761/1000 remaining=239
[2026-04-09 07:24:58] dispatch_start n=770 robot=3 role=deliver robot_t=8012 completed=761/1000 remaining=239
[2026-04-09 07:24:59] dispatch_end n=770 robot=3 role=deliver success=True elapsed_s=0.32 completed=762/1000 remaining=238
[2026-04-09 07:24:59] dispatch_start n=771 robot=4 role=deliver robot_t=8012 completed=762/1000 remaining=238
[2026-04-09 07:24:59] dispatch_end n=771 robot=4 role=deliver success=True elapsed_s=0.30 completed=763/1000 remaining=237
[2026-04-09 07:24:59] dispatch_start n=772 robot=2 role=deliver robot_t=8013 completed=763/1000 remaining=237
[2026-04-09 07:24:59] dispatch_end n=772 robot=2 role=deliver success=True elapsed_s=0.26 completed=764/1000 remaining=236
[2026-04-09 07:24:59] dispatch_start n=773 robot=1 role=deliver robot_t=8014 completed=764/1000 remaining=236
[2026-04-09 07:24:59] dispatch_end n=773 robot=1 role=deliver success=True elapsed_s=0.24 completed=765/1000 remaining=235
[2026-04-09 07:24:59] dispatch_start n=774 robot=2 role=deliver robot_t=8065 completed=765/1000 remaining=235
[2026-04-09 07:25:00] dispatch_end n=774 robot=2 role=deliver success=True elapsed_s=0.26 completed=766/1000 remaining=234
[2026-04-09 07:25:00] dispatch_start n=775 robot=1 role=deliver robot_t=8070 completed=766/1000 remaining=234
[2026-04-09 07:25:00] dispatch_end n=775 robot=1 role=deliver success=True elapsed_s=0.33 completed=767/1000 remaining=233
[2026-04-09 07:25:00] dispatch_start n=776 robot=0 role=deliver robot_t=8076 completed=767/1000 remaining=233
[2026-04-09 07:25:00] dispatch_end n=776 robot=0 role=deliver success=True elapsed_s=0.32 completed=768/1000 remaining=232
[2026-04-09 07:25:00] dispatch_start n=777 robot=3 role=deliver robot_t=8078 completed=768/1000 remaining=232
[2026-04-09 07:25:01] dispatch_end n=777 robot=3 role=deliver success=True elapsed_s=0.32 completed=769/1000 remaining=231
[2026-04-09 07:25:01] dispatch_start n=778 robot=4 role=deliver robot_t=8100 completed=769/1000 remaining=231
[2026-04-09 07:25:01] dispatch_end n=778 robot=4 role=deliver success=True elapsed_s=0.33 completed=770/1000 remaining=230
[2026-04-09 07:25:01] dispatch_start n=779 robot=2 role=deliver robot_t=8116 completed=770/1000 remaining=230
[2026-04-09 07:25:01] dispatch_end n=779 robot=2 role=deliver success=True elapsed_s=0.32 completed=771/1000 remaining=229
[2026-04-09 07:25:01] dispatch_start n=780 robot=1 role=deliver robot_t=8126 completed=771/1000 remaining=229
[2026-04-09 07:25:02] dispatch_end n=780 robot=1 role=deliver success=True elapsed_s=0.25 completed=772/1000 remaining=228
[2026-04-09 07:25:02] dispatch_start n=781 robot=0 role=deliver robot_t=8141 completed=772/1000 remaining=228
[2026-04-09 07:25:02] dispatch_end n=781 robot=0 role=deliver success=True elapsed_s=0.33 completed=773/1000 remaining=227
[2026-04-09 07:25:02] dispatch_start n=782 robot=3 role=deliver robot_t=8153 completed=773/1000 remaining=227
[2026-04-09 07:25:02] dispatch_end n=782 robot=3 role=deliver success=True elapsed_s=0.33 completed=774/1000 remaining=226
[2026-04-09 07:25:02] dispatch_start n=783 robot=4 role=deliver robot_t=8167 completed=774/1000 remaining=226
[2026-04-09 07:25:02] dispatch_end n=783 robot=4 role=deliver success=True elapsed_s=0.32 completed=775/1000 remaining=225
[2026-04-09 07:25:02] dispatch_start n=784 robot=2 role=deliver robot_t=8175 completed=775/1000 remaining=225
[2026-04-09 07:25:03] dispatch_end n=784 robot=2 role=deliver success=True elapsed_s=0.34 completed=776/1000 remaining=224
[2026-04-09 07:25:03] dispatch_start n=785 robot=1 role=deliver robot_t=8187 completed=776/1000 remaining=224
[2026-04-09 07:25:03] dispatch_end n=785 robot=1 role=deliver success=True elapsed_s=0.33 completed=777/1000 remaining=223
[2026-04-09 07:25:03] dispatch_start n=786 robot=0 role=deliver robot_t=8203 completed=777/1000 remaining=223
[2026-04-09 07:25:03] dispatch_end n=786 robot=0 role=deliver success=True elapsed_s=0.32 completed=778/1000 remaining=222
[2026-04-09 07:25:03] dispatch_start n=787 robot=3 role=deliver robot_t=8216 completed=778/1000 remaining=222
[2026-04-09 07:25:04] dispatch_end n=787 robot=3 role=deliver success=True elapsed_s=0.32 completed=779/1000 remaining=221
[2026-04-09 07:25:04] dispatch_start n=788 robot=4 role=deliver robot_t=8227 completed=779/1000 remaining=221
[2026-04-09 07:25:04] dispatch_end n=788 robot=4 role=deliver success=True elapsed_s=0.32 completed=780/1000 remaining=220
[2026-04-09 07:25:04] dispatch_start n=789 robot=2 role=deliver robot_t=8232 completed=780/1000 remaining=220
[2026-04-09 07:25:04] dispatch_end n=789 robot=2 role=deliver success=True elapsed_s=0.32 completed=781/1000 remaining=219
[2026-04-09 07:25:04] dispatch_start n=790 robot=0 role=deliver robot_t=8271 completed=781/1000 remaining=219
[2026-04-09 07:25:05] dispatch_end n=790 robot=0 role=deliver success=True elapsed_s=0.32 completed=782/1000 remaining=218
[2026-04-09 07:25:05] dispatch_start n=791 robot=1 role=deliver robot_t=8271 completed=782/1000 remaining=218
[2026-04-09 07:25:05] dispatch_end n=791 robot=1 role=deliver success=True elapsed_s=0.31 completed=783/1000 remaining=217
[2026-04-09 07:25:05] dispatch_start n=792 robot=3 role=deliver robot_t=8281 completed=783/1000 remaining=217
[2026-04-09 07:25:05] dispatch_end n=792 robot=3 role=deliver success=True elapsed_s=0.26 completed=784/1000 remaining=216
[2026-04-09 07:25:05] dispatch_start n=793 robot=4 role=deliver robot_t=8300 completed=784/1000 remaining=216
[2026-04-09 07:25:06] dispatch_end n=793 robot=4 role=deliver success=True elapsed_s=0.32 completed=785/1000 remaining=215
[2026-04-09 07:25:06] dispatch_start n=794 robot=2 role=deliver robot_t=8320 completed=785/1000 remaining=215
[2026-04-09 07:25:06] dispatch_end n=794 robot=2 role=deliver success=True elapsed_s=0.31 completed=786/1000 remaining=214
[2026-04-09 07:25:06] dispatch_start n=795 robot=1 role=deliver robot_t=8339 completed=786/1000 remaining=214
[2026-04-09 07:25:08] dispatch_end n=795 robot=1 role=deliver success=True elapsed_s=2.31 completed=787/1000 remaining=213
[2026-04-09 07:25:08] dispatch_start n=796 robot=3 role=deliver robot_t=8349 completed=787/1000 remaining=213
[2026-04-09 07:25:09] dispatch_end n=796 robot=3 role=deliver success=True elapsed_s=0.32 completed=788/1000 remaining=212
[2026-04-09 07:25:09] dispatch_start n=797 robot=0 role=deliver robot_t=8354 completed=788/1000 remaining=212
[2026-04-09 07:25:09] dispatch_end n=797 robot=0 role=deliver success=True elapsed_s=0.32 completed=789/1000 remaining=211
[2026-04-09 07:25:09] dispatch_start n=798 robot=4 role=deliver robot_t=8373 completed=789/1000 remaining=211
[2026-04-09 07:25:09] dispatch_end n=798 robot=4 role=deliver success=True elapsed_s=0.32 completed=790/1000 remaining=210
[2026-04-09 07:25:09] dispatch_start n=799 robot=2 role=deliver robot_t=8386 completed=790/1000 remaining=210
[2026-04-09 07:25:12] dispatch_end n=799 robot=2 role=deliver success=True elapsed_s=2.34 completed=791/1000 remaining=209
[2026-04-09 07:25:12] dispatch_start n=800 robot=1 role=deliver robot_t=8405 completed=791/1000 remaining=209
[2026-04-09 07:25:12] dispatch_end n=800 robot=1 role=deliver success=True elapsed_s=0.32 completed=792/1000 remaining=208
[2026-04-09 07:25:12] dispatch_start n=801 robot=3 role=deliver robot_t=8423 completed=792/1000 remaining=208
[2026-04-09 07:25:12] dispatch_end n=801 robot=3 role=deliver success=True elapsed_s=0.32 completed=793/1000 remaining=207
[2026-04-09 07:25:12] dispatch_start n=802 robot=4 role=deliver robot_t=8443 completed=793/1000 remaining=207
[2026-04-09 07:25:13] dispatch_end n=802 robot=4 role=deliver success=True elapsed_s=0.33 completed=794/1000 remaining=206
[2026-04-09 07:25:13] dispatch_start n=803 robot=0 role=deliver robot_t=8445 completed=794/1000 remaining=206
[2026-04-09 07:25:13] dispatch_end n=803 robot=0 role=deliver success=True elapsed_s=0.31 completed=795/1000 remaining=205
[2026-04-09 07:25:13] dispatch_start n=804 robot=2 role=deliver robot_t=8470 completed=795/1000 remaining=205
[2026-04-09 07:25:13] dispatch_end n=804 robot=2 role=deliver success=True elapsed_s=0.32 completed=796/1000 remaining=204
[2026-04-09 07:25:13] dispatch_start n=805 robot=1 role=deliver robot_t=8495 completed=796/1000 remaining=204
[2026-04-09 07:25:14] dispatch_end n=805 robot=1 role=deliver success=True elapsed_s=0.33 completed=797/1000 remaining=203
[2026-04-09 07:25:14] dispatch_start n=806 robot=3 role=deliver robot_t=8500 completed=797/1000 remaining=203
[2026-04-09 07:25:14] dispatch_end n=806 robot=3 role=deliver success=True elapsed_s=0.31 completed=798/1000 remaining=202
[2026-04-09 07:25:14] dispatch_start n=807 robot=4 role=deliver robot_t=8511 completed=798/1000 remaining=202
[2026-04-09 07:25:14] dispatch_end n=807 robot=4 role=deliver success=True elapsed_s=0.31 completed=799/1000 remaining=201
[2026-04-09 07:25:14] dispatch_start n=808 robot=0 role=deliver robot_t=8512 completed=799/1000 remaining=201
[2026-04-09 07:25:14] dispatch_end n=808 robot=0 role=deliver success=True elapsed_s=0.25 completed=800/1000 remaining=200
[2026-04-09 07:25:14] progress completed=800/1000 makespan=8590 dispatches=808
[2026-04-09 07:25:14] dispatch_start n=809 robot=2 role=deliver robot_t=8531 completed=800/1000 remaining=200
[2026-04-09 07:25:15] dispatch_end n=809 robot=2 role=deliver success=True elapsed_s=0.25 completed=801/1000 remaining=199
[2026-04-09 07:25:15] dispatch_start n=810 robot=0 role=deliver robot_t=8558 completed=801/1000 remaining=199
[2026-04-09 07:25:15] dispatch_end n=810 robot=0 role=deliver success=True elapsed_s=0.31 completed=802/1000 remaining=198
[2026-04-09 07:25:15] dispatch_start n=811 robot=1 role=deliver robot_t=8563 completed=802/1000 remaining=198
[2026-04-09 07:25:15] dispatch_end n=811 robot=1 role=deliver success=True elapsed_s=0.32 completed=803/1000 remaining=197
[2026-04-09 07:25:15] dispatch_start n=812 robot=4 role=deliver robot_t=8571 completed=803/1000 remaining=197
[2026-04-09 07:25:16] dispatch_end n=812 robot=4 role=deliver success=True elapsed_s=0.31 completed=804/1000 remaining=196
[2026-04-09 07:25:16] dispatch_start n=813 robot=2 role=deliver robot_t=8587 completed=804/1000 remaining=196
[2026-04-09 07:25:16] dispatch_end n=813 robot=2 role=deliver success=True elapsed_s=0.32 completed=805/1000 remaining=195
[2026-04-09 07:25:16] dispatch_start n=814 robot=3 role=deliver robot_t=8590 completed=805/1000 remaining=195
[2026-04-09 07:25:16] dispatch_end n=814 robot=3 role=deliver success=True elapsed_s=0.33 completed=806/1000 remaining=194
[2026-04-09 07:25:16] dispatch_start n=815 robot=0 role=deliver robot_t=8622 completed=806/1000 remaining=194
[2026-04-09 07:25:17] dispatch_end n=815 robot=0 role=deliver success=True elapsed_s=0.31 completed=807/1000 remaining=193
[2026-04-09 07:25:17] dispatch_start n=816 robot=1 role=deliver robot_t=8624 completed=807/1000 remaining=193
[2026-04-09 07:25:17] dispatch_end n=816 robot=1 role=deliver success=True elapsed_s=0.32 completed=808/1000 remaining=192
[2026-04-09 07:25:17] dispatch_start n=817 robot=4 role=deliver robot_t=8639 completed=808/1000 remaining=192
[2026-04-09 07:25:17] dispatch_end n=817 robot=4 role=deliver success=True elapsed_s=0.31 completed=809/1000 remaining=191
[2026-04-09 07:25:17] dispatch_start n=818 robot=2 role=deliver robot_t=8660 completed=809/1000 remaining=191
[2026-04-09 07:25:17] dispatch_end n=818 robot=2 role=deliver success=True elapsed_s=0.32 completed=810/1000 remaining=190
[2026-04-09 07:25:17] dispatch_start n=819 robot=3 role=deliver robot_t=8666 completed=810/1000 remaining=190
[2026-04-09 07:25:18] dispatch_end n=819 robot=3 role=deliver success=True elapsed_s=0.32 completed=811/1000 remaining=189
[2026-04-09 07:25:18] dispatch_start n=820 robot=0 role=deliver robot_t=8678 completed=811/1000 remaining=189
[2026-04-09 07:25:18] dispatch_end n=820 robot=0 role=deliver success=True elapsed_s=0.31 completed=812/1000 remaining=188
[2026-04-09 07:25:18] dispatch_start n=821 robot=1 role=deliver robot_t=8711 completed=812/1000 remaining=188
[2026-04-09 07:25:18] dispatch_end n=821 robot=1 role=deliver success=True elapsed_s=0.32 completed=813/1000 remaining=187
[2026-04-09 07:25:18] dispatch_start n=822 robot=4 role=deliver robot_t=8715 completed=813/1000 remaining=187
[2026-04-09 07:25:19] dispatch_end n=822 robot=4 role=deliver success=True elapsed_s=0.31 completed=814/1000 remaining=186
[2026-04-09 07:25:19] dispatch_start n=823 robot=0 role=deliver robot_t=8733 completed=814/1000 remaining=186
[2026-04-09 07:25:21] dispatch_end n=823 robot=0 role=deliver success=True elapsed_s=2.25 completed=815/1000 remaining=185
[2026-04-09 07:25:21] dispatch_start n=824 robot=2 role=deliver robot_t=8735 completed=815/1000 remaining=185
[2026-04-09 07:25:21] dispatch_end n=824 robot=2 role=deliver success=True elapsed_s=0.31 completed=816/1000 remaining=184
[2026-04-09 07:25:21] dispatch_start n=825 robot=3 role=deliver robot_t=8735 completed=816/1000 remaining=184
[2026-04-09 07:25:22] dispatch_end n=825 robot=3 role=deliver success=True elapsed_s=0.31 completed=817/1000 remaining=183
[2026-04-09 07:25:22] dispatch_start n=826 robot=1 role=deliver robot_t=8774 completed=817/1000 remaining=183
[2026-04-09 07:25:22] dispatch_end n=826 robot=1 role=deliver success=True elapsed_s=0.33 completed=818/1000 remaining=182
[2026-04-09 07:25:22] dispatch_start n=827 robot=4 role=deliver robot_t=8794 completed=818/1000 remaining=182
[2026-04-09 07:25:24] dispatch_end n=827 robot=4 role=deliver success=True elapsed_s=2.11 completed=819/1000 remaining=181
[2026-04-09 07:25:24] dispatch_start n=828 robot=3 role=deliver robot_t=8798 completed=819/1000 remaining=181
[2026-04-09 07:25:24] dispatch_end n=828 robot=3 role=deliver success=True elapsed_s=0.32 completed=820/1000 remaining=180
[2026-04-09 07:25:24] dispatch_start n=829 robot=2 role=deliver robot_t=8801 completed=820/1000 remaining=180
[2026-04-09 07:25:25] dispatch_end n=829 robot=2 role=deliver success=True elapsed_s=0.33 completed=821/1000 remaining=179
[2026-04-09 07:25:25] dispatch_start n=830 robot=0 role=deliver robot_t=8804 completed=821/1000 remaining=179
[2026-04-09 07:25:25] dispatch_end n=830 robot=0 role=deliver success=True elapsed_s=0.31 completed=822/1000 remaining=178
[2026-04-09 07:25:25] dispatch_start n=831 robot=1 role=deliver robot_t=8840 completed=822/1000 remaining=178
[2026-04-09 07:25:25] dispatch_end n=831 robot=1 role=deliver success=True elapsed_s=0.33 completed=823/1000 remaining=177
[2026-04-09 07:25:25] dispatch_start n=832 robot=4 role=deliver robot_t=8848 completed=823/1000 remaining=177
[2026-04-09 07:25:26] dispatch_end n=832 robot=4 role=deliver success=True elapsed_s=0.25 completed=824/1000 remaining=176
[2026-04-09 07:25:26] dispatch_start n=833 robot=2 role=deliver robot_t=8869 completed=824/1000 remaining=176
[2026-04-09 07:25:26] dispatch_end n=833 robot=2 role=deliver success=True elapsed_s=0.32 completed=825/1000 remaining=175
[2026-04-09 07:25:26] dispatch_start n=834 robot=0 role=deliver robot_t=8872 completed=825/1000 remaining=175
[2026-04-09 07:25:28] dispatch_end n=834 robot=0 role=deliver success=True elapsed_s=2.11 completed=826/1000 remaining=174
[2026-04-09 07:25:28] dispatch_start n=835 robot=3 role=deliver robot_t=8884 completed=826/1000 remaining=174
[2026-04-09 07:25:28] dispatch_end n=835 robot=3 role=deliver success=True elapsed_s=0.34 completed=827/1000 remaining=173
[2026-04-09 07:25:28] dispatch_start n=836 robot=4 role=deliver robot_t=8903 completed=827/1000 remaining=173
[2026-04-09 07:25:32] dispatch_end n=836 robot=4 role=deliver success=True elapsed_s=3.89 completed=828/1000 remaining=172
[2026-04-09 07:25:32] dispatch_start n=837 robot=1 role=deliver robot_t=8918 completed=828/1000 remaining=172
[2026-04-09 07:25:33] dispatch_end n=837 robot=1 role=deliver success=True elapsed_s=0.34 completed=829/1000 remaining=171
[2026-04-09 07:25:33] dispatch_start n=838 robot=0 role=deliver robot_t=8930 completed=829/1000 remaining=171
[2026-04-09 07:25:33] dispatch_end n=838 robot=0 role=deliver success=True elapsed_s=0.25 completed=830/1000 remaining=170
[2026-04-09 07:25:33] dispatch_start n=839 robot=2 role=deliver robot_t=8937 completed=830/1000 remaining=170
[2026-04-09 07:25:35] dispatch_end n=839 robot=2 role=deliver success=True elapsed_s=2.11 completed=831/1000 remaining=169
[2026-04-09 07:25:35] dispatch_start n=840 robot=3 role=deliver robot_t=8955 completed=831/1000 remaining=169
[2026-04-09 07:25:35] dispatch_end n=840 robot=3 role=deliver success=True elapsed_s=0.32 completed=832/1000 remaining=168
[2026-04-09 07:25:35] dispatch_start n=841 robot=4 role=deliver robot_t=8961 completed=832/1000 remaining=168
[2026-04-09 07:25:36] dispatch_end n=841 robot=4 role=deliver success=True elapsed_s=0.25 completed=833/1000 remaining=167
[2026-04-09 07:25:36] dispatch_start n=842 robot=2 role=deliver robot_t=9002 completed=833/1000 remaining=167
[2026-04-09 07:25:36] dispatch_end n=842 robot=2 role=deliver success=True elapsed_s=0.25 completed=834/1000 remaining=166
[2026-04-09 07:25:36] dispatch_start n=843 robot=1 role=deliver robot_t=9005 completed=834/1000 remaining=166
[2026-04-09 07:25:36] dispatch_end n=843 robot=1 role=deliver success=True elapsed_s=0.35 completed=835/1000 remaining=165
[2026-04-09 07:25:36] dispatch_start n=844 robot=0 role=deliver robot_t=9013 completed=835/1000 remaining=165
[2026-04-09 07:25:36] dispatch_end n=844 robot=0 role=deliver success=True elapsed_s=0.33 completed=836/1000 remaining=164
[2026-04-09 07:25:36] dispatch_start n=845 robot=4 role=deliver robot_t=9016 completed=836/1000 remaining=164
[2026-04-09 07:25:40] dispatch_end n=845 robot=4 role=deliver success=True elapsed_s=3.92 completed=837/1000 remaining=163
[2026-04-09 07:25:40] dispatch_start n=846 robot=3 role=deliver robot_t=9035 completed=837/1000 remaining=163
[2026-04-09 07:25:41] dispatch_end n=846 robot=3 role=deliver success=True elapsed_s=0.34 completed=838/1000 remaining=162
[2026-04-09 07:25:41] dispatch_start n=847 robot=2 role=deliver robot_t=9057 completed=838/1000 remaining=162
[2026-04-09 07:25:41] dispatch_end n=847 robot=2 role=deliver success=True elapsed_s=0.34 completed=839/1000 remaining=161
[2026-04-09 07:25:41] dispatch_start n=848 robot=0 role=deliver robot_t=9075 completed=839/1000 remaining=161
[2026-04-09 07:25:41] dispatch_end n=848 robot=0 role=deliver success=True elapsed_s=0.34 completed=840/1000 remaining=160
[2026-04-09 07:25:41] dispatch_start n=849 robot=4 role=deliver robot_t=9075 completed=840/1000 remaining=160
[2026-04-09 07:25:42] dispatch_end n=849 robot=4 role=deliver success=True elapsed_s=0.26 completed=841/1000 remaining=159
[2026-04-09 07:25:42] dispatch_start n=850 robot=1 role=deliver robot_t=9081 completed=841/1000 remaining=159
[2026-04-09 07:25:42] dispatch_end n=850 robot=1 role=deliver success=True elapsed_s=0.33 completed=842/1000 remaining=158
[2026-04-09 07:25:42] dispatch_start n=851 robot=3 role=deliver robot_t=9095 completed=842/1000 remaining=158
[2026-04-09 07:25:42] dispatch_end n=851 robot=3 role=deliver success=True elapsed_s=0.34 completed=843/1000 remaining=157
[2026-04-09 07:25:42] dispatch_start n=852 robot=2 role=deliver robot_t=9112 completed=843/1000 remaining=157
[2026-04-09 07:25:43] dispatch_end n=852 robot=2 role=deliver success=True elapsed_s=0.33 completed=844/1000 remaining=156
[2026-04-09 07:25:43] dispatch_start n=853 robot=4 role=deliver robot_t=9132 completed=844/1000 remaining=156
[2026-04-09 07:25:43] dispatch_end n=853 robot=4 role=deliver success=True elapsed_s=0.26 completed=845/1000 remaining=155
[2026-04-09 07:25:43] dispatch_start n=854 robot=0 role=deliver robot_t=9141 completed=845/1000 remaining=155
[2026-04-09 07:25:43] dispatch_end n=854 robot=0 role=deliver success=True elapsed_s=0.33 completed=846/1000 remaining=154
[2026-04-09 07:25:43] dispatch_start n=855 robot=1 role=deliver robot_t=9150 completed=846/1000 remaining=154
[2026-04-09 07:25:45] dispatch_end n=855 robot=1 role=deliver success=True elapsed_s=2.17 completed=847/1000 remaining=153
[2026-04-09 07:25:45] dispatch_start n=856 robot=2 role=deliver robot_t=9169 completed=847/1000 remaining=153
[2026-04-09 07:25:48] dispatch_end n=856 robot=2 role=deliver success=True elapsed_s=2.13 completed=848/1000 remaining=152
[2026-04-09 07:25:48] dispatch_start n=857 robot=3 role=deliver robot_t=9192 completed=848/1000 remaining=152
[2026-04-09 07:25:48] dispatch_end n=857 robot=3 role=deliver success=True elapsed_s=0.31 completed=849/1000 remaining=151
[2026-04-09 07:25:48] dispatch_start n=858 robot=0 role=deliver robot_t=9199 completed=849/1000 remaining=151
[2026-04-09 07:25:50] dispatch_end n=858 robot=0 role=deliver success=True elapsed_s=2.11 completed=850/1000 remaining=150
[2026-04-09 07:25:50] progress completed=850/1000 makespan=9305 dispatches=858
[2026-04-09 07:25:50] dispatch_start n=859 robot=4 role=deliver robot_t=9199 completed=850/1000 remaining=150
[2026-04-09 07:25:50] dispatch_end n=859 robot=4 role=deliver success=True elapsed_s=0.30 completed=851/1000 remaining=149
[2026-04-09 07:25:50] dispatch_start n=860 robot=1 role=deliver robot_t=9226 completed=851/1000 remaining=149
[2026-04-09 07:25:51] dispatch_end n=860 robot=1 role=deliver success=True elapsed_s=0.31 completed=852/1000 remaining=148
[2026-04-09 07:25:51] dispatch_start n=861 robot=2 role=deliver robot_t=9238 completed=852/1000 remaining=148
[2026-04-09 07:25:51] dispatch_end n=861 robot=2 role=deliver success=True elapsed_s=0.30 completed=853/1000 remaining=147
[2026-04-09 07:25:51] dispatch_start n=862 robot=0 role=deliver robot_t=9280 completed=853/1000 remaining=147
[2026-04-09 07:25:51] dispatch_end n=862 robot=0 role=deliver success=True elapsed_s=0.31 completed=854/1000 remaining=146
[2026-04-09 07:25:51] dispatch_start n=863 robot=4 role=deliver robot_t=9285 completed=854/1000 remaining=146
[2026-04-09 07:25:52] dispatch_end n=863 robot=4 role=deliver success=True elapsed_s=0.33 completed=855/1000 remaining=145
[2026-04-09 07:25:52] dispatch_start n=864 robot=1 role=deliver robot_t=9300 completed=855/1000 remaining=145
[2026-04-09 07:25:52] dispatch_end n=864 robot=1 role=deliver success=True elapsed_s=0.29 completed=856/1000 remaining=144
[2026-04-09 07:25:52] dispatch_start n=865 robot=3 role=deliver robot_t=9305 completed=856/1000 remaining=144
[2026-04-09 07:25:52] dispatch_end n=865 robot=3 role=deliver success=True elapsed_s=0.30 completed=857/1000 remaining=143
[2026-04-09 07:25:52] dispatch_start n=866 robot=2 role=deliver robot_t=9322 completed=857/1000 remaining=143
[2026-04-09 07:25:54] dispatch_end n=866 robot=2 role=deliver success=True elapsed_s=2.16 completed=858/1000 remaining=142
[2026-04-09 07:25:54] dispatch_start n=867 robot=4 role=deliver robot_t=9359 completed=858/1000 remaining=142
[2026-04-09 07:25:55] dispatch_end n=867 robot=4 role=deliver success=True elapsed_s=0.29 completed=859/1000 remaining=141
[2026-04-09 07:25:55] dispatch_start n=868 robot=1 role=deliver robot_t=9367 completed=859/1000 remaining=141
[2026-04-09 07:25:55] dispatch_end n=868 robot=1 role=deliver success=True elapsed_s=0.29 completed=860/1000 remaining=140
[2026-04-09 07:25:55] dispatch_start n=869 robot=0 role=deliver robot_t=9379 completed=860/1000 remaining=140
[2026-04-09 07:25:55] dispatch_end n=869 robot=0 role=deliver success=True elapsed_s=0.31 completed=861/1000 remaining=139
[2026-04-09 07:25:55] dispatch_start n=870 robot=3 role=deliver robot_t=9383 completed=861/1000 remaining=139
[2026-04-09 07:25:55] dispatch_end n=870 robot=3 role=deliver success=True elapsed_s=0.28 completed=862/1000 remaining=138
[2026-04-09 07:25:55] dispatch_start n=871 robot=2 role=deliver robot_t=9393 completed=862/1000 remaining=138
[2026-04-09 07:25:56] dispatch_end n=871 robot=2 role=deliver success=True elapsed_s=0.29 completed=863/1000 remaining=137
[2026-04-09 07:25:56] dispatch_start n=872 robot=4 role=deliver robot_t=9431 completed=863/1000 remaining=137
[2026-04-09 07:25:56] dispatch_end n=872 robot=4 role=deliver success=True elapsed_s=0.30 completed=864/1000 remaining=136
[2026-04-09 07:25:56] dispatch_start n=873 robot=1 role=deliver robot_t=9432 completed=864/1000 remaining=136
[2026-04-09 07:25:56] dispatch_end n=873 robot=1 role=deliver success=True elapsed_s=0.29 completed=865/1000 remaining=135
[2026-04-09 07:25:56] dispatch_start n=874 robot=0 role=deliver robot_t=9434 completed=865/1000 remaining=135
[2026-04-09 07:25:57] dispatch_end n=874 robot=0 role=deliver success=True elapsed_s=0.29 completed=866/1000 remaining=134
[2026-04-09 07:25:57] dispatch_start n=875 robot=3 role=deliver robot_t=9448 completed=866/1000 remaining=134
[2026-04-09 07:25:57] dispatch_end n=875 robot=3 role=deliver success=True elapsed_s=0.29 completed=867/1000 remaining=133
[2026-04-09 07:25:57] dispatch_start n=876 robot=2 role=deliver robot_t=9472 completed=867/1000 remaining=133
[2026-04-09 07:25:57] dispatch_end n=876 robot=2 role=deliver success=True elapsed_s=0.30 completed=868/1000 remaining=132
[2026-04-09 07:25:57] dispatch_start n=877 robot=4 role=deliver robot_t=9491 completed=868/1000 remaining=132
[2026-04-09 07:25:58] dispatch_end n=877 robot=4 role=deliver success=True elapsed_s=0.31 completed=869/1000 remaining=131
[2026-04-09 07:25:58] dispatch_start n=878 robot=1 role=deliver robot_t=9496 completed=869/1000 remaining=131
[2026-04-09 07:25:58] dispatch_end n=878 robot=1 role=deliver success=True elapsed_s=0.28 completed=870/1000 remaining=130
[2026-04-09 07:25:58] dispatch_start n=879 robot=0 role=deliver robot_t=9511 completed=870/1000 remaining=130
[2026-04-09 07:25:58] dispatch_end n=879 robot=0 role=deliver success=True elapsed_s=0.28 completed=871/1000 remaining=129
[2026-04-09 07:25:58] dispatch_start n=880 robot=3 role=deliver robot_t=9514 completed=871/1000 remaining=129
[2026-04-09 07:25:58] dispatch_end n=880 robot=3 role=deliver success=True elapsed_s=0.28 completed=872/1000 remaining=128
[2026-04-09 07:25:58] dispatch_start n=881 robot=2 role=deliver robot_t=9549 completed=872/1000 remaining=128
[2026-04-09 07:25:59] dispatch_end n=881 robot=2 role=deliver success=True elapsed_s=0.27 completed=873/1000 remaining=127
[2026-04-09 07:25:59] dispatch_start n=882 robot=1 role=deliver robot_t=9568 completed=873/1000 remaining=127
[2026-04-09 07:25:59] dispatch_end n=882 robot=1 role=deliver success=True elapsed_s=0.26 completed=874/1000 remaining=126
[2026-04-09 07:25:59] dispatch_start n=883 robot=4 role=deliver robot_t=9568 completed=874/1000 remaining=126
[2026-04-09 07:25:59] dispatch_end n=883 robot=4 role=deliver success=True elapsed_s=0.29 completed=875/1000 remaining=125
[2026-04-09 07:25:59] dispatch_start n=884 robot=0 role=deliver robot_t=9607 completed=875/1000 remaining=125
[2026-04-09 07:25:59] dispatch_end n=884 robot=0 role=deliver success=True elapsed_s=0.27 completed=876/1000 remaining=124
[2026-04-09 07:25:59] dispatch_start n=885 robot=3 role=deliver robot_t=9607 completed=876/1000 remaining=124
[2026-04-09 07:26:00] dispatch_end n=885 robot=3 role=deliver success=True elapsed_s=0.27 completed=877/1000 remaining=123
[2026-04-09 07:26:00] dispatch_start n=886 robot=2 role=deliver robot_t=9613 completed=877/1000 remaining=123
[2026-04-09 07:26:00] dispatch_end n=886 robot=2 role=deliver success=True elapsed_s=0.25 completed=878/1000 remaining=122
[2026-04-09 07:26:00] dispatch_start n=887 robot=4 role=deliver robot_t=9642 completed=878/1000 remaining=122
[2026-04-09 07:26:00] dispatch_end n=887 robot=4 role=deliver success=True elapsed_s=0.25 completed=879/1000 remaining=121
[2026-04-09 07:26:00] dispatch_start n=888 robot=1 role=deliver robot_t=9654 completed=879/1000 remaining=121
[2026-04-09 07:26:00] dispatch_end n=888 robot=1 role=deliver success=True elapsed_s=0.27 completed=880/1000 remaining=120
[2026-04-09 07:26:00] dispatch_start n=889 robot=0 role=deliver robot_t=9665 completed=880/1000 remaining=120
[2026-04-09 07:26:01] dispatch_end n=889 robot=0 role=deliver success=True elapsed_s=0.26 completed=881/1000 remaining=119
[2026-04-09 07:26:01] dispatch_start n=890 robot=2 role=deliver robot_t=9682 completed=881/1000 remaining=119
[2026-04-09 07:26:01] dispatch_end n=890 robot=2 role=deliver success=True elapsed_s=0.26 completed=882/1000 remaining=118
[2026-04-09 07:26:01] dispatch_start n=891 robot=3 role=deliver robot_t=9684 completed=882/1000 remaining=118
[2026-04-09 07:26:01] dispatch_end n=891 robot=3 role=deliver success=True elapsed_s=0.25 completed=883/1000 remaining=117
[2026-04-09 07:26:01] dispatch_start n=892 robot=4 role=deliver robot_t=9712 completed=883/1000 remaining=117
[2026-04-09 07:26:02] dispatch_end n=892 robot=4 role=deliver success=True elapsed_s=0.24 completed=884/1000 remaining=116
[2026-04-09 07:26:02] dispatch_start n=893 robot=1 role=deliver robot_t=9735 completed=884/1000 remaining=116
[2026-04-09 07:26:02] dispatch_end n=893 robot=1 role=deliver success=True elapsed_s=0.26 completed=885/1000 remaining=115
[2026-04-09 07:26:02] dispatch_start n=894 robot=2 role=deliver robot_t=9757 completed=885/1000 remaining=115
[2026-04-09 07:26:02] dispatch_end n=894 robot=2 role=deliver success=True elapsed_s=0.25 completed=886/1000 remaining=114
[2026-04-09 07:26:02] dispatch_start n=895 robot=0 role=deliver robot_t=9761 completed=886/1000 remaining=114
[2026-04-09 07:26:02] dispatch_end n=895 robot=0 role=deliver success=True elapsed_s=0.23 completed=887/1000 remaining=113
[2026-04-09 07:26:02] dispatch_start n=896 robot=3 role=deliver robot_t=9776 completed=887/1000 remaining=113
[2026-04-09 07:26:02] dispatch_end n=896 robot=3 role=deliver success=True elapsed_s=0.23 completed=888/1000 remaining=112
[2026-04-09 07:26:02] dispatch_start n=897 robot=4 role=deliver robot_t=9782 completed=888/1000 remaining=112
[2026-04-09 07:26:03] dispatch_end n=897 robot=4 role=deliver success=True elapsed_s=0.23 completed=889/1000 remaining=111
[2026-04-09 07:26:03] dispatch_start n=898 robot=1 role=deliver robot_t=9813 completed=889/1000 remaining=111
[2026-04-09 07:26:03] dispatch_end n=898 robot=1 role=deliver success=True elapsed_s=0.23 completed=890/1000 remaining=110
[2026-04-09 07:26:03] dispatch_start n=899 robot=4 role=deliver robot_t=9847 completed=890/1000 remaining=110
[2026-04-09 07:26:03] dispatch_end n=899 robot=4 role=deliver success=True elapsed_s=0.25 completed=891/1000 remaining=109
[2026-04-09 07:26:03] dispatch_start n=900 robot=0 role=deliver robot_t=9853 completed=891/1000 remaining=109
[2026-04-09 07:26:03] dispatch_end n=900 robot=0 role=deliver success=True elapsed_s=0.24 completed=892/1000 remaining=108
[2026-04-09 07:26:03] dispatch_start n=901 robot=3 role=deliver robot_t=9857 completed=892/1000 remaining=108
[2026-04-09 07:26:04] dispatch_end n=901 robot=3 role=deliver success=True elapsed_s=0.24 completed=893/1000 remaining=107
[2026-04-09 07:26:04] dispatch_start n=902 robot=2 role=deliver robot_t=9861 completed=893/1000 remaining=107
[2026-04-09 07:26:04] dispatch_end n=902 robot=2 role=deliver success=True elapsed_s=0.22 completed=894/1000 remaining=106
[2026-04-09 07:26:04] dispatch_start n=903 robot=1 role=deliver robot_t=9892 completed=894/1000 remaining=106
[2026-04-09 07:26:04] dispatch_end n=903 robot=1 role=deliver success=True elapsed_s=0.22 completed=895/1000 remaining=105
[2026-04-09 07:26:04] dispatch_start n=904 robot=4 role=deliver robot_t=9911 completed=895/1000 remaining=105
[2026-04-09 07:26:04] dispatch_end n=904 robot=4 role=deliver success=True elapsed_s=0.24 completed=896/1000 remaining=104
[2026-04-09 07:26:04] dispatch_start n=905 robot=3 role=deliver robot_t=9929 completed=896/1000 remaining=104
[2026-04-09 07:26:05] dispatch_end n=905 robot=3 role=deliver success=True elapsed_s=0.22 completed=897/1000 remaining=103
[2026-04-09 07:26:05] dispatch_start n=906 robot=0 role=deliver robot_t=9936 completed=897/1000 remaining=103
[2026-04-09 07:26:05] dispatch_end n=906 robot=0 role=deliver success=True elapsed_s=0.21 completed=898/1000 remaining=102
[2026-04-09 07:26:05] dispatch_start n=907 robot=2 role=deliver robot_t=9939 completed=898/1000 remaining=102
[2026-04-09 07:26:05] dispatch_end n=907 robot=2 role=deliver success=True elapsed_s=0.22 completed=899/1000 remaining=101
[2026-04-09 07:26:05] dispatch_start n=908 robot=1 role=deliver robot_t=9963 completed=899/1000 remaining=101
[2026-04-09 07:26:05] dispatch_end n=908 robot=1 role=deliver success=True elapsed_s=0.23 completed=900/1000 remaining=100
[2026-04-09 07:26:05] progress completed=900/1000 makespan=10039 dispatches=908
[2026-04-09 07:26:05] dispatch_start n=909 robot=4 role=deliver robot_t=9991 completed=900/1000 remaining=100
[2026-04-09 07:26:05] dispatch_end n=909 robot=4 role=deliver success=True elapsed_s=0.22 completed=901/1000 remaining=99
[2026-04-09 07:26:05] dispatch_start n=910 robot=0 role=deliver robot_t=10003 completed=901/1000 remaining=99
[2026-04-09 07:26:06] dispatch_end n=910 robot=0 role=deliver success=True elapsed_s=0.22 completed=902/1000 remaining=98
[2026-04-09 07:26:06] dispatch_start n=911 robot=3 role=deliver robot_t=10004 completed=902/1000 remaining=98
[2026-04-09 07:26:06] dispatch_end n=911 robot=3 role=deliver success=True elapsed_s=0.21 completed=903/1000 remaining=97
[2026-04-09 07:26:06] dispatch_start n=912 robot=2 role=deliver robot_t=10034 completed=903/1000 remaining=97
[2026-04-09 07:26:06] dispatch_end n=912 robot=2 role=deliver success=True elapsed_s=0.22 completed=904/1000 remaining=96
[2026-04-09 07:26:06] dispatch_start n=913 robot=1 role=deliver robot_t=10039 completed=904/1000 remaining=96
[2026-04-09 07:26:06] dispatch_end n=913 robot=1 role=deliver success=True elapsed_s=0.20 completed=905/1000 remaining=95
[2026-04-09 07:26:06] dispatch_start n=914 robot=0 role=deliver robot_t=10066 completed=905/1000 remaining=95
[2026-04-09 07:26:07] dispatch_end n=914 robot=0 role=deliver success=True elapsed_s=0.22 completed=906/1000 remaining=94
[2026-04-09 07:26:07] dispatch_start n=915 robot=4 role=deliver robot_t=10080 completed=906/1000 remaining=94
[2026-04-09 07:26:07] dispatch_end n=915 robot=4 role=deliver success=True elapsed_s=0.21 completed=907/1000 remaining=93
[2026-04-09 07:26:07] dispatch_start n=916 robot=3 role=deliver robot_t=10092 completed=907/1000 remaining=93
[2026-04-09 07:26:07] dispatch_end n=916 robot=3 role=deliver success=True elapsed_s=0.21 completed=908/1000 remaining=92
[2026-04-09 07:26:07] dispatch_start n=917 robot=2 role=deliver robot_t=10105 completed=908/1000 remaining=92
[2026-04-09 07:26:07] dispatch_end n=917 robot=2 role=deliver success=True elapsed_s=0.20 completed=909/1000 remaining=91
[2026-04-09 07:26:07] dispatch_start n=918 robot=0 role=deliver robot_t=10123 completed=909/1000 remaining=91
[2026-04-09 07:26:07] dispatch_end n=918 robot=0 role=deliver success=True elapsed_s=0.20 completed=910/1000 remaining=90
[2026-04-09 07:26:07] dispatch_start n=919 robot=1 role=deliver robot_t=10124 completed=910/1000 remaining=90
[2026-04-09 07:26:08] dispatch_end n=919 robot=1 role=deliver success=True elapsed_s=0.20 completed=911/1000 remaining=89
[2026-04-09 07:26:08] dispatch_start n=920 robot=3 role=deliver robot_t=10172 completed=911/1000 remaining=89
[2026-04-09 07:26:08] dispatch_end n=920 robot=3 role=deliver success=True elapsed_s=0.19 completed=912/1000 remaining=88
[2026-04-09 07:26:08] dispatch_start n=921 robot=4 role=deliver robot_t=10174 completed=912/1000 remaining=88
[2026-04-09 07:26:08] dispatch_end n=921 robot=4 role=deliver success=True elapsed_s=0.19 completed=913/1000 remaining=87
[2026-04-09 07:26:08] dispatch_start n=922 robot=1 role=deliver robot_t=10183 completed=913/1000 remaining=87
[2026-04-09 07:26:08] dispatch_end n=922 robot=1 role=deliver success=True elapsed_s=0.19 completed=914/1000 remaining=86
[2026-04-09 07:26:08] dispatch_start n=923 robot=2 role=deliver robot_t=10190 completed=914/1000 remaining=86
[2026-04-09 07:26:08] dispatch_end n=923 robot=2 role=deliver success=True elapsed_s=0.19 completed=915/1000 remaining=85
[2026-04-09 07:26:08] dispatch_start n=924 robot=0 role=deliver robot_t=10210 completed=915/1000 remaining=85
[2026-04-09 07:26:08] dispatch_end n=924 robot=0 role=deliver success=True elapsed_s=0.18 completed=916/1000 remaining=84
[2026-04-09 07:26:08] dispatch_start n=925 robot=4 role=deliver robot_t=10249 completed=916/1000 remaining=84
[2026-04-09 07:26:09] dispatch_end n=925 robot=4 role=deliver success=True elapsed_s=0.19 completed=917/1000 remaining=83
[2026-04-09 07:26:09] dispatch_start n=926 robot=3 role=deliver robot_t=10252 completed=917/1000 remaining=83
[2026-04-09 07:26:09] dispatch_end n=926 robot=3 role=deliver success=True elapsed_s=0.18 completed=918/1000 remaining=82
[2026-04-09 07:26:09] dispatch_start n=927 robot=1 role=deliver robot_t=10265 completed=918/1000 remaining=82
[2026-04-09 07:26:09] dispatch_end n=927 robot=1 role=deliver success=True elapsed_s=0.19 completed=919/1000 remaining=81
[2026-04-09 07:26:09] dispatch_start n=928 robot=0 role=deliver robot_t=10287 completed=919/1000 remaining=81
[2026-04-09 07:26:09] dispatch_end n=928 robot=0 role=deliver success=True elapsed_s=0.18 completed=920/1000 remaining=80
[2026-04-09 07:26:09] dispatch_start n=929 robot=2 role=deliver robot_t=10303 completed=920/1000 remaining=80
[2026-04-09 07:26:09] dispatch_end n=929 robot=2 role=deliver success=True elapsed_s=0.17 completed=921/1000 remaining=79
[2026-04-09 07:26:09] dispatch_start n=930 robot=3 role=deliver robot_t=10325 completed=921/1000 remaining=79
[2026-04-09 07:26:10] dispatch_end n=930 robot=3 role=deliver success=True elapsed_s=0.17 completed=922/1000 remaining=78
[2026-04-09 07:26:10] dispatch_start n=931 robot=4 role=deliver robot_t=10325 completed=922/1000 remaining=78
[2026-04-09 07:26:10] dispatch_end n=931 robot=4 role=deliver success=True elapsed_s=0.17 completed=923/1000 remaining=77
[2026-04-09 07:26:10] dispatch_start n=932 robot=1 role=deliver robot_t=10339 completed=923/1000 remaining=77
[2026-04-09 07:26:10] dispatch_end n=932 robot=1 role=deliver success=True elapsed_s=0.17 completed=924/1000 remaining=76
[2026-04-09 07:26:10] dispatch_start n=933 robot=0 role=deliver robot_t=10353 completed=924/1000 remaining=76
[2026-04-09 07:26:10] dispatch_end n=933 robot=0 role=deliver success=True elapsed_s=0.17 completed=925/1000 remaining=75
[2026-04-09 07:26:10] dispatch_start n=934 robot=4 role=deliver robot_t=10399 completed=925/1000 remaining=75
[2026-04-09 07:26:12] dispatch_end n=934 robot=4 role=deliver success=True elapsed_s=2.00 completed=926/1000 remaining=74
[2026-04-09 07:26:12] dispatch_start n=935 robot=3 role=deliver robot_t=10407 completed=926/1000 remaining=74
[2026-04-09 07:26:12] dispatch_end n=935 robot=3 role=deliver success=True elapsed_s=0.17 completed=927/1000 remaining=73
[2026-04-09 07:26:12] dispatch_start n=936 robot=2 role=deliver robot_t=10412 completed=927/1000 remaining=73
[2026-04-09 07:26:12] dispatch_end n=936 robot=2 role=deliver success=True elapsed_s=0.17 completed=928/1000 remaining=72
[2026-04-09 07:26:12] dispatch_start n=937 robot=1 role=deliver robot_t=10420 completed=928/1000 remaining=72
[2026-04-09 07:26:14] dispatch_end n=937 robot=1 role=deliver success=True elapsed_s=2.00 completed=929/1000 remaining=71
[2026-04-09 07:26:14] dispatch_start n=938 robot=0 role=deliver robot_t=10435 completed=929/1000 remaining=71
[2026-04-09 07:26:15] dispatch_end n=938 robot=0 role=deliver success=True elapsed_s=0.17 completed=930/1000 remaining=70
[2026-04-09 07:26:15] dispatch_start n=939 robot=4 role=deliver robot_t=10458 completed=930/1000 remaining=70
[2026-04-09 07:26:15] dispatch_end n=939 robot=4 role=deliver success=True elapsed_s=0.17 completed=931/1000 remaining=69
[2026-04-09 07:26:15] dispatch_start n=940 robot=2 role=deliver robot_t=10488 completed=931/1000 remaining=69
[2026-04-09 07:26:15] dispatch_end n=940 robot=2 role=deliver success=True elapsed_s=0.17 completed=932/1000 remaining=68
[2026-04-09 07:26:15] dispatch_start n=941 robot=3 role=deliver robot_t=10497 completed=932/1000 remaining=68
[2026-04-09 07:26:15] dispatch_end n=941 robot=3 role=deliver success=True elapsed_s=0.16 completed=933/1000 remaining=67
[2026-04-09 07:26:15] dispatch_start n=942 robot=1 role=deliver robot_t=10500 completed=933/1000 remaining=67
[2026-04-09 07:26:15] dispatch_end n=942 robot=1 role=deliver success=True elapsed_s=0.15 completed=934/1000 remaining=66
[2026-04-09 07:26:15] dispatch_start n=943 robot=0 role=deliver robot_t=10508 completed=934/1000 remaining=66
[2026-04-09 07:26:15] dispatch_end n=943 robot=0 role=deliver success=True elapsed_s=0.15 completed=935/1000 remaining=65
[2026-04-09 07:26:15] dispatch_start n=944 robot=4 role=deliver robot_t=10543 completed=935/1000 remaining=65
[2026-04-09 07:26:16] dispatch_end n=944 robot=4 role=deliver success=True elapsed_s=0.15 completed=936/1000 remaining=64
[2026-04-09 07:26:16] dispatch_start n=945 robot=2 role=deliver robot_t=10570 completed=936/1000 remaining=64
[2026-04-09 07:26:16] dispatch_end n=945 robot=2 role=deliver success=True elapsed_s=0.14 completed=937/1000 remaining=63
[2026-04-09 07:26:16] dispatch_start n=946 robot=1 role=deliver robot_t=10576 completed=937/1000 remaining=63
[2026-04-09 07:26:18] dispatch_end n=946 robot=1 role=deliver success=True elapsed_s=1.94 completed=938/1000 remaining=62
[2026-04-09 07:26:18] dispatch_start n=947 robot=3 role=deliver robot_t=10584 completed=938/1000 remaining=62
[2026-04-09 07:26:18] dispatch_end n=947 robot=3 role=deliver success=True elapsed_s=0.14 completed=939/1000 remaining=61
[2026-04-09 07:26:18] dispatch_start n=948 robot=0 role=deliver robot_t=10603 completed=939/1000 remaining=61
[2026-04-09 07:26:18] dispatch_end n=948 robot=0 role=deliver success=True elapsed_s=0.15 completed=940/1000 remaining=60
[2026-04-09 07:26:18] dispatch_start n=949 robot=4 role=deliver robot_t=10627 completed=940/1000 remaining=60
[2026-04-09 07:26:18] dispatch_end n=949 robot=4 role=deliver success=True elapsed_s=0.14 completed=941/1000 remaining=59
[2026-04-09 07:26:18] dispatch_start n=950 robot=1 role=deliver robot_t=10634 completed=941/1000 remaining=59
[2026-04-09 07:26:18] dispatch_end n=950 robot=1 role=deliver success=True elapsed_s=0.14 completed=942/1000 remaining=58
[2026-04-09 07:26:18] dispatch_start n=951 robot=2 role=deliver robot_t=10644 completed=942/1000 remaining=58
[2026-04-09 07:26:18] dispatch_end n=951 robot=2 role=deliver success=True elapsed_s=0.14 completed=943/1000 remaining=57
[2026-04-09 07:26:18] dispatch_start n=952 robot=3 role=deliver robot_t=10665 completed=943/1000 remaining=57
[2026-04-09 07:26:18] dispatch_end n=952 robot=3 role=deliver success=True elapsed_s=0.14 completed=944/1000 remaining=56
[2026-04-09 07:26:18] dispatch_start n=953 robot=4 role=deliver robot_t=10683 completed=944/1000 remaining=56
[2026-04-09 07:26:19] dispatch_end n=953 robot=4 role=deliver success=True elapsed_s=0.13 completed=945/1000 remaining=55
[2026-04-09 07:26:19] dispatch_start n=954 robot=0 role=deliver robot_t=10687 completed=945/1000 remaining=55
[2026-04-09 07:26:19] dispatch_end n=954 robot=0 role=deliver success=True elapsed_s=0.13 completed=946/1000 remaining=54
[2026-04-09 07:26:19] dispatch_start n=955 robot=1 role=deliver robot_t=10696 completed=946/1000 remaining=54
[2026-04-09 07:26:19] dispatch_end n=955 robot=1 role=deliver success=True elapsed_s=0.13 completed=947/1000 remaining=53
[2026-04-09 07:26:19] dispatch_start n=956 robot=2 role=deliver robot_t=10734 completed=947/1000 remaining=53
[2026-04-09 07:26:21] dispatch_end n=956 robot=2 role=deliver success=True elapsed_s=1.95 completed=948/1000 remaining=52
[2026-04-09 07:26:21] dispatch_start n=957 robot=3 role=deliver robot_t=10747 completed=948/1000 remaining=52
[2026-04-09 07:26:21] dispatch_end n=957 robot=3 role=deliver success=True elapsed_s=0.12 completed=949/1000 remaining=51
[2026-04-09 07:26:21] dispatch_start n=958 robot=0 role=deliver robot_t=10762 completed=949/1000 remaining=51
[2026-04-09 07:26:21] dispatch_end n=958 robot=0 role=deliver success=True elapsed_s=0.12 completed=950/1000 remaining=50
[2026-04-09 07:26:21] progress completed=950/1000 makespan=10840 dispatches=958
[2026-04-09 07:26:21] dispatch_start n=959 robot=1 role=deliver robot_t=10772 completed=950/1000 remaining=50
[2026-04-09 07:26:21] dispatch_end n=959 robot=1 role=deliver success=True elapsed_s=0.12 completed=951/1000 remaining=49
[2026-04-09 07:26:21] dispatch_start n=960 robot=4 role=deliver robot_t=10773 completed=951/1000 remaining=49
[2026-04-09 07:26:21] dispatch_end n=960 robot=4 role=deliver success=True elapsed_s=0.12 completed=952/1000 remaining=48
[2026-04-09 07:26:21] dispatch_start n=961 robot=2 role=deliver robot_t=10814 completed=952/1000 remaining=48
[2026-04-09 07:26:21] dispatch_end n=961 robot=2 role=deliver success=True elapsed_s=0.12 completed=953/1000 remaining=47
[2026-04-09 07:26:21] dispatch_start n=962 robot=3 role=deliver robot_t=10816 completed=953/1000 remaining=47
[2026-04-09 07:26:23] dispatch_end n=962 robot=3 role=deliver success=True elapsed_s=1.95 completed=954/1000 remaining=46
[2026-04-09 07:26:23] dispatch_start n=963 robot=0 role=deliver robot_t=10840 completed=954/1000 remaining=46
[2026-04-09 07:26:23] dispatch_end n=963 robot=0 role=deliver success=True elapsed_s=0.11 completed=955/1000 remaining=45
[2026-04-09 07:26:23] dispatch_start n=964 robot=4 role=deliver robot_t=10851 completed=955/1000 remaining=45
[2026-04-09 07:26:24] dispatch_end n=964 robot=4 role=deliver success=True elapsed_s=0.12 completed=956/1000 remaining=44
[2026-04-09 07:26:24] dispatch_start n=965 robot=1 role=deliver robot_t=10854 completed=956/1000 remaining=44
[2026-04-09 07:26:24] dispatch_end n=965 robot=1 role=deliver success=True elapsed_s=0.11 completed=957/1000 remaining=43
[2026-04-09 07:26:24] dispatch_start n=966 robot=3 role=deliver robot_t=10886 completed=957/1000 remaining=43
[2026-04-09 07:26:24] dispatch_end n=966 robot=3 role=deliver success=True elapsed_s=0.11 completed=958/1000 remaining=42
[2026-04-09 07:26:24] dispatch_start n=967 robot=2 role=deliver robot_t=10911 completed=958/1000 remaining=42
[2026-04-09 07:26:24] dispatch_end n=967 robot=2 role=deliver success=True elapsed_s=0.10 completed=959/1000 remaining=41
[2026-04-09 07:26:24] dispatch_start n=968 robot=0 role=deliver robot_t=10928 completed=959/1000 remaining=41
[2026-04-09 07:26:24] dispatch_end n=968 robot=0 role=deliver success=True elapsed_s=0.10 completed=960/1000 remaining=40
[2026-04-09 07:26:24] dispatch_start n=969 robot=4 role=deliver robot_t=10947 completed=960/1000 remaining=40
[2026-04-09 07:26:24] dispatch_end n=969 robot=4 role=deliver success=True elapsed_s=0.10 completed=961/1000 remaining=39
[2026-04-09 07:26:24] dispatch_start n=970 robot=3 role=deliver robot_t=10954 completed=961/1000 remaining=39
[2026-04-09 07:26:24] dispatch_end n=970 robot=3 role=deliver success=True elapsed_s=0.09 completed=962/1000 remaining=38
[2026-04-09 07:26:24] dispatch_start n=971 robot=1 role=deliver robot_t=10964 completed=962/1000 remaining=38
[2026-04-09 07:26:24] dispatch_end n=971 robot=1 role=deliver success=True elapsed_s=0.09 completed=963/1000 remaining=37
[2026-04-09 07:26:24] dispatch_start n=972 robot=2 role=deliver robot_t=10978 completed=963/1000 remaining=37
[2026-04-09 07:26:24] dispatch_end n=972 robot=2 role=deliver success=True elapsed_s=0.09 completed=964/1000 remaining=36
[2026-04-09 07:26:24] dispatch_start n=973 robot=3 role=deliver robot_t=11006 completed=964/1000 remaining=36
[2026-04-09 07:26:24] dispatch_end n=973 robot=3 role=deliver success=True elapsed_s=0.09 completed=965/1000 remaining=35
[2026-04-09 07:26:24] dispatch_start n=974 robot=4 role=deliver robot_t=11022 completed=965/1000 remaining=35
[2026-04-09 07:26:25] dispatch_end n=974 robot=4 role=deliver success=True elapsed_s=0.09 completed=966/1000 remaining=34
[2026-04-09 07:26:25] dispatch_start n=975 robot=0 role=deliver robot_t=11035 completed=966/1000 remaining=34
[2026-04-09 07:26:26] dispatch_end n=975 robot=0 role=deliver success=True elapsed_s=1.84 completed=967/1000 remaining=33
[2026-04-09 07:26:26] dispatch_start n=976 robot=2 role=deliver robot_t=11036 completed=967/1000 remaining=33
[2026-04-09 07:26:26] dispatch_end n=976 robot=2 role=deliver success=True elapsed_s=0.08 completed=968/1000 remaining=32
[2026-04-09 07:26:26] dispatch_start n=977 robot=1 role=deliver robot_t=11038 completed=968/1000 remaining=32
[2026-04-09 07:26:27] dispatch_end n=977 robot=1 role=deliver success=True elapsed_s=0.08 completed=969/1000 remaining=31
[2026-04-09 07:26:27] dispatch_start n=978 robot=4 role=deliver robot_t=11081 completed=969/1000 remaining=31
[2026-04-09 07:26:27] dispatch_end n=978 robot=4 role=deliver success=True elapsed_s=0.08 completed=970/1000 remaining=30
[2026-04-09 07:26:27] dispatch_start n=979 robot=3 role=deliver robot_t=11083 completed=970/1000 remaining=30
[2026-04-09 07:26:27] dispatch_end n=979 robot=3 role=deliver success=True elapsed_s=0.07 completed=971/1000 remaining=29
[2026-04-09 07:26:27] dispatch_start n=980 robot=0 role=deliver robot_t=11106 completed=971/1000 remaining=29
[2026-04-09 07:26:29] dispatch_end n=980 robot=0 role=deliver success=True elapsed_s=1.84 completed=972/1000 remaining=28
[2026-04-09 07:26:29] dispatch_start n=981 robot=2 role=deliver robot_t=11122 completed=972/1000 remaining=28
[2026-04-09 07:26:29] dispatch_end n=981 robot=2 role=deliver success=True elapsed_s=0.07 completed=973/1000 remaining=27
[2026-04-09 07:26:29] dispatch_start n=982 robot=1 role=deliver robot_t=11129 completed=973/1000 remaining=27
[2026-04-09 07:26:29] dispatch_end n=982 robot=1 role=deliver success=True elapsed_s=0.07 completed=974/1000 remaining=26
[2026-04-09 07:26:29] dispatch_start n=983 robot=4 role=deliver robot_t=11165 completed=974/1000 remaining=26
[2026-04-09 07:26:29] dispatch_end n=983 robot=4 role=deliver success=True elapsed_s=0.07 completed=975/1000 remaining=25
[2026-04-09 07:26:29] dispatch_start n=984 robot=3 role=deliver robot_t=11168 completed=975/1000 remaining=25
[2026-04-09 07:26:31] dispatch_end n=984 robot=3 role=deliver success=True elapsed_s=1.82 completed=976/1000 remaining=24
[2026-04-09 07:26:31] dispatch_start n=985 robot=2 role=deliver robot_t=11180 completed=976/1000 remaining=24
[2026-04-09 07:26:31] dispatch_end n=985 robot=2 role=deliver success=True elapsed_s=0.06 completed=977/1000 remaining=23
[2026-04-09 07:26:31] dispatch_start n=986 robot=0 role=deliver robot_t=11197 completed=977/1000 remaining=23
[2026-04-09 07:26:31] dispatch_end n=986 robot=0 role=deliver success=True elapsed_s=0.06 completed=978/1000 remaining=22
[2026-04-09 07:26:31] dispatch_start n=987 robot=1 role=deliver robot_t=11224 completed=978/1000 remaining=22
[2026-04-09 07:26:31] dispatch_end n=987 robot=1 role=deliver success=True elapsed_s=0.06 completed=979/1000 remaining=21
[2026-04-09 07:26:31] dispatch_start n=988 robot=3 role=deliver robot_t=11241 completed=979/1000 remaining=21
[2026-04-09 07:26:34] dispatch_end n=988 robot=3 role=deliver success=True elapsed_s=3.55 completed=980/1000 remaining=20
[2026-04-09 07:26:34] dispatch_start n=989 robot=4 role=deliver robot_t=11267 completed=980/1000 remaining=20
[2026-04-09 07:26:34] dispatch_end n=989 robot=4 role=deliver success=True elapsed_s=0.05 completed=981/1000 remaining=19
[2026-04-09 07:26:34] dispatch_start n=990 robot=2 role=deliver robot_t=11279 completed=981/1000 remaining=19
[2026-04-09 07:26:34] dispatch_end n=990 robot=2 role=deliver success=True elapsed_s=0.05 completed=982/1000 remaining=18
[2026-04-09 07:26:34] dispatch_start n=991 robot=0 role=deliver robot_t=11301 completed=982/1000 remaining=18
[2026-04-09 07:26:34] dispatch_end n=991 robot=0 role=deliver success=True elapsed_s=0.05 completed=983/1000 remaining=17
[2026-04-09 07:26:34] dispatch_start n=992 robot=1 role=deliver robot_t=11305 completed=983/1000 remaining=17
[2026-04-09 07:26:34] dispatch_end n=992 robot=1 role=deliver success=True elapsed_s=0.04 completed=984/1000 remaining=16
[2026-04-09 07:26:34] dispatch_start n=993 robot=3 role=deliver robot_t=11314 completed=984/1000 remaining=16
[2026-04-09 07:26:35] dispatch_end n=993 robot=3 role=deliver success=True elapsed_s=0.04 completed=985/1000 remaining=15
[2026-04-09 07:26:35] dispatch_start n=994 robot=4 role=deliver robot_t=11350 completed=985/1000 remaining=15
[2026-04-09 07:26:35] dispatch_end n=994 robot=4 role=deliver success=True elapsed_s=0.04 completed=986/1000 remaining=14
[2026-04-09 07:26:35] dispatch_start n=995 robot=2 role=deliver robot_t=11360 completed=986/1000 remaining=14
[2026-04-09 07:26:35] dispatch_end n=995 robot=2 role=deliver success=True elapsed_s=0.04 completed=987/1000 remaining=13
[2026-04-09 07:26:35] dispatch_start n=996 robot=1 role=deliver robot_t=11383 completed=987/1000 remaining=13
[2026-04-09 07:26:35] dispatch_end n=996 robot=1 role=deliver success=True elapsed_s=0.04 completed=988/1000 remaining=12
[2026-04-09 07:26:35] dispatch_start n=997 robot=0 role=deliver robot_t=11393 completed=988/1000 remaining=12
[2026-04-09 07:26:35] dispatch_end n=997 robot=0 role=deliver success=True elapsed_s=0.03 completed=989/1000 remaining=11
[2026-04-09 07:26:35] dispatch_start n=998 robot=3 role=deliver robot_t=11407 completed=989/1000 remaining=11
[2026-04-09 07:26:35] dispatch_end n=998 robot=3 role=deliver success=True elapsed_s=0.03 completed=990/1000 remaining=10
[2026-04-09 07:26:35] dispatch_start n=999 robot=2 role=deliver robot_t=11431 completed=990/1000 remaining=10
[2026-04-09 07:26:35] dispatch_end n=999 robot=2 role=deliver success=True elapsed_s=0.03 completed=991/1000 remaining=9
[2026-04-09 07:26:35] dispatch_start n=1000 robot=0 role=deliver robot_t=11457 completed=991/1000 remaining=9
[2026-04-09 07:26:35] dispatch_end n=1000 robot=0 role=deliver success=True elapsed_s=0.02 completed=992/1000 remaining=8
[2026-04-09 07:26:35] dispatch_start n=1001 robot=4 role=deliver robot_t=11460 completed=992/1000 remaining=8
[2026-04-09 07:26:35] dispatch_end n=1001 robot=4 role=deliver success=True elapsed_s=0.02 completed=993/1000 remaining=7
[2026-04-09 07:26:35] dispatch_start n=1002 robot=1 role=deliver robot_t=11467 completed=993/1000 remaining=7
[2026-04-09 07:26:35] dispatch_end n=1002 robot=1 role=deliver success=True elapsed_s=0.02 completed=994/1000 remaining=6
[2026-04-09 07:26:35] dispatch_start n=1003 robot=2 role=deliver robot_t=11506 completed=994/1000 remaining=6
[2026-04-09 07:26:35] dispatch_end n=1003 robot=2 role=deliver success=True elapsed_s=0.02 completed=995/1000 remaining=5
[2026-04-09 07:26:35] dispatch_start n=1004 robot=3 role=deliver robot_t=11518 completed=995/1000 remaining=5
[2026-04-09 07:26:35] dispatch_end n=1004 robot=3 role=deliver success=True elapsed_s=0.02 completed=996/1000 remaining=4
[2026-04-09 07:26:35] dispatch_start n=1005 robot=4 role=deliver robot_t=11532 completed=996/1000 remaining=4
[2026-04-09 07:26:35] dispatch_end n=1005 robot=4 role=deliver success=True elapsed_s=0.01 completed=997/1000 remaining=3
[2026-04-09 07:26:35] dispatch_start n=1006 robot=0 role=deliver robot_t=11539 completed=997/1000 remaining=3
[2026-04-09 07:26:35] dispatch_end n=1006 robot=0 role=deliver success=True elapsed_s=0.01 completed=998/1000 remaining=2
[2026-04-09 07:26:35] dispatch_start n=1007 robot=1 role=deliver robot_t=11579 completed=998/1000 remaining=2
[2026-04-09 07:26:35] dispatch_end n=1007 robot=1 role=deliver success=True elapsed_s=0.01 completed=999/1000 remaining=1
[2026-04-09 07:26:35] dispatch_start n=1008 robot=3 role=deliver robot_t=11608 completed=999/1000 remaining=1
[2026-04-09 07:26:35] dispatch_end n=1008 robot=3 role=deliver success=True elapsed_s=0.01 completed=1000/1000 remaining=0
[2026-04-09 07:26:35] progress completed=1000/1000 makespan=11709 dispatches=1008
[2026-04-09 07:26:35] solve_end actions=57904 makespan=11709 output=output\solution_latest.txt
