1 0 move 57 13
1 1 move 51 5
1 2 move 23 16
1 3 move 41 10
1 4 move 42 14
2 0 move 56 13
2 1 move 50 5
2 2 move 24 16
2 3 move 42 10
2 4 move 43 14
3 0 move 55 13
3 1 move 49 5
3 2 move 25 16
3 3 move 43 10
3 4 move 44 14
4 0 move 54 13
4 1 move 48 5
4 2 move 26 16
4 3 move 44 10
4 4 dock 45 14
5 0 move 53 13
5 1 move 47 5
5 2 move 26 15
5 3 dock 45 10
5 4 move 43 14
6 0 move 52 13
6 1 move 47 6
6 2 move 27 15
6 3 move 43 10
6 4 undock 44 14
7 0 move 51 13
7 1 pick 46 6
7 2 move 28 15
7 3 undock 44 10
7 4 move 43 15
8 0 move 50 13
8 1 pick 46 6
8 2 move 29 15
8 3 move 43 9
8 4 move 44 15
9 0 move 49 13
9 1 move 47 7
9 2 move 30 15
9 3 move 44 9
9 4 dock 44 14
10 0 move 48 13
10 1 move 47 8
10 2 dock 31 15
10 3 dock 44 10
10 4 move 43 15
11 0 move 47 13
11 1 pick 46 8
11 2 move 30 16
11 3 move 43 9
11 4 move 42 15
12 0 move 47 12
12 1 move 47 9
12 2 undock 31 16
12 3 move 42 9
12 4 move 41 15
13 0 move 47 11
13 1 move 47 10
13 2 move 30 17
13 3 move 41 9
13 4 move 40 15
14 1 pick 46 10
14 2 move 31 17
14 3 move 40 9
14 4 move 40 16
15 0 move 47 10
15 1 move 47 9
15 2 dock 31 16
15 3 move 40 8
15 4 move 40 17
16 0 pick 46 10
16 1 move 47 8
16 2 move 30 17
16 3 move 40 7
16 4 move 40 18
17 0 pick 46 10
17 1 move 47 7
17 2 move 29 17
17 3 move 40 6
17 4 move 40 19
18 0 move 47 9
18 1 move 47 6
18 2 move 28 17
18 3 move 40 5
18 4 move 40 20
19 0 move 47 8
19 1 move 47 5
19 2 move 27 17
19 3 move 40 4
19 4 move 40 21
20 0 move 47 7
20 1 move 46 5
20 2 move 26 17
20 3 move 39 4
20 4 move 40 22
21 0 pick 46 7
21 1 move 45 5
21 2 move 25 17
21 3 move 38 4
21 4 move 40 23
22 0 move 47 6
22 1 move 44 5
22 2 move 24 17
22 3 undock 38 5
22 4 move 40 24
23 0 pick 46 6
23 1 move 44 6
23 2 move 23 17
23 3 move 39 4
23 4 move 40 25
24 0 pick 46 6
24 1 move 44 7
24 2 move 22 17
24 3 move 39 5
24 4 move 40 26
25 0 pick 46 6
25 1 move 44 8
25 2 move 21 17
25 3 move 40 5
25 4 move 40 27
26 0 pick 46 6
26 1 pick 45 8
26 2 move 20 17
26 3 move 40 6
26 4 move 40 28
27 0 move 47 7
27 1 pick 45 8
27 2 move 19 17
27 3 move 40 7
27 4 move 40 29
28 0 move 47 8
28 1 move 44 7
28 2 move 19 18
28 3 move 41 7
28 4 move 40 30
29 0 move 47 9
29 1 move 44 6
29 2 move 19 19
29 3 move 42 7
29 4 move 40 31
30 0 move 47 10
30 1 move 44 5
30 2 move 19 20
30 3 move 43 7
30 4 move 40 32
31 0 move 47 11
31 1 move 44 4
31 2 move 19 21
31 3 move 44 7
31 4 move 40 33
32 0 move 47 12
32 1 move 44 3
32 2 move 19 22
32 3 dock 45 7
32 4 move 39 33
33 0 move 47 13
33 1 move 44 2
33 2 move 19 23
33 3 move 43 7
33 4 move 38 33
34 0 move 47 14
34 1 move 44 1
34 2 move 19 24
34 3 undock 44 7
34 4 undock 38 32
35 0 move 47 15
35 1 move 44 0
35 2 move 19 25
35 3 move 43 6
35 4 move 39 33
36 0 move 47 16
36 1 fulfill 44 0
36 2 move 19 26
36 3 move 44 6
36 4 move 39 32
37 0 move 47 17
37 1 move 44 1
37 2 move 19 27
37 3 dock 44 7
37 4 move 40 32
38 0 move 47 18
38 1 move 44 2
38 2 move 19 28
38 3 move 43 6
38 4 move 40 31
39 0 move 47 19
39 1 move 44 3
39 2 move 19 29
39 3 move 42 6
39 4 move 40 30
40 0 move 47 20
40 1 move 44 4
40 2 move 19 30
40 3 move 41 6
40 4 move 40 29
41 0 move 47 21
41 1 move 44 5
41 2 move 19 31
41 3 move 40 6
41 4 move 41 29
42 0 move 47 22
42 1 move 45 5
42 2 move 19 32
42 3 move 40 5
42 4 move 42 29
43 0 move 47 23
43 1 move 46 5
43 2 move 19 33
43 3 move 40 4
43 4 move 43 29
44 0 move 47 24
44 1 pick 46 6
44 2 move 18 33
44 3 move 39 4
44 4 move 44 29
45 0 pick 46 24
45 1 pick 46 6
45 2 move 17 33
45 3 undock 39 5
45 4 dock 45 29
46 0 move 48 24
46 1 pick 46 6
46 2 undock 17 32
46 3 move 40 4
46 4 move 43 29
47 0 move 49 24
47 1 pick 46 6
47 2 move 16 33
47 3 move 40 5
47 4 undock 44 29
48 0 move 50 24
48 1 pick 46 6
48 2 move 15 33
48 3 move 40 6
48 4 move 43 30
49 0 move 51 24
49 1 pick 46 6
49 2 move 14 33
49 3 move 40 7
49 4 move 44 30
50 0 move 52 24
50 1 pick 46 6
50 2 move 13 33
50 3 move 40 8
50 4 dock 44 29
51 0 move 53 24
51 1 move 47 5
51 2 move 12 33
51 3 move 40 9
51 4 move 43 30
52 0 move 54 24
52 1 move 47 6
52 2 move 11 33
52 3 move 40 10
52 4 move 42 30
53 0 move 55 24
53 1 move 47 7
53 2 move 10 33
53 3 move 40 11
53 4 move 41 30
54 0 move 56 24
54 1 pick 46 7
54 2 move 10 32
54 3 move 40 12
54 4 move 40 30
55 0 move 57 24
55 1 move 47 8
55 2 dock 10 31
55 3 move 40 13
55 4 move 40 31
56 0 move 58 24
56 1 move 47 9
56 2 move 10 33
56 3 move 41 13
56 4 move 40 32
57 0 move 59 24
57 1 move 47 10
57 2 undock 10 32
57 3 move 42 13
57 4 move 40 33
58 0 fulfill 59 24
58 1 pick 46 10
58 2 dock 10 32
58 3 move 43 13
58 4 move 39 33
59 0 move 58 24
59 1 move 47 11
59 2 move 11 33
59 3 move 44 13
59 4 undock 39 32
60 0 move 57 24
60 1 move 47 12
60 2 move 12 33
60 3 dock 45 13
60 4 move 40 33
61 0 move 56 24
61 1 move 47 13
61 2 move 13 33
61 3 move 43 13
61 4 move 40 32
62 0 move 55 24
62 1 move 47 14
62 2 move 14 33
62 3 undock 44 13
62 4 move 40 31
63 0 move 54 24
63 1 move 47 15
63 2 move 15 33
63 3 move 43 12
63 4 move 40 30
64 0 move 53 24
64 1 move 47 16
64 2 move 16 33
64 3 move 44 12
64 4 move 40 29
65 0 move 52 24
65 1 move 46 16
65 2 move 16 34
65 3 dock 44 13
65 4 move 40 28
66 0 move 51 24
66 1 move 45 16
66 2 move 17 34
66 3 move 43 12
66 4 move 40 27
67 0 move 50 24
67 1 move 44 16
67 2 move 18 34
67 3 move 42 12
67 4 move 40 26
68 0 move 49 24
68 1 move 43 16
68 2 move 18 33
68 3 move 41 12
68 4 move 40 25
69 0 move 48 24
69 1 move 42 16
69 2 undock 18 32
69 3 move 40 12
69 4 move 41 25
70 0 move 47 24
70 1 move 41 16
70 2 move 19 33
70 3 move 40 11
70 4 move 42 25
71 0 move 47 25
71 1 move 40 16
71 2 move 19 32
71 3 move 40 10
71 4 move 43 25
72 0 pick 46 25
72 1 move 39 16
72 2 move 19 31
72 3 move 40 9
72 4 move 44 25
73 0 move 47 24
73 1 move 38 16
73 2 move 19 30
73 3 move 40 8
73 4 dock 45 25
74 0 move 47 23
74 1 move 37 16
74 2 move 19 29
74 3 move 40 7
74 4 move 43 25
75 0 move 47 22
75 1 move 36 16
75 2 move 19 28
75 3 move 40 6
75 4 undock 44 25
76 0 move 47 21
76 1 move 35 16
76 2 move 20 28
76 3 move 40 5
76 4 move 43 26
77 0 move 46 21
77 1 move 34 16
77 2 move 21 28
77 3 move 40 4
77 4 move 44 26
78 0 move 45 21
78 1 move 33 16
78 2 move 22 28
78 3 move 40 3
78 4 dock 44 25
79 0 move 44 21
79 1 move 33 15
79 2 move 23 28
79 3 move 39 3
79 4 move 43 26
80 0 move 44 22
80 1 move 33 14
80 2 dock 24 28
80 3 undock 39 4
80 4 move 42 26
81 0 move 44 23
81 1 pick 32 14
81 2 move 22 28
81 3 move 38 3
81 4 move 41 26
82 0 move 44 24
82 1 pick 32 14
82 2 undock 23 28
82 3 move 37 3
82 4 move 40 26
83 0 move 44 25
83 1 move 33 13
83 2 move 22 29
83 3 move 36 3
83 4 move 40 27
84 0 move 44 26
84 1 move 33 12
84 2 move 23 29
84 3 move 35 3
84 4 move 40 28
85 0 move 44 27
85 1 move 33 11
85 2 dock 23 28
85 3 move 34 3
85 4 move 40 29
86 0 move 44 28
86 1 move 33 10
86 2 move 22 29
86 3 move 33 3
86 4 move 40 30
87 0 pick 45 28
87 1 move 33 9
87 2 move 21 29
87 3 move 32 3
87 4 move 40 31
88 0 move 43 28
88 1 move 33 8
88 2 move 20 29
88 3 move 32 4
88 4 move 40 32
89 0 move 42 28
89 1 move 33 7
89 2 move 19 29
89 3 move 32 5
89 4 move 40 33
90 0 move 41 28
90 1 move 33 6
90 2 move 19 30
90 3 dock 32 6
90 4 move 40 34
91 0 move 40 28
91 1 move 34 6
91 2 move 19 31
91 3 move 33 5
91 4 move 39 34
92 0 pick 39 28
92 1 move 34 5
92 2 move 19 32
92 3 undock 33 6
92 4 move 38 34
93 0 pick 39 28
93 1 move 34 4
93 2 move 19 33
93 3 dock 33 6
93 4 undock 38 33
94 0 move 40 29
94 1 move 34 3
94 2 move 19 34
94 3 move 33 4
94 4 move 37 34
95 0 pick 39 29
95 1 move 34 2
95 2 move 18 34
95 3 move 33 3
95 4 move 37 33
96 0 pick 39 29
96 1 move 34 1
96 2 move 17 34
96 3 move 33 2
96 4 move 37 32
97 0 pick 39 29
97 1 move 33 1
97 2 undock 17 33
97 3 move 34 2
97 4 move 37 31
98 0 move 40 30
98 1 move 33 0
98 2 move 18 34
98 3 move 35 2
98 4 move 37 30
99 0 move 40 31
99 1 fulfill 33 0
99 2 move 18 33
99 3 move 36 2
99 4 move 37 29
100 0 move 40 32
100 1 move 33 1
100 2 move 19 33
100 3 move 37 2
100 4 move 37 28
101 0 move 40 33
101 1 move 33 2
101 2 move 19 32
101 3 move 38 2
101 4 move 37 27
102 0 move 40 34
102 1 move 33 3
102 2 move 19 31
102 3 undock 38 3
102 4 move 37 26
103 0 move 40 35
103 1 move 33 4
103 2 move 19 30
103 3 move 37 2
103 4 move 37 25
104 0 move 40 36
104 1 move 33 5
104 2 move 19 29
104 3 move 36 2
104 4 move 37 24
105 0 move 40 37
105 1 move 34 5
105 2 move 19 28
105 3 move 35 2
105 4 move 37 23
106 0 move 40 38
106 1 move 35 5
106 2 move 19 27
106 3 move 34 2
106 4 move 37 22
107 0 move 40 39
107 1 move 36 5
107 2 move 19 26
107 3 move 33 2
107 4 move 37 21
108 0 fulfill 40 39
108 1 move 37 5
108 2 move 19 25
108 3 move 32 2
108 4 move 37 20
109 0 move 40 38
109 1 pick 38 5
109 2 move 19 24
109 3 move 31 2
109 4 move 37 19
110 0 move 40 37
110 1 pick 38 5
110 2 move 19 23
110 3 move 30 2
110 4 move 37 18
111 0 move 40 36
111 1 move 37 6
111 2 move 19 22
111 3 move 29 2
111 4 move 37 17
112 0 move 40 35
112 1 move 37 7
112 2 move 19 21
112 3 move 28 2
112 4 move 37 16
113 0 move 40 34
113 1 move 37 8
113 2 move 19 20
113 3 move 27 2
113 4 move 38 16
114 0 move 40 33
114 1 move 37 9
114 2 move 19 19
114 3 move 26 2
114 4 dock 38 15
115 0 move 40 32
115 1 pick 38 9
115 2 move 19 18
115 3 move 25 2
115 4 move 38 17
116 0 move 40 31
116 1 move 36 9
116 2 move 19 17
116 3 move 24 2
116 4 undock 38 16
117 0 move 40 30
117 1 move 35 9
117 2 move 19 16
117 3 move 23 2
117 4 dock 38 16
118 0 move 40 29
118 1 move 34 9
118 2 move 19 15
118 3 move 22 2
118 4 move 38 18
119 0 pick 39 29
119 1 move 33 9
119 2 move 20 15
119 3 move 21 2
119 4 move 38 19
120 0 move 40 28
120 1 pick 32 9
120 2 move 21 15
120 3 move 20 2
120 4 move 38 20
121 0 pick 39 28
121 1 pick 32 9
121 2 move 22 15
121 3 move 19 2
121 4 move 38 21
122 0 pick 39 28
122 1 move 33 8
122 2 move 23 15
122 3 move 18 2
122 4 move 39 21
123 0 pick 39 28
123 1 move 33 7
123 2 dock 24 15
123 3 move 18 3
123 4 move 40 21
124 0 move 40 29
124 1 move 33 6
124 2 move 23 16
124 3 move 18 4
124 4 move 40 22
125 0 move 40 30
125 1 move 33 5
125 2 undock 24 16
125 3 move 18 5
125 4 move 40 23
126 0 move 40 31
126 1 move 32 5
126 2 move 23 17
126 3 dock 18 6
126 4 move 40 24
127 0 move 40 32
127 1 move 31 5
127 2 move 24 17
127 3 move 19 5
127 4 move 40 25
128 0 move 40 33
128 1 move 30 5
128 2 dock 24 16
128 3 undock 19 6
128 4 move 40 26
129 0 move 39 33
129 1 move 29 5
129 2 move 23 17
129 3 dock 19 6
129 4 move 40 27
130 0 move 39 34
130 1 move 28 5
130 2 move 22 17
130 3 move 19 4
130 4 move 40 28
131 0 move 38 34
131 1 move 27 5
131 2 move 21 17
131 3 move 19 3
131 4 move 40 29
132 0 move 37 34
132 1 move 26 5
132 2 move 20 17
132 3 move 19 2
132 4 move 40 30
133 0 move 37 33
133 1 move 26 6
133 2 move 19 17
133 3 move 19 1
133 4 move 40 31
134 0 move 37 32
134 1 pick 25 6
134 2 move 19 18
134 3 move 20 1
134 4 move 40 32
135 0 move 37 31
135 1 move 26 5
135 2 move 19 19
135 3 move 21 1
135 4 move 40 33
136 0 move 37 30
136 1 move 26 4
136 2 move 19 20
136 3 move 22 1
136 4 move 40 34
137 0 move 37 29
137 1 move 26 3
137 2 move 19 21
137 3 move 23 1
137 4 move 39 34
138 0 move 37 28
138 1 move 26 2
138 2 move 19 22
138 3 move 24 1
138 4 undock 39 33
139 0 pick 38 28
139 1 move 26 1
139 2 move 19 23
139 3 move 25 1
139 4 move 40 34
140 0 pick 38 28
140 1 move 26 0
140 2 move 19 24
140 3 move 26 1
140 4 move 40 33
141 0 pick 38 28
141 1 fulfill 26 0
141 2 move 19 25
141 3 move 27 1
141 4 move 40 32
142 0 move 37 29
142 1 move 26 1
142 2 move 19 26
142 3 move 28 1
142 4 move 40 31
143 0 move 37 30
143 1 move 26 2
143 2 move 19 27
143 3 move 29 1
143 4 move 40 30
144 0 move 37 31
144 1 move 26 3
144 2 move 19 28
144 3 move 30 1
144 4 move 40 29
145 0 pick 38 31
145 1 move 26 4
145 2 move 19 29
145 3 move 31 1
145 4 move 40 28
146 0 move 37 32
146 1 move 26 5
146 2 move 19 30
146 3 move 32 1
146 4 move 40 27
147 0 move 37 33
147 1 move 26 6
147 2 move 19 31
147 3 move 33 1
147 4 move 40 26
148 0 move 37 34
148 1 move 26 7
148 2 move 19 32
148 3 move 34 1
148 4 move 40 25
149 0 move 37 35
149 1 move 26 8
149 2 move 19 33
149 3 move 35 1
149 4 move 40 24
150 0 move 37 36
150 1 pick 25 8
150 2 move 19 34
150 3 move 36 1
150 4 move 40 23
151 0 move 37 37
151 1 move 26 9
151 2 move 18 34
151 3 move 37 1
151 4 move 40 22
152 0 move 37 38
152 1 move 26 10
152 2 move 18 35
152 3 move 38 1
152 4 move 40 21
153 0 move 37 39
153 1 move 26 11
153 2 move 17 35
153 3 undock 38 2
153 4 move 40 20
154 0 fulfill 37 39
154 1 move 26 12
154 2 undock 17 34
154 3 move 39 1
154 4 move 40 19
155 0 move 37 38
155 1 pick 25 12
155 2 move 18 35
155 3 move 39 2
155 4 move 40 18
156 0 move 37 37
156 1 move 26 13
156 2 move 18 34
156 3 move 39 3
156 4 move 40 17
157 0 move 37 36
157 1 move 26 14
157 2 move 18 33
157 3 move 40 3
157 4 move 40 16
158 0 move 37 35
158 1 move 27 14
158 2 move 19 33
158 3 move 40 4
158 4 move 41 16
159 0 move 37 34
159 1 move 28 14
159 2 move 19 32
159 3 move 40 5
159 4 move 42 16
160 0 move 38 34
160 1 move 29 14
160 2 move 19 31
160 3 move 40 6
160 4 move 43 16
161 0 move 39 34
161 1 move 30 14
161 2 move 19 30
161 3 move 40 7
161 4 move 44 16
162 0 move 40 34
162 1 pick 31 14
162 2 move 19 29
162 3 move 40 8
162 4 move 45 16
163 0 move 40 33
163 1 move 29 14
163 2 move 19 28
163 3 move 40 9
163 4 move 46 16
164 0 move 40 32
164 1 move 28 14
164 2 move 19 27
164 3 move 40 10
164 4 dock 46 15
165 0 move 40 31
165 1 move 27 14
165 2 move 19 26
165 3 move 40 11
165 4 move 46 17
166 0 pick 39 31
166 1 move 26 14
166 2 move 20 26
166 3 move 41 11
166 4 undock 46 16
167 0 move 40 30
167 1 move 26 15
167 2 move 21 26
167 3 move 42 11
167 4 dock 46 16
168 0 move 40 29
168 1 move 26 16
168 2 move 22 26
168 3 move 43 11
168 4 move 45 17
169 0 pick 39 29
169 1 move 25 16
169 2 move 23 26
169 3 move 44 11
169 4 move 44 17
170 0 move 40 28
170 1 move 24 16
170 2 dock 24 26
170 3 dock 45 11
170 4 move 43 17
171 0 pick 39 28
171 1 move 23 16
171 2 move 22 26
171 3 move 43 11
171 4 move 42 17
172 0 pick 39 28
172 1 move 22 16
172 2 undock 23 26
172 3 undock 44 11
172 4 move 41 17
173 0 pick 39 28
173 1 move 21 16
173 2 move 22 27
173 3 move 43 10
173 4 move 40 17
174 0 pick 39 28
174 1 move 20 16
174 2 move 23 27
174 3 move 44 10
174 4 move 40 18
175 0 pick 39 28
175 1 move 19 16
175 2 dock 23 26
175 3 dock 44 11
175 4 move 40 19
176 0 pick 39 28
176 1 move 19 15
176 2 move 22 27
176 3 move 43 10
176 4 move 40 20
177 0 move 40 29
177 1 pick 18 15
177 2 move 21 27
177 3 move 42 10
177 4 move 40 21
178 0 move 40 30
178 1 pick 18 15
178 2 move 20 27
178 3 move 41 10
178 4 move 40 22
179 0 move 40 31
179 1 move 19 16
179 2 move 19 27
179 3 move 40 10
179 4 move 40 23
180 0 move 40 32
180 1 move 19 17
180 2 move 19 28
180 3 move 40 9
180 4 move 40 24
181 0 move 40 33
181 1 move 19 18
181 2 move 19 29
181 3 move 40 8
181 4 move 40 25
182 0 move 40 34
182 1 move 19 19
182 2 move 19 30
182 3 move 40 7
182 4 move 40 26
183 0 move 39 34
183 1 move 19 20
183 2 move 19 31
183 3 move 40 6
183 4 move 40 27
184 0 move 38 34
184 1 move 19 21
184 2 move 19 32
184 3 move 40 5
184 4 move 40 28
185 0 move 37 34
185 1 move 19 22
185 2 move 19 33
185 3 move 40 4
185 4 move 40 29
186 0 move 37 33
186 1 move 20 22
186 2 move 19 34
186 3 move 40 3
186 4 move 40 30
187 0 move 37 32
187 1 move 21 22
187 2 move 18 34
187 3 move 40 2
187 4 move 40 31
188 0 move 37 31
188 1 move 22 22
188 2 move 18 35
188 3 move 39 2
188 4 move 40 32
189 0 move 37 30
189 1 move 23 22
189 2 undock 18 34
189 3 move 39 1
189 4 move 40 33
190 0 move 37 29
190 1 pick 24 22
190 2 move 19 35
190 3 undock 39 2
190 4 move 40 34
191 0 move 37 28
191 1 move 23 23
191 2 move 19 34
191 3 move 40 1
191 4 move 40 35
192 0 pick 38 28
192 1 move 23 24
192 2 move 19 33
192 3 move 40 2
192 4 move 39 35
193 0 move 37 29
193 1 move 23 25
193 2 move 19 32
193 3 move 40 3
193 4 move 38 35
194 0 move 37 30
194 1 move 23 26
194 2 move 19 31
194 3 move 40 4
194 4 undock 38 34
195 0 move 37 31
195 1 move 23 27
195 2 move 20 31
195 3 move 40 5
195 4 move 39 35
196 0 move 37 32
196 1 move 23 28
196 2 move 21 31
196 3 move 40 6
196 4 move 39 34
197 0 move 37 33
197 1 move 23 29
197 2 move 22 31
197 3 move 41 6
197 4 move 40 34
198 0 move 37 34
198 1 move 23 30
198 2 move 23 31
198 3 move 42 6
198 4 move 40 33
199 0 move 37 35
199 1 move 22 30
199 2 dock 24 31
199 3 move 43 6
199 4 move 40 32
200 0 move 37 36
200 1 move 21 30
200 2 move 22 31
200 3 move 44 6
200 4 move 40 31
201 0 move 37 37
201 1 move 21 31
201 2 undock 23 31
201 3 dock 45 6
201 4 move 40 30
202 0 move 37 38
202 1 move 21 32
202 2 move 22 32
202 3 move 43 6
202 4 move 40 29
203 0 move 37 39
203 1 move 21 33
203 2 move 23 32
203 3 undock 44 6
203 4 move 40 28
204 0 fulfill 37 39
204 1 move 21 34
204 2 dock 23 31
204 3 move 43 5
204 4 move 40 27
205 0 move 37 38
205 1 move 21 35
205 2 move 22 32
205 3 move 44 5
205 4 move 40 26
206 0 move 37 37
206 1 move 21 36
206 2 move 21 32
206 3 dock 44 6
206 4 move 41 26
207 0 move 37 36
207 1 move 21 37
207 2 move 20 32
207 3 move 43 5
207 4 move 42 26
208 0 move 37 35
208 1 move 21 38
208 2 move 19 32
208 3 move 42 5
208 4 move 43 26
209 0 move 37 34
209 1 move 21 39
209 2 move 19 33
209 3 move 41 5
209 4 move 44 26
210 0 pick 38 34
210 1 move 22 39
210 2 move 19 34
210 3 move 40 5
210 4 dock 45 26
211 0 move 37 33
211 1 move 23 39
211 2 move 19 35
211 3 move 40 4
211 4 move 43 26
212 0 move 37 32
212 1 fulfill 23 39
212 2 move 19 36
212 3 move 40 3
212 4 undock 44 26
213 0 move 37 31
213 1 move 23 38
213 2 move 18 36
213 3 move 40 2
213 4 move 43 27
214 0 move 37 30
214 1 move 23 37
214 2 move 17 36
214 3 move 40 1
214 4 move 44 27
215 0 move 37 29
215 1 move 23 36
215 2 undock 17 35
215 3 move 40 0
215 4 dock 44 26
216 0 move 37 28
216 1 move 23 35
216 2 move 16 36
216 3 move 39 0
216 4 move 43 27
217 0 pick 38 28
217 1 move 23 34
217 2 move 16 35
217 3 move 38 0
217 4 move 42 27
218 0 move 37 27
218 1 move 23 33
218 2 move 16 34
218 3 undock 38 1
218 4 move 41 27
219 0 move 37 26
219 1 move 23 32
219 2 move 16 33
219 3 move 37 0
219 4 move 40 27
220 0 move 37 25
220 1 move 24 32
220 2 move 16 32
220 3 move 37 1
220 4 move 40 28
221 0 move 37 24
221 1 move 25 32
221 2 move 16 31
221 3 move 37 2
221 4 move 40 29
222 0 move 37 23
222 1 pick 25 31
222 2 move 16 30
222 3 move 37 3
222 4 move 40 30
223 0 move 37 22
223 1 pick 25 31
223 2 move 16 29
223 3 move 37 4
223 4 move 40 31
224 0 move 37 21
224 1 pick 25 31
224 2 move 16 28
224 3 move 38 4
224 4 move 40 32
225 0 move 38 21
225 1 move 26 32
225 2 move 16 27
225 3 pick 38 5
225 4 move 40 33
226 0 move 39 21
226 1 move 26 31
226 2 move 16 26
226 3 pick 38 5
226 4 move 40 34
227 0 move 40 21
227 1 move 26 30
227 2 move 16 25
227 3 pick 38 5
227 4 move 40 35
228 0 move 40 22
228 1 move 26 29
228 2 move 16 24
228 3 pick 38 5
228 4 move 39 35
229 0 move 40 23
229 1 move 27 29
229 2 move 16 23
229 3 pick 38 5
229 4 undock 39 34
230 0 move 40 24
230 1 move 28 29
230 2 move 16 22
230 3 move 37 4
230 4 move 38 35
231 0 move 40 25
231 1 move 29 29
231 2 move 16 21
231 3 move 37 3
231 4 move 37 35
232 0 move 40 26
232 1 move 30 29
232 2 move 16 20
232 3 move 37 2
232 4 move 36 35
233 0 move 40 27
233 1 pick 31 29
233 2 move 16 19
233 3 move 37 1
233 4 move 35 35
234 0 move 40 28
234 1 move 30 30
234 2 move 16 18
234 3 move 37 0
234 4 move 34 35
235 0 pick 39 28
235 1 move 30 31
235 2 move 16 17
235 3 move 38 0
235 4 move 33 35
236 0 pick 39 28
236 1 move 30 32
236 2 move 16 16
236 3 move 39 0
236 4 move 32 35
237 0 pick 39 28
237 1 move 31 32
237 2 move 17 16
237 3 move 39 1
237 4 move 32 34
238 0 move 40 29
238 1 move 32 32
238 2 dock 17 15
238 3 move 40 1
238 4 move 32 33
239 0 move 40 30
239 1 move 33 32
239 2 move 17 17
239 3 move 40 2
239 4 move 32 32
240 0 move 40 31
240 1 move 33 31
240 2 undock 17 16
240 3 move 40 3
240 4 dock 32 31
241 0 move 40 32
241 1 move 33 30
241 2 dock 17 16
241 3 move 40 4
241 4 move 33 32
242 0 move 40 33
242 1 move 33 29
242 2 move 17 18
242 3 move 40 5
242 4 undock 33 31
243 0 move 40 34
243 1 pick 32 29
243 2 move 17 19
243 3 move 40 6
243 4 dock 33 31
244 0 move 40 35
244 1 move 33 28
244 2 move 17 20
244 3 move 40 7
244 4 move 33 33
245 0 move 40 36
245 1 pick 32 28
245 2 move 17 21
245 3 move 40 8
245 4 move 33 34
246 0 move 40 37
246 1 move 33 27
246 2 move 18 21
246 3 move 40 9
246 4 move 33 35
247 0 move 40 38
247 1 pick 32 27
247 2 move 19 21
247 3 pick 39 9
247 4 move 33 36
248 0 move 40 39
248 1 pick 32 27
248 2 move 19 22
248 3 move 40 8
248 4 move 34 36
249 0 fulfill 40 39
249 1 pick 32 27
249 2 move 19 23
249 3 move 40 7
249 4 move 35 36
250 0 move 39 39
250 1 pick 32 27
250 2 move 19 24
250 3 move 40 6
250 4 move 36 36
251 0 move 38 39
251 1 pick 32 27
251 2 move 19 25
251 3 move 40 5
251 4 move 37 36
252 0 move 38 38
252 1 pick 32 27
252 2 move 19 26
252 3 move 40 4
252 4 move 38 36
253 0 move 38 37
253 1 move 33 26
253 2 move 19 27
253 3 move 40 3
253 4 undock 38 35
254 0 move 38 36
254 1 pick 32 26
254 2 move 19 28
254 3 move 40 2
254 4 move 39 36
255 0 pick 38 35
255 1 pick 32 26
255 2 move 19 29
255 3 move 40 1
255 4 move 39 35
256 0 move 37 36
256 1 move 33 27
256 2 move 19 30
256 3 move 40 0
256 4 move 40 35
257 0 move 37 35
257 1 move 33 28
257 2 move 19 31
257 3 fulfill 40 0
257 4 move 40 34
258 0 move 37 34
258 1 move 33 29
258 2 move 19 32
258 3 move 39 0
258 4 move 40 33
259 0 move 37 33
259 1 move 33 30
259 2 move 19 33
259 3 move 38 0
259 4 move 40 32
260 0 pick 38 33
260 1 move 33 31
260 2 move 19 34
260 3 move 37 0
260 4 move 40 31
261 0 move 37 32
261 1 move 33 32
261 2 move 19 35
261 3 move 37 1
261 4 move 40 30
262 0 move 37 31
262 1 move 33 33
262 2 move 19 36
262 3 move 37 2
262 4 move 40 29
263 0 move 37 30
263 1 move 33 34
263 2 move 18 36
263 3 move 37 3
263 4 move 40 28
264 0 move 37 29
264 1 move 33 35
264 2 undock 18 35
264 3 move 37 4
264 4 move 40 27
265 0 move 37 28
265 1 move 33 36
265 2 move 19 36
265 3 move 38 4
265 4 move 41 27
266 0 pick 38 28
266 1 move 33 37
266 2 move 19 35
266 3 pick 38 5
266 4 move 42 27
267 0 move 37 27
267 1 move 33 38
267 2 move 19 34
267 3 pick 38 5
267 4 move 43 27
268 0 move 37 26
268 1 move 33 39
268 2 move 19 33
268 3 move 37 4
268 4 move 44 27
269 0 move 37 25
269 1 fulfill 33 39
269 2 move 19 32
269 3 move 37 3
269 4 dock 45 27
270 0 move 37 24
270 1 move 32 39
270 2 move 20 32
270 3 move 37 2
270 4 move 43 27
271 0 move 37 23
271 1 move 32 38
271 2 move 21 32
271 3 move 37 1
271 4 undock 44 27
272 0 move 37 22
272 1 move 32 37
272 2 move 22 32
272 3 move 37 0
272 4 move 43 28
273 0 move 37 21
273 1 move 32 36
273 2 move 23 32
273 3 move 38 0
273 4 move 44 28
274 0 move 38 21
274 1 move 32 35
274 2 move 24 32
274 3 move 39 0
274 4 dock 44 27
275 0 move 39 21
275 1 move 32 34
275 2 move 25 32
275 3 move 39 1
275 4 move 43 28
276 0 move 40 21
276 1 move 32 33
276 2 move 26 32
276 3 move 40 1
276 4 move 42 28
277 0 move 40 22
277 1 move 32 32
277 2 move 26 31
277 3 move 40 2
277 4 move 41 28
278 0 move 40 23
278 1 move 33 32
278 2 move 26 30
278 3 move 40 3
278 4 move 40 28
279 0 move 40 24
279 1 move 33 31
279 2 move 26 29
279 3 move 40 4
279 4 move 40 29
280 0 move 40 25
280 1 move 33 30
280 2 move 26 28
280 3 move 40 5
280 4 move 40 30
281 0 move 40 26
281 1 pick 32 30
281 2 move 26 27
281 3 move 40 6
281 4 move 40 31
282 0 move 40 27
282 1 move 33 29
282 2 move 26 26
282 3 move 40 7
282 4 move 40 32
283 0 move 40 28
283 1 move 33 28
283 2 move 26 25
283 3 move 40 8
283 4 move 40 33
284 0 pick 39 28
284 1 move 33 27
284 2 move 27 25
284 3 pick 39 8
284 4 move 40 34
285 0 move 40 29
285 1 pick 32 27
285 2 move 28 25
285 3 pick 39 8
285 4 move 40 35
286 0 pick 39 29
286 1 pick 32 27
286 2 move 29 25
286 3 pick 39 8
286 4 move 40 36
287 1 pick 32 27
287 2 move 30 25
287 3 pick 39 8
287 4 move 39 36
288 0 move 40 30
288 1 move 33 26
288 2 dock 31 25
288 3 move 40 9
288 4 undock 39 35
289 0 move 40 31
289 1 pick 32 26
289 2 move 29 25
289 3 move 40 10
289 4 move 40 36
290 0 move 40 32
290 1 move 33 25
290 2 undock 30 25
290 3 pick 39 10
290 4 move 40 35
291 0 move 40 33
291 1 move 33 24
291 2 move 29 26
291 3 move 40 9
291 4 move 40 34
292 0 move 40 34
292 1 move 33 23
292 2 move 30 26
292 3 move 40 8
292 4 move 40 33
293 0 move 40 35
293 1 move 33 22
293 2 dock 30 25
293 3 move 40 7
293 4 move 40 32
294 0 move 40 36
294 1 pick 32 22
294 2 move 29 26
294 3 move 40 6
294 4 move 40 31
295 0 move 39 36
295 1 pick 32 22
295 2 move 28 26
295 3 move 40 5
295 4 move 40 30
296 0 move 38 36
296 1 move 33 21
296 2 move 27 26
296 3 move 40 4
296 4 move 40 29
297 0 move 37 36
297 1 move 32 21
297 2 move 26 26
297 3 move 40 3
297 4 move 40 28
298 0 move 36 36
298 1 move 31 21
298 2 move 26 27
298 3 move 40 2
298 4 move 40 27
299 0 move 35 36
299 1 move 30 21
299 2 move 26 28
299 3 move 40 1
299 4 move 40 26
300 0 move 34 36
300 1 move 29 21
300 2 move 26 29
300 3 move 40 0
300 4 move 40 25
301 0 move 33 36
301 1 move 28 21
301 2 move 26 30
301 3 fulfill 40 0
301 4 move 40 24
302 0 move 32 36
302 1 move 27 21
302 2 move 26 31
302 3 move 40 1
302 4 move 40 23
303 0 move 31 36
303 1 move 26 21
303 2 move 26 32
303 3 move 40 2
303 4 move 40 22
304 0 move 30 36
304 1 move 25 21
304 2 move 26 33
304 3 move 40 3
304 4 move 40 21
305 0 move 30 35
305 1 move 24 21
305 2 move 25 33
305 3 move 40 4
305 4 move 40 20
306 0 move 30 34
306 1 move 23 21
306 2 move 24 33
306 3 move 40 5
306 4 move 40 19
307 0 move 30 33
307 1 move 23 22
307 2 move 23 33
307 3 pick 39 5
307 4 move 40 18
308 0 move 30 32
308 1 move 23 23
308 2 move 22 33
308 3 move 40 6
308 4 move 40 17
309 0 move 30 31
309 1 move 23 24
309 2 move 21 33
309 3 move 40 7
309 4 move 40 16
310 0 move 30 30
310 1 pick 24 24
310 2 move 20 33
310 3 pick 39 7
310 4 move 40 15
311 0 move 30 29
311 1 move 23 25
311 2 move 19 33
311 3 move 40 8
311 4 move 40 14
312 0 pick 31 29
312 1 move 23 26
312 2 move 19 34
312 3 pick 39 8
312 4 move 40 13
313 0 move 30 30
313 1 move 23 27
313 2 move 19 35
313 3 move 40 9
313 4 move 40 12
314 0 move 30 31
314 1 move 23 28
314 2 move 19 36
314 3 pick 39 9
314 4 move 40 11
315 0 move 30 32
315 1 move 23 29
315 2 move 19 37
315 4 move 40 10
316 0 move 30 33
316 1 move 23 30
316 2 move 18 37
316 3 move 40 10
316 4 move 40 9
317 0 move 30 34
317 1 move 23 31
317 2 move 17 37
317 3 move 40 11
317 4 move 41 9
318 0 move 30 35
318 1 move 23 32
318 2 undock 17 36
318 3 pick 39 11
318 4 move 42 9
319 0 move 30 36
319 1 move 23 33
319 2 move 18 37
319 3 pick 39 11
319 4 move 43 9
320 0 move 30 37
320 1 move 23 34
320 2 move 18 36
320 3 move 40 10
320 4 move 44 9
321 0 move 30 38
321 1 move 23 35
321 2 move 19 36
321 3 move 40 9
321 4 dock 45 9
322 0 move 30 39
322 1 move 23 36
322 2 move 19 35
322 3 move 40 8
322 4 move 43 9
323 0 fulfill 30 39
323 1 move 23 37
323 2 move 19 34
323 3 move 40 7
323 4 undock 44 9
324 0 move 29 39
324 1 move 23 38
324 2 move 19 33
324 3 move 40 6
324 4 move 43 10
325 0 move 28 39
325 1 move 23 39
325 2 move 19 32
325 3 move 40 5
325 4 move 44 10
326 0 move 27 39
326 1 fulfill 23 39
326 2 move 19 31
326 3 move 40 4
326 4 dock 44 9
327 0 move 26 39
327 1 move 23 38
327 2 move 19 30
327 3 move 40 3
327 4 move 43 10
328 0 move 26 38
328 1 move 23 37
328 2 move 19 29
328 3 move 40 2
328 4 move 42 10
329 0 move 26 37
329 1 move 23 36
329 2 move 20 29
329 3 move 40 1
329 4 move 41 10
330 0 move 26 36
330 1 move 23 35
330 2 move 21 29
330 3 move 40 0
330 4 move 40 10
331 0 move 26 35
331 1 move 23 34
331 2 move 22 29
331 3 fulfill 40 0
331 4 move 40 11
332 0 move 26 34
332 1 move 23 33
332 2 move 23 29
332 3 move 39 0
332 4 move 40 12
333 0 move 26 33
333 1 move 23 32
333 2 dock 24 29
333 3 move 38 0
333 4 move 40 13
334 0 move 26 32
334 1 move 24 32
334 2 move 22 29
334 3 move 37 0
334 4 move 40 14
335 0 move 26 31
335 1 move 25 32
335 2 undock 23 29
335 3 move 37 1
335 4 move 40 15
336 0 pick 25 31
336 1 pick 25 31
336 2 move 22 30
336 3 move 37 2
336 4 move 40 16
337 0 pick 25 31
337 1 pick 25 31
337 2 move 23 30
337 3 move 37 3
337 4 move 40 17
338 0 pick 25 31
338 1 move 26 32
338 2 dock 23 29
338 3 move 37 4
338 4 move 40 18
339 0 pick 25 31
339 2 move 22 30
339 3 move 38 4
339 4 move 40 19
340 0 move 27 31
340 1 move 26 31
340 2 move 21 30
340 3 pick 38 5
340 4 move 40 20
341 0 move 28 31
341 1 move 26 30
341 2 move 20 30
341 3 pick 38 5
341 4 move 40 21
342 0 move 29 31
342 1 move 26 29
342 2 move 19 30
342 3 pick 38 5
342 4 move 40 22
343 0 move 30 31
343 1 pick 25 29
343 2 move 19 31
343 3 move 37 4
343 4 move 40 23
344 0 move 30 32
344 1 move 26 28
344 2 move 19 32
344 3 move 37 3
344 4 move 40 24
345 0 move 31 32
345 1 move 26 27
345 2 move 19 33
345 3 move 37 2
345 4 move 40 25
346 0 move 32 32
346 1 move 26 26
346 2 move 19 34
346 3 move 37 1
346 4 move 40 26
347 0 move 33 32
347 1 pick 25 26
347 2 move 19 35
347 3 move 37 0
347 4 move 40 27
348 0 move 33 31
348 1 move 26 25
348 2 move 19 36
348 3 move 38 0
348 4 move 40 28
349 0 move 33 30
349 1 move 26 24
349 2 move 19 37
349 3 move 39 0
349 4 move 40 29
350 0 move 33 29
350 1 pick 25 24
350 2 move 18 37
350 3 move 39 1
350 4 move 40 30
351 0 pick 32 29
351 1 move 27 24
351 2 undock 18 36
351 3 move 40 1
351 4 move 40 31
352 0 pick 32 29
352 1 move 28 24
352 2 move 19 37
352 3 move 40 2
352 4 move 40 32
353 0 move 33 28
353 1 move 29 24
353 2 move 19 36
353 3 move 40 3
353 4 move 40 33
354 0 move 33 27
354 1 move 30 24
354 2 move 19 35
354 3 move 40 4
354 4 move 40 34
355 0 pick 32 27
355 1 pick 31 24
355 2 move 19 34
355 3 move 40 5
355 4 move 40 35
356 0 pick 32 27
356 1 pick 31 24
356 2 move 19 33
356 3 move 40 6
356 4 move 40 36
357 0 pick 32 27
357 1 move 30 23
357 2 move 18 33
357 3 move 40 7
357 4 move 40 37
358 0 move 33 28
358 1 move 30 22
358 2 pick 17 33
358 3 move 40 8
358 4 move 39 37
359 0 move 33 29
359 1 move 30 21
359 2 pick 18 32
359 3 pick 39 8
359 4 undock 39 36
360 0 move 33 30
360 1 move 31 21
360 2 move 19 33
360 3 move 40 9
360 4 move 40 37
361 0 move 33 31
361 1 move 32 21
361 2 move 19 34
361 3 pick 39 9
361 4 move 40 36
362 0 move 33 32
362 1 move 33 21
362 2 move 19 35
362 3 move 40 10
362 4 move 40 35
363 0 move 34 32
363 1 move 33 22
363 2 move 19 36
363 3 move 40 11
363 4 move 40 34
364 0 move 35 32
364 1 move 33 23
364 2 move 19 37
364 3 move 40 12
364 4 move 40 33
365 0 move 36 32
365 1 move 33 24
365 2 move 18 37
365 3 move 40 13
365 4 move 40 32
366 0 move 37 32
366 1 move 33 25
366 2 move 17 37
366 3 move 40 14
366 4 move 40 31
367 0 move 37 33
367 1 move 33 26
367 2 move 16 37
367 3 move 40 15
367 4 move 40 30
368 0 move 37 34
368 1 pick 32 26
368 2 move 16 36
368 3 move 40 16
368 4 move 41 30
369 0 move 37 35
369 1 move 33 27
369 2 move 16 35
369 3 move 39 16
369 4 move 42 30
370 0 move 37 36
370 1 move 33 28
370 2 move 16 34
370 3 move 38 16
370 4 move 43 30
371 0 move 38 36
371 1 move 33 29
371 2 move 16 33
371 3 move 37 16
371 4 move 44 30
372 0 move 38 37
372 1 move 33 30
372 2 move 16 32
372 3 move 37 15
372 4 dock 45 30
373 0 move 39 37
373 1 move 33 31
373 2 move 16 31
373 3 move 37 14
373 4 move 43 30
374 0 move 40 37
374 1 move 33 32
374 2 move 16 30
374 3 move 37 13
374 4 undock 44 30
375 0 move 40 36
375 1 move 33 33
375 2 move 16 29
375 3 move 37 12
375 4 move 43 31
376 0 move 40 35
376 1 move 33 34
376 2 pick 17 29
376 3 move 37 11
376 4 move 44 31
377 0 move 40 34
377 1 move 33 35
377 2 move 16 28
377 3 move 37 10
377 4 dock 44 30
378 0 move 40 33
378 1 move 33 36
378 2 pick 17 28
378 3 move 37 9
378 4 move 43 31
379 0 move 40 32
379 1 move 33 37
379 2 move 16 27
379 3 pick 38 9
379 4 move 42 31
380 0 pick 39 32
380 1 move 33 38
380 2 move 16 26
380 3 move 37 8
380 4 move 41 31
381 0 move 40 33
381 1 move 33 39
381 2 move 16 25
381 3 move 37 7
381 4 move 40 31
382 0 move 40 34
382 1 fulfill 33 39
382 2 move 16 24
382 3 move 37 6
382 4 move 40 32
383 0 pick 39 34
383 1 move 32 39
383 2 move 16 23
383 3 move 37 5
383 4 move 40 33
384 0 move 40 35
384 1 move 31 39
384 2 move 16 22
384 3 move 37 4
384 4 move 40 34
385 0 move 40 36
385 1 move 31 38
385 2 move 16 21
385 3 move 37 3
385 4 move 40 35
386 0 move 40 37
386 1 move 31 37
386 2 move 17 21
386 3 move 37 2
386 4 move 40 36
387 0 move 40 38
387 1 move 31 36
387 2 move 18 21
387 3 move 37 1
387 4 move 40 37
388 0 move 40 39
388 1 move 31 35
388 2 move 19 21
388 3 move 37 0
388 4 move 40 38
389 0 fulfill 40 39
389 1 move 31 34
389 2 move 19 22
389 3 fulfill 37 0
389 4 move 39 38
390 0 move 39 39
390 1 move 31 33
390 2 move 19 23
390 3 move 37 1
390 4 move 38 38
391 0 move 38 39
391 1 move 31 32
391 2 move 19 24
391 3 move 37 2
391 4 undock 38 37
392 0 move 37 39
392 1 pick 31 31
392 2 move 19 25
392 3 move 37 3
392 4 move 37 38
393 0 move 37 38
393 1 move 30 32
393 2 move 19 26
393 3 move 37 4
393 4 move 36 38
394 0 move 37 37
394 1 move 30 31
394 2 move 19 27
394 3 move 37 5
394 4 move 35 38
395 0 move 37 36
395 1 move 30 30
395 2 pick 18 27
395 3 pick 38 5
395 4 move 35 37
396 0 move 37 35
396 1 move 30 29
396 2 pick 18 27
396 3 pick 38 5
396 4 move 36 37
397 0 move 37 34
397 1 move 30 28
397 2 pick 18 27
397 3 pick 38 5
397 4 move 37 37
398 0 move 37 33
398 1 move 30 27
398 2 move 19 28
398 3 pick 38 5
398 4 move 37 38
399 0 move 37 32
399 1 pick 31 27
399 2 move 19 29
399 3 pick 38 5
399 4 move 38 38
400 0 pick 38 32
400 1 pick 31 27
400 2 move 19 30
400 3 pick 38 5
400 4 move 39 38
401 0 move 37 31
401 1 pick 31 27
401 2 move 19 31
401 3 pick 38 5
401 4 move 39 37
402 0 move 37 30
402 1 move 30 26
402 2 move 19 32
402 3 move 37 4
402 4 move 40 37
403 0 pick 38 30
403 1 move 30 25
403 2 move 19 33
403 3 move 38 4
403 4 move 40 36
404 0 move 37 29
404 1 move 30 24
404 2 move 19 34
404 3 pick 39 4
404 4 move 40 35
405 0 move 37 28
405 1 pick 31 24
405 2 move 19 35
405 3 move 37 4
405 4 move 40 34
406 0 pick 38 28
406 1 pick 31 24
406 2 move 19 36
406 3 move 37 3
406 4 move 40 33
407 0 pick 38 28
407 1 pick 31 24
407 2 move 19 37
407 3 move 37 2
407 4 pick 39 33
408 0 pick 38 28
408 1 pick 31 24
408 2 move 19 38
408 3 move 37 1
408 4 move 40 32
409 0 move 37 27
409 1 move 29 24
409 2 move 19 39
409 3 move 37 0
409 4 move 40 31
410 0 move 37 26
410 1 move 28 24
410 2 fulfill 19 39
410 3 move 38 0
410 4 move 40 30
411 0 move 37 25
411 1 move 27 24
411 2 move 19 38
411 3 move 39 0
411 4 move 40 29
412 0 move 37 24
412 1 move 26 24
412 2 move 19 37
412 3 move 39 1
412 4 move 40 28
413 0 move 37 23
413 1 move 26 25
413 2 move 19 36
413 3 move 40 1
413 4 pick 39 28
414 0 move 37 22
414 1 pick 25 25
414 2 move 19 35
414 3 move 40 2
414 4 pick 39 28
415 0 move 37 21
415 1 pick 25 25
415 2 move 19 34
415 3 move 40 3
415 4 pick 39 28
416 0 move 38 21
416 1 move 26 26
416 2 move 19 33
416 3 move 40 4
416 4 pick 39 28
417 0 move 39 21
417 1 pick 25 26
417 2 move 19 32
417 3 move 40 5
417 4 pick 39 28
418 0 move 40 21
418 1 pick 25 26
418 2 pick 18 32
418 3 move 40 6
418 4 pick 39 28
419 0 move 40 22
419 1 move 26 25
419 2 move 19 31
419 3 move 40 7
419 4 move 40 27
420 0 move 40 23
420 1 move 26 24
420 2 move 19 30
420 3 move 40 8
420 4 move 40 26
421 0 move 40 24
421 1 move 26 23
421 2 pick 18 30
421 3 pick 39 8
421 4 move 40 25
422 0 move 40 25
422 1 move 26 22
422 2 move 19 29
422 3 move 40 9
422 4 move 40 24
423 0 move 40 26
423 1 move 26 21
423 2 move 19 28
423 3 move 40 10
423 4 move 40 23
424 0 move 40 27
424 1 move 26 20
424 2 move 19 27
424 3 move 40 11
424 4 move 40 22
425 0 move 40 28
425 1 move 26 19
425 2 pick 18 27
425 3 move 40 12
425 4 move 40 21
426 0 pick 39 28
426 1 move 26 18
426 2 pick 18 27
426 3 move 40 13
426 4 move 39 21
427 0 pick 39 28
427 1 move 26 17
427 2 pick 18 27
427 3 move 40 14
427 4 move 38 21
428 0 move 40 29
428 1 move 26 16
428 2 pick 18 27
428 3 move 40 15
428 4 move 37 21
429 0 pick 39 29
429 1 move 26 15
429 2 pick 18 27
429 3 move 40 16
429 4 move 37 22
430 0 pick 39 29
430 1 move 26 14
430 2 move 19 26
430 3 move 39 16
430 4 move 37 23
431 0 pick 39 29
431 1 move 26 13
431 2 move 19 25
431 3 move 38 16
431 4 move 37 24
432 0 move 40 30
432 1 pick 25 13
432 2 move 19 24
432 3 move 37 16
432 4 move 37 25
433 0 move 40 31
433 1 move 26 12
433 2 move 19 23
433 3 move 37 15
433 4 move 37 26
434 0 move 40 32
434 1 move 26 11
434 2 move 19 22
434 3 move 37 14
434 4 move 37 27
435 0 move 40 33
435 1 move 26 10
435 2 move 19 21
435 3 move 37 13
435 4 move 37 28
436 0 move 40 34
436 1 move 26 9
436 2 move 18 21
436 3 move 37 12
436 4 pick 38 28
437 0 move 40 35
437 1 move 26 8
437 2 move 17 21
437 3 move 37 11
437 4 move 36 28
438 0 move 40 36
438 1 move 26 7
438 2 move 16 21
438 3 move 37 10
438 4 move 35 28
439 0 move 40 37
439 1 move 26 6
439 2 move 16 22
439 3 move 37 9
439 4 move 34 28
440 0 move 40 38
440 1 move 26 5
440 2 move 16 23
440 3 pick 38 9
440 4 move 33 28
441 0 move 40 39
441 1 move 26 4
441 2 move 16 24
441 3 move 37 8
441 4 move 33 29
442 0 fulfill 40 39
442 1 move 26 3
442 2 move 16 25
442 3 move 37 7
442 4 move 33 30
443 0 move 40 38
443 1 move 26 2
443 2 move 16 26
443 3 move 37 6
443 4 move 33 31
444 0 move 40 37
444 1 move 26 1
444 2 move 16 27
444 3 move 37 5
444 4 move 33 32
445 0 move 40 36
445 1 move 26 0
445 2 pick 17 27
445 3 move 37 4
445 4 move 32 32
446 0 move 40 35
446 1 fulfill 26 0
446 2 move 16 28
446 3 move 37 3
446 4 move 31 32
447 0 move 40 34
447 1 move 26 1
447 2 move 16 29
447 3 move 37 2
447 4 move 30 32
448 0 move 40 33
448 1 move 26 2
448 2 move 16 30
448 3 move 37 1
448 4 move 30 31
449 0 move 40 32
449 1 move 26 3
449 2 move 16 31
449 3 move 37 0
449 4 move 30 30
450 0 move 40 31
450 1 move 26 4
450 2 move 16 32
450 3 fulfill 37 0
450 4 move 30 29
451 0 move 40 30
451 1 move 26 5
451 2 move 16 33
451 3 move 37 1
451 4 pick 31 29
452 0 move 40 29
452 1 move 26 6
452 2 move 16 34
452 3 move 37 2
452 4 move 30 30
453 0 pick 39 29
453 1 move 26 7
453 2 move 16 35
453 3 move 37 3
453 4 move 30 31
454 0 pick 39 29
454 1 move 26 8
454 2 move 16 36
454 3 move 37 4
454 4 move 30 32
455 0 move 40 28
455 1 pick 25 8
455 2 move 16 37
455 3 move 37 5
455 4 move 30 33
456 0 pick 39 28
456 1 pick 25 8
456 2 move 16 38
456 3 pick 38 5
456 4 move 30 34
457 0 pick 39 28
457 1 pick 25 8
457 2 move 16 39
457 3 pick 38 5
457 4 move 30 35
458 0 move 40 27
458 1 move 26 7
458 2 fulfill 16 39
458 3 pick 38 5
458 4 move 30 36
459 0 move 40 26
459 1 move 26 6
459 2 move 16 38
459 3 pick 38 5
459 4 move 30 37
460 0 move 40 25
460 1 move 26 5
460 2 move 16 37
460 3 move 37 4
460 4 move 30 38
461 0 move 40 24
461 1 move 25 5
461 2 move 16 36
461 3 move 37 3
461 4 move 30 39
462 0 move 40 23
462 1 move 24 5
462 2 move 16 35
462 3 move 37 2
462 4 fulfill 30 39
463 0 move 40 22
463 1 move 23 5
463 2 move 16 34
463 3 move 37 1
463 4 move 30 38
464 0 move 40 21
464 1 move 23 6
464 2 move 16 33
464 3 move 37 0
464 4 move 30 37
465 0 move 39 21
465 1 move 23 7
465 2 move 16 32
465 3 move 38 0
465 4 move 30 36
466 0 move 38 21
466 1 move 23 8
466 2 pick 17 32
466 3 move 39 0
466 4 move 30 35
467 0 move 37 21
467 1 pick 24 8
467 2 move 16 31
467 3 move 39 1
467 4 move 30 34
468 0 move 37 22
468 1 move 22 8
468 2 move 16 30
468 3 move 40 1
468 4 move 30 33
469 0 move 37 23
469 1 move 21 8
469 2 move 16 29
469 3 move 40 2
469 4 move 30 32
470 0 move 37 24
470 1 move 20 8
470 2 pick 17 29
470 3 move 40 3
470 4 move 30 31
471 0 move 37 25
471 1 move 19 8
471 2 move 16 28
471 3 move 40 4
471 4 pick 31 31
472 0 move 37 26
472 1 move 19 9
472 2 move 16 27
472 3 move 40 5
472 4 move 30 30
473 0 move 37 27
473 1 move 19 10
473 2 move 16 26
473 3 pick 39 5
473 4 move 30 29
474 0 move 37 28
474 1 pick 18 10
474 2 move 16 25
474 3 move 40 4
474 4 pick 31 29
475 0 pick 38 28
475 1 move 19 9
475 2 move 16 24
475 3 move 40 3
475 4 move 30 28
476 0 move 37 27
476 1 move 19 8
476 2 move 16 23
476 3 move 40 2
476 4 move 30 27
477 0 move 37 26
477 1 move 19 7
477 2 move 16 22
477 3 move 40 1
477 4 pick 31 27
478 0 move 37 25
478 1 move 19 6
478 2 move 16 21
478 3 move 39 1
478 4 pick 31 27
479 0 pick 38 25
479 1 move 19 5
479 2 move 17 21
479 3 move 39 0
479 4 move 30 26
480 0 move 37 26
480 1 move 18 5
480 2 move 18 21
480 3 move 38 0
480 4 move 30 25
481 0 move 37 27
481 1 move 17 5
481 2 move 19 21
481 3 move 37 0
481 4 move 30 24
482 0 move 37 28
482 1 move 16 5
482 2 move 19 22
482 3 move 37 1
482 4 pick 31 24
483 0 move 37 29
483 1 move 16 6
483 2 move 19 23
483 3 move 37 2
483 4 move 29 24
484 0 move 37 30
484 1 move 16 7
484 2 move 19 24
484 3 move 37 3
484 4 move 28 24
485 0 move 37 31
485 1 move 16 8
485 2 move 19 25
485 3 move 37 4
485 4 move 27 24
486 0 move 37 32
486 1 move 16 9
486 2 move 19 26
486 3 move 37 5
486 4 move 26 24
487 0 move 37 33
487 1 move 16 10
487 2 move 19 27
487 3 move 37 6
487 4 move 26 25
488 0 move 37 34
488 1 move 16 11
488 2 pick 18 27
488 3 move 37 7
488 4 pick 25 25
489 0 move 37 35
489 1 pick 17 11
489 2 pick 18 27
489 3 move 37 8
489 4 pick 25 25
490 0 move 37 36
490 1 pick 17 11
490 2 pick 18 27
490 3 move 37 9
490 4 pick 25 25
491 0 move 37 37
491 1 pick 17 11
491 2 pick 18 27
491 3 pick 38 9
491 4 pick 25 25
492 0 move 37 38
492 1 move 16 12
492 2 move 19 28
492 3 move 36 9
492 4 pick 25 25
493 0 move 37 39
493 1 move 16 13
493 2 move 19 29
493 3 move 35 9
493 4 pick 25 25
494 0 fulfill 37 39
494 1 move 16 14
494 2 move 19 30
494 3 move 34 9
494 4 pick 25 25
495 0 move 37 38
495 1 move 16 15
495 2 move 19 31
495 3 move 33 9
495 4 move 26 26
496 0 move 37 37
496 1 move 16 16
496 2 move 19 32
496 3 move 33 8
496 4 pick 25 26
497 0 move 37 36
497 1 move 17 16
497 2 move 19 33
497 3 move 33 7
497 4 move 26 25
498 0 move 37 35
498 1 move 18 16
498 2 move 19 34
498 3 move 33 6
498 4 move 26 24
499 0 move 37 34
499 1 move 19 16
499 2 move 19 35
499 3 move 33 5
499 4 move 26 23
500 0 move 37 33
500 1 move 19 15
500 2 move 19 36
500 3 move 32 5
500 4 move 26 22
501 0 move 37 32
501 1 pick 18 15
501 2 move 19 37
501 3 move 31 5
501 4 move 26 21
502 0 pick 38 32
502 1 move 19 16
502 2 move 19 38
502 3 move 30 5
502 4 move 26 20
503 0 move 37 31
503 1 move 19 17
503 2 move 19 39
503 3 move 30 6
503 4 move 26 19
504 0 pick 38 31
504 1 move 19 18
504 2 fulfill 19 39
504 3 move 30 7
504 4 move 26 18
505 0 move 37 30
505 1 move 19 19
505 2 move 18 39
505 3 move 30 8
505 4 move 26 17
506 0 move 37 29
506 1 move 19 20
506 2 move 17 39
506 3 pick 31 8
506 4 move 26 16
507 0 move 37 28
507 1 move 19 21
507 2 move 16 39
507 3 pick 31 8
507 4 move 26 15
508 0 pick 38 28
508 1 move 19 22
508 2 move 16 38
508 3 move 30 7
508 4 move 26 14
509 0 pick 38 28
509 1 move 20 22
509 2 move 16 37
509 3 move 30 6
509 4 move 26 13
510 0 pick 38 28
510 1 move 21 22
510 2 move 16 36
510 3 move 30 5
510 4 pick 25 13
511 0 move 37 27
511 1 move 22 22
511 2 move 16 35
511 3 move 30 4
511 4 move 26 12
512 0 move 37 26
512 1 move 23 22
512 2 move 16 34
512 3 move 30 3
512 4 move 26 11
513 0 move 37 25
513 1 pick 24 22
513 2 move 16 33
513 3 move 30 2
513 4 move 26 10
514 0 move 37 24
514 1 move 23 23
514 2 move 16 32
514 3 move 30 1
514 4 move 26 9
515 0 move 37 23
515 1 move 23 24
515 2 pick 17 32
515 3 move 30 0
515 4 move 26 8
516 0 move 37 22
516 1 move 23 25
516 2 move 16 31
516 3 fulfill 30 0
516 4 move 26 7
517 0 move 37 21
517 1 move 23 26
517 2 move 16 30
517 3 move 30 1
517 4 move 26 6
518 0 move 38 21
518 1 move 23 27
518 2 move 16 29
518 3 move 30 2
518 4 move 26 5
519 0 move 39 21
519 1 move 23 28
519 2 pick 17 29
519 3 move 30 3
519 4 move 26 4
520 0 move 40 21
520 1 move 23 29
520 2 move 16 28
520 3 move 30 4
520 4 move 26 3
521 0 move 40 22
521 1 move 23 30
521 2 pick 17 28
521 3 move 30 5
521 4 move 26 2
522 0 move 40 23
522 1 move 23 31
522 2 pick 17 28
522 3 move 30 6
522 4 move 26 1
523 0 move 40 24
523 1 move 23 32
523 2 pick 17 28
523 3 move 30 7
523 4 move 26 0
524 0 move 40 25
524 1 move 23 33
524 2 pick 17 28
524 3 move 30 8
524 4 fulfill 26 0
525 0 move 40 26
525 1 move 23 34
525 2 pick 17 28
525 3 move 30 9
525 4 move 26 1
526 0 move 40 27
526 1 move 23 35
526 2 move 16 27
526 3 pick 31 9
526 4 move 26 2
527 0 move 40 28
527 1 move 23 36
527 2 move 16 26
527 3 move 29 9
527 4 move 26 3
528 0 pick 39 28
528 1 move 23 37
528 2 pick 17 26
528 3 move 28 9
528 4 move 26 4
529 0 pick 39 28
529 1 move 23 38
529 2 move 16 25
529 3 move 27 9
529 4 move 26 5
530 0 pick 39 28
530 1 move 23 39
530 2 move 16 24
530 3 move 26 9
530 4 move 26 6
531 0 pick 39 28
531 1 fulfill 23 39
531 2 move 16 23
531 3 move 26 8
531 4 move 26 7
532 0 pick 39 28
532 1 move 23 38
532 2 move 16 22
532 3 pick 25 8
533 0 pick 39 28
533 1 move 23 37
533 2 move 16 21
533 3 pick 25 8
534 0 move 40 29
534 1 move 23 36
534 2 move 17 21
534 3 pick 25 8
535 0 pick 39 29
535 1 move 23 35
535 2 move 18 21
535 3 move 26 7
535 4 move 26 8
536 0 move 40 30
536 1 move 23 34
536 2 move 19 21
536 3 move 26 6
536 4 pick 25 8
537 0 move 40 31
537 1 move 23 33
537 2 move 19 22
537 3 pick 25 6
537 4 pick 25 8
538 0 move 40 32
538 1 move 23 32
538 2 move 19 23
538 3 move 26 5
538 4 pick 25 8
539 0 move 40 33
539 1 move 24 32
539 2 move 19 24
539 3 move 26 4
539 4 pick 25 8
540 0 move 40 34
540 1 move 25 32
540 2 move 19 25
540 3 move 27 4
540 4 move 26 9
541 0 move 40 35
541 1 pick 25 31
541 2 move 19 26
541 3 move 28 4
541 4 move 26 10
542 0 move 40 36
542 1 move 26 32
542 2 move 19 27
542 3 move 29 4
542 4 pick 25 10
543 0 move 40 37
543 1 move 26 31
543 2 pick 18 27
543 3 move 30 4
543 4 move 26 11
544 0 move 40 38
544 1 move 26 30
544 2 pick 18 27
544 3 move 31 4
544 4 move 26 12
545 0 move 40 39
545 1 move 26 29
545 2 pick 18 27
545 3 move 32 4
545 4 move 26 13
546 0 fulfill 40 39
546 1 move 26 28
546 2 move 19 28
546 3 move 33 4
546 4 pick 25 13
547 0 move 40 38
547 1 pick 25 28
547 2 move 19 29
547 3 move 34 4
547 4 move 26 14
548 0 move 40 37
548 1 pick 25 28
548 2 pick 18 29
548 3 move 35 4
548 4 move 27 14
549 0 move 40 36
549 1 move 26 27
549 2 move 19 30
549 3 move 36 4
549 4 move 28 14
550 0 move 40 35
550 1 move 26 26
550 2 move 19 31
550 3 move 37 4
550 4 move 29 14
551 0 move 40 34
551 1 move 26 25
551 2 move 19 32
551 3 move 38 4
551 4 move 30 14
552 0 move 40 33
552 1 move 26 24
552 2 move 19 33
552 3 pick 39 4
552 4 pick 31 14
553 0 move 40 32
553 1 pick 25 24
553 2 move 19 34
553 3 move 37 4
553 4 pick 31 14
554 0 pick 39 32
554 1 move 27 24
554 2 move 19 35
554 3 move 37 3
554 4 move 30 15
555 0 move 40 31
555 1 move 28 24
555 2 move 19 36
555 3 move 37 2
555 4 move 30 16
556 0 move 40 30
556 1 move 29 24
556 2 move 19 37
556 3 move 37 1
556 4 move 31 16
557 0 move 40 29
557 1 move 30 24
557 2 move 19 38
557 3 move 37 0
557 4 move 32 16
558 0 pick 39 29
558 1 pick 31 24
558 2 move 19 39
558 3 move 38 0
558 4 move 33 16
559 0 move 40 28
559 1 pick 31 24
559 2 fulfill 19 39
559 3 move 39 0
559 4 move 33 15
560 0 pick 39 28
560 1 pick 31 24
560 2 move 19 38
560 3 move 39 1
560 4 move 33 14
561 0 pick 39 28
561 1 move 30 23
561 2 move 19 37
561 3 move 40 1
561 4 move 34 14
562 0 pick 39 28
562 1 move 30 22
562 2 move 19 36
562 3 move 40 2
562 4 move 35 14
563 0 pick 39 28
563 1 move 30 21
563 2 move 19 35
563 3 move 40 3
563 4 move 36 14
564 0 pick 39 28
564 1 move 31 21
564 2 move 19 34
564 3 move 40 4
564 4 move 37 14
565 0 move 40 27
565 1 move 32 21
565 2 move 19 33
565 3 move 40 5
565 4 pick 38 14
566 0 pick 39 27
566 1 move 33 21
566 2 move 18 33
566 3 pick 39 5
566 4 move 37 13
567 0 move 40 26
567 1 move 33 22
567 2 pick 17 33
567 3 move 40 4
567 4 move 37 12
568 0 pick 39 26
568 1 move 33 23
568 2 move 19 33
568 3 move 40 3
568 4 move 37 11
569 0 move 40 27
569 1 move 34 23
569 2 move 19 34
569 3 move 40 2
569 4 move 37 10
570 0 move 40 28
570 1 move 35 23
570 2 move 19 35
570 3 move 40 1
570 4 move 37 9
571 0 move 40 29
571 1 move 36 23
571 2 move 19 36
571 3 move 40 0
571 4 move 37 8
572 0 move 40 30
572 1 move 37 23
572 2 move 19 37
572 3 fulfill 40 0
572 4 move 37 7
573 0 move 40 31
573 1 pick 38 23
573 2 move 18 37
573 3 move 40 1
573 4 move 37 6
574 0 move 40 32
574 1 move 37 24
574 2 move 17 37
574 3 move 40 2
574 4 move 37 5
575 0 move 40 33
575 1 move 37 25
575 2 move 16 37
575 3 move 40 3
575 4 move 37 4
576 0 move 40 34
576 1 move 37 26
576 2 move 16 36
576 3 move 40 4
576 4 move 37 3
577 0 move 40 35
577 1 move 37 27
577 2 move 16 35
577 3 move 40 5
577 4 move 37 2
578 0 move 40 36
578 1 move 37 28
578 2 move 16 34
578 3 pick 39 5
578 4 move 37 1
579 0 move 40 37
579 1 move 37 29
579 2 move 16 33
579 3 move 40 6
579 4 move 37 0
580 0 move 40 38
580 1 move 37 30
580 2 move 16 32
580 3 pick 39 6
580 4 fulfill 37 0
581 0 move 40 39
581 1 move 37 31
581 2 pick 17 32
581 3 move 40 7
581 4 move 37 1
582 0 fulfill 40 39
582 1 move 37 32
582 2 pick 17 32
582 3 move 40 8
582 4 move 37 2
583 0 move 40 38
583 1 move 37 33
583 2 move 16 31
583 3 pick 39 8
583 4 move 37 3
584 0 move 40 37
584 1 move 37 34
584 2 move 16 30
584 3 pick 39 8
584 4 move 37 4
585 0 move 40 36
585 1 move 37 35
585 2 move 16 29
585 3 move 40 9
585 4 move 37 5
586 0 pick 39 36
586 1 move 37 36
586 2 pick 17 29
586 3 move 40 10
586 4 pick 38 5
587 0 move 40 37
587 1 move 37 37
587 2 move 16 28
587 3 move 40 11
587 4 pick 38 5
588 0 move 39 37
588 1 move 37 38
588 2 pick 17 28
588 3 pick 39 11
588 4 move 37 6
589 0 move 39 38
589 1 move 37 39
589 2 pick 17 28
589 3 move 40 10
589 4 pick 38 6
590 0 move 38 38
590 1 fulfill 37 39
590 2 move 16 27
590 3 move 40 9
590 4 move 37 7
591 0 move 37 38
591 2 move 16 26
591 3 move 40 8
591 4 move 37 8
592 0 move 37 37
592 1 move 37 38
592 2 move 16 25
592 3 move 40 7
592 4 move 37 9
593 0 move 37 36
593 1 move 37 37
593 2 move 16 24
593 3 move 40 6
593 4 pick 38 9
594 0 move 38 36
594 1 move 37 36
594 2 move 16 23
594 3 move 40 5
594 4 move 37 10
595 0 pick 38 35
595 1 move 37 35
595 2 move 16 22
595 3 move 40 4
595 4 pick 38 10
596 0 pick 38 35
596 1 pick 38 35
596 2 move 16 21
596 3 move 40 3
596 4 pick 38 10
597 0 move 37 36
597 2 move 17 21
597 3 move 40 2
597 4 move 37 11
598 0 move 37 35
598 1 move 37 36
598 2 move 18 21
598 3 move 40 1
598 4 move 37 12
599 0 move 37 34
599 1 move 37 37
599 2 move 19 21
599 3 move 40 0
599 4 move 37 13
600 0 move 37 33
600 1 move 37 38
600 2 move 19 22
600 3 fulfill 40 0
600 4 move 37 14
601 0 move 37 32
601 1 move 38 38
601 2 move 19 23
601 3 move 40 1
601 4 pick 38 14
602 0 move 37 31
602 1 move 39 38
602 2 move 19 24
602 3 move 40 2
602 4 pick 38 14
603 0 pick 38 31
603 1 move 39 37
603 2 move 19 25
603 3 move 40 3
603 4 pick 38 14
604 0 move 37 30
604 1 move 40 37
604 2 move 19 26
604 3 move 39 3
604 4 move 36 14
605 0 move 37 29
605 1 move 40 36
605 2 move 19 27
605 3 pick 38 3
605 4 move 35 14
606 0 move 37 28
606 1 move 40 35
606 2 pick 18 27
606 3 move 40 3
606 4 move 34 14
607 0 pick 38 28
607 1 pick 39 35
607 2 pick 18 27
607 3 move 40 2
607 4 move 33 14
608 0 pick 38 28
608 1 move 40 34
608 2 move 19 28
608 3 move 40 1
608 4 move 33 13
609 0 move 37 27
609 1 move 40 33
609 2 move 19 29
609 3 move 39 1
609 4 move 33 12
610 0 move 37 26
610 1 move 40 32
610 2 move 19 30
610 3 move 39 0
610 4 pick 32 12
611 0 move 37 25
611 1 move 40 31
611 2 move 19 31
611 3 move 38 0
611 4 pick 32 12
612 0 move 37 24
612 1 move 40 30
612 2 move 19 32
612 3 move 37 0
612 4 pick 32 12
613 0 move 37 23
613 1 pick 39 30
613 2 move 19 33
613 3 move 37 1
613 4 pick 32 12
614 0 move 37 22
614 1 move 40 29
614 2 move 19 34
614 3 move 37 2
614 4 move 33 11
615 0 move 37 21
615 1 move 40 28
615 2 move 19 35
615 3 move 37 3
615 4 move 33 10
616 0 move 38 21
616 1 pick 39 28
616 2 move 19 36
616 3 move 37 4
616 4 move 33 9
617 0 move 39 21
617 1 pick 39 28
617 2 move 19 37
617 3 move 38 4
617 4 move 33 8
618 0 move 40 21
618 2 move 19 38
618 3 pick 38 5
618 4 move 33 7
619 0 move 40 22
619 1 move 40 27
619 2 move 19 39
619 3 pick 38 5
619 4 move 33 6
620 0 move 40 23
620 1 move 40 26
620 2 fulfill 19 39
620 3 pick 38 5
620 4 move 33 5
621 0 move 40 24
621 1 move 40 25
621 2 move 18 39
621 3 pick 38 5
621 4 move 33 4
622 0 move 40 25
622 1 move 40 24
622 2 move 17 39
622 3 pick 38 5
622 4 move 33 3
623 0 move 40 26
623 1 move 40 23
623 2 move 16 39
623 3 move 37 4
623 4 move 33 2
624 0 move 40 27
624 1 move 40 22
624 2 move 16 38
624 3 move 37 3
624 4 move 33 1
625 0 move 40 28
625 1 move 40 21
625 2 move 16 37
625 3 move 37 2
625 4 move 33 0
626 0 pick 39 28
626 1 move 39 21
626 2 move 16 36
626 3 move 37 1
626 4 fulfill 33 0
627 0 pick 39 28
627 1 move 38 21
627 2 move 16 35
627 3 move 37 0
627 4 move 33 1
628 0 pick 39 28
628 1 move 37 21
628 2 pick 17 35
628 3 move 38 0
628 4 move 33 2
629 0 pick 39 28
629 1 move 37 22
629 2 move 16 34
629 3 fulfill 38 0
629 4 move 33 3
630 0 move 40 29
630 1 move 37 23
630 2 pick 17 34
630 3 move 37 0
630 4 move 33 4
631 0 pick 39 29
631 1 move 37 24
631 2 move 16 33
631 3 move 37 1
631 4 move 34 4
632 0 pick 39 29
632 1 move 37 25
632 2 move 16 32
632 3 move 37 2
632 4 move 35 4
633 0 move 40 30
633 1 move 37 26
633 2 pick 17 32
633 3 move 37 3
633 4 move 36 4
634 0 move 40 31
634 1 move 37 27
634 2 move 16 33
634 3 pick 38 3
634 4 move 37 4
635 0 move 40 32
635 1 move 37 28
635 2 move 16 34
635 3 move 37 4
635 4 move 38 4
636 0 move 40 33
636 1 pick 38 28
636 2 move 16 35
636 3 move 37 5
636 4 pick 39 4
637 0 move 40 34
637 1 move 37 27
637 2 move 16 36
637 3 pick 38 5
637 4 pick 38 5
638 0 move 40 35
638 1 move 37 26
638 2 move 16 37
638 3 pick 38 5
638 4 pick 38 5
639 0 move 40 36
639 1 move 37 25
639 2 move 17 37
639 3 pick 38 5
639 4 move 37 4
640 0 move 40 37
640 1 pick 38 25
640 2 move 18 37
640 3 move 37 4
640 4 move 37 3
641 0 move 40 38
641 1 move 37 26
641 2 move 19 37
641 3 move 37 3
641 4 move 37 2
642 0 move 40 39
642 1 move 37 27
642 2 move 19 36
642 3 move 37 2
642 4 move 37 1
643 0 fulfill 40 39
643 1 move 37 28
643 2 move 19 35
643 3 move 37 1
643 4 move 37 0
644 0 move 39 39
644 1 move 37 29
644 2 move 19 34
644 3 move 37 0
644 4 move 38 0
645 0 move 38 39
645 1 move 37 30
645 2 move 19 33
645 3 move 38 0
645 4 move 39 0
646 0 move 37 39
646 1 move 37 31
646 2 move 19 32
646 3 move 39 0
646 4 move 39 1
647 0 move 37 38
647 1 move 37 32
647 2 move 19 31
647 3 move 39 1
647 4 move 40 1
648 0 move 37 37
648 1 move 37 33
648 2 move 19 30
648 3 move 40 1
648 4 move 40 2
649 0 move 37 36
649 1 move 37 34
649 2 move 19 29
649 3 move 40 2
649 4 move 40 3
650 1 move 37 35
650 2 move 19 28
650 3 move 40 3
650 4 move 40 4
651 0 move 37 35
651 1 move 37 36
651 2 move 19 27
651 3 move 40 4
651 4 move 40 5
652 0 move 37 34
652 1 move 37 37
652 2 pick 18 27
652 3 move 40 5
652 4 move 40 6
653 0 pick 38 34
653 1 move 37 38
653 2 pick 18 27
653 3 pick 39 5
653 4 move 40 7
654 0 move 37 33
654 1 move 37 39
654 2 pick 18 27
654 3 pick 39 5
654 4 move 40 8
655 0 move 37 32
655 1 fulfill 37 39
655 2 move 19 28
655 3 pick 39 5
655 4 pick 39 8
656 0 pick 38 32
656 1 move 37 38
656 2 move 19 29
656 3 move 40 6
656 4 move 40 9
657 0 move 37 31
657 1 move 37 37
657 2 move 19 30
657 3 move 40 7
657 4 move 40 10
658 0 pick 38 31
658 1 move 37 36
658 2 move 19 31
658 3 move 40 8
658 4 move 40 11
659 0 move 37 30
659 1 move 37 35
659 2 move 19 32
659 3 pick 39 8
659 4 move 40 12
660 0 move 37 29
660 1 move 37 34
660 2 move 19 33
660 3 pick 39 8
660 4 move 40 13
661 0 move 37 28
661 1 move 37 33
661 2 move 19 34
661 3 pick 39 8
661 4 move 40 14
662 0 move 37 27
662 1 move 37 32
662 2 move 19 35
662 3 pick 39 8
662 4 move 40 15
663 0 move 37 26
663 1 move 37 31
663 2 move 19 36
663 3 pick 39 8
663 4 move 40 16
664 0 move 37 25
664 1 pick 38 31
664 2 move 19 37
664 3 move 40 9
664 4 move 39 16
665 0 move 37 24
665 1 move 37 32
665 2 move 19 38
665 3 move 40 10
665 4 move 38 16
666 0 move 37 23
666 1 move 37 33
666 2 move 19 39
666 3 move 40 11
666 4 move 37 16
667 0 move 37 22
667 1 move 37 34
667 2 fulfill 19 39
667 3 move 40 12
667 4 move 37 15
668 0 move 37 21
668 1 move 37 35
668 2 move 19 38
668 3 move 40 13
668 4 move 37 14
669 0 move 38 21
669 1 move 37 36
669 2 move 19 37
669 3 move 40 14
669 4 move 37 13
670 0 move 39 21
670 1 move 37 37
670 2 move 19 36
670 3 move 40 15
670 4 move 37 12
671 0 move 40 21
671 1 move 37 38
671 2 move 19 35
671 3 move 40 16
671 4 move 37 11
672 0 move 40 22
672 1 move 38 38
672 2 pick 18 35
672 3 move 39 16
672 4 move 37 10
673 0 move 40 23
673 1 move 39 38
673 2 move 19 34
673 3 move 38 16
673 4 move 37 9
674 0 move 40 24
674 1 move 39 37
674 2 move 19 33
674 3 move 37 16
674 4 pick 38 9
675 0 move 40 25
675 1 move 40 37
675 2 move 19 32
675 3 move 37 15
675 4 move 37 10
676 0 move 40 26
676 1 move 40 36
676 2 move 19 31
676 3 move 37 14
676 4 pick 38 10
677 0 move 40 27
677 1 move 40 35
677 2 move 19 30
677 3 move 37 13
677 4 move 36 10
678 0 move 40 28
678 1 move 40 34
678 2 move 19 29
678 3 move 37 12
678 4 move 35 10
679 0 pick 39 28
679 1 move 40 33
679 2 move 19 28
679 3 move 37 11
679 4 move 34 10
680 0 pick 39 28
680 1 move 40 32
680 2 move 19 27
680 3 move 37 10
680 4 move 33 10
681 0 pick 39 28
681 1 move 40 31
681 2 pick 18 27
681 3 move 37 9
681 4 move 33 11
682 0 move 40 29
682 1 move 40 30
682 2 pick 18 27
682 3 pick 38 9
682 4 move 33 12
683 0 move 40 30
683 1 move 40 29
683 2 pick 18 27
683 3 move 37 8
683 4 move 33 13
684 0 move 40 31
684 1 pick 39 29
684 2 move 19 26
684 3 move 37 7
684 4 move 33 14
685 0 move 40 32
685 1 move 40 28
685 2 move 19 25
685 3 move 37 6
685 4 pick 32 14
686 0 move 40 33
686 1 pick 39 28
686 2 move 19 24
686 3 move 37 5
686 4 move 33 13
687 0 move 40 34
687 1 pick 39 28
687 2 move 19 23
687 3 move 37 4
687 4 move 33 12
688 0 move 40 35
688 1 pick 39 28
688 2 move 19 22
688 3 move 37 3
688 4 move 33 11
689 0 move 40 36
689 1 pick 39 28
689 2 move 19 21
689 3 move 37 2
689 4 move 33 10
690 0 move 40 37
690 1 move 40 27
690 2 move 18 21
690 3 move 37 1
690 4 move 33 9
691 0 move 40 38
691 1 move 40 26
691 2 move 17 21
691 3 move 37 0
691 4 move 33 8
692 0 move 40 39
692 1 move 40 25
692 2 move 16 21
692 3 fulfill 37 0
692 4 move 33 7
693 0 fulfill 40 39
693 1 move 40 24
693 2 move 16 22
693 3 move 36 0
693 4 move 33 6
694 0 move 40 38
694 1 move 40 23
694 2 move 16 23
694 3 move 35 0
694 4 move 33 5
695 0 move 40 37
695 1 move 40 22
695 2 move 16 24
695 3 move 35 1
695 4 move 33 4
696 0 move 40 36
696 1 move 40 21
696 2 move 16 25
696 3 move 35 2
696 4 move 33 3
697 0 move 40 35
697 1 move 39 21
697 2 move 16 26
697 3 move 35 3
697 4 move 33 2
698 0 move 40 34
698 1 move 38 21
698 2 move 16 27
698 3 move 35 4
698 4 move 33 1
699 0 move 40 33
699 1 move 37 21
699 2 move 16 28
699 3 move 35 5
699 4 move 33 0
700 0 move 40 32
700 1 move 36 21
700 2 move 16 29
700 3 move 36 5
700 4 fulfill 33 0
701 0 pick 39 32
701 1 move 35 21
701 2 pick 17 29
701 3 move 37 5
701 4 move 34 0
702 0 move 40 31
702 1 move 34 21
702 2 move 16 28
702 3 pick 38 5
702 4 move 35 0
703 0 pick 39 31
703 1 move 33 21
703 2 move 16 27
703 3 pick 38 5
703 4 move 36 0
704 0 move 40 30
704 1 move 32 21
704 2 move 16 26
704 3 pick 38 5
704 4 move 37 0
705 0 pick 39 30
705 1 move 31 21
705 2 move 16 25
705 3 pick 38 5
705 4 move 38 0
706 0 move 40 29
706 1 move 30 21
706 2 move 16 24
706 3 move 37 4
706 4 move 39 0
707 0 move 40 28
707 1 move 30 22
707 2 move 16 23
707 3 move 38 4
707 4 move 39 1
708 0 pick 39 28
708 1 move 30 23
708 2 move 16 22
708 3 pick 39 4
708 4 pick 39 2
709 0 pick 39 28
709 1 move 30 24
709 2 move 16 21
709 3 move 37 4
709 4 move 40 1
710 0 pick 39 28
710 1 move 30 25
710 2 move 16 20
710 3 move 37 3
710 4 move 40 2
711 0 move 40 27
711 1 move 30 26
711 2 move 16 19
711 3 move 37 2
711 4 move 40 3
712 0 move 40 26
712 1 move 30 27
712 2 move 16 18
712 3 move 37 1
712 4 move 39 3
713 0 move 40 25
713 1 move 30 28
713 2 move 16 17
713 3 move 37 0
713 4 pick 38 3
714 0 move 40 24
714 1 move 30 29
714 2 move 16 16
714 3 move 38 0
714 4 move 40 3
715 0 move 40 23
715 1 pick 31 29
715 2 move 17 16
715 3 move 39 0
715 4 move 40 2
716 0 move 40 22
716 1 move 30 30
716 2 move 18 16
716 3 move 39 1
716 4 move 40 1
717 0 move 40 21
717 1 move 30 31
717 2 move 19 16
717 3 move 40 1
717 4 move 39 1
718 0 move 39 21
718 1 move 30 32
718 2 move 19 15
718 3 move 40 2
718 4 move 39 0
719 0 move 38 21
719 1 move 30 33
719 2 move 19 14
719 3 move 40 3
719 4 move 38 0
720 0 move 37 21
720 1 move 30 34
720 2 move 19 13
720 3 move 40 4
720 4 move 37 0
721 0 move 37 22
721 1 move 30 35
721 2 move 19 12
721 3 move 40 5
721 4 move 37 1
722 0 move 37 23
722 1 move 30 36
722 2 pick 18 12
722 3 move 40 6
722 4 move 37 2
723 0 move 37 24
723 1 move 30 37
723 2 move 19 11
723 3 move 40 7
723 4 move 37 3
724 0 move 37 25
724 1 move 30 38
724 2 move 19 10
724 3 move 40 8
724 4 move 37 4
725 0 move 37 26
725 1 move 30 39
725 2 move 19 9
725 3 pick 39 8
725 4 move 38 4
726 0 move 37 27
726 1 fulfill 30 39
726 2 move 19 8
726 3 pick 39 8
726 4 pick 38 5
727 0 move 37 28
727 1 move 30 38
727 2 move 19 7
727 3 pick 39 8
727 4 pick 38 5
728 0 pick 38 28
728 1 move 30 37
728 2 move 19 6
728 3 pick 39 8
728 4 move 37 4
729 0 move 37 29
729 1 move 30 36
729 2 move 19 5
729 3 move 40 9
729 4 move 37 3
730 0 move 37 30
730 1 move 30 35
730 2 move 19 4
730 3 move 40 10
730 4 move 37 2
731 0 move 37 31
731 1 move 30 34
731 2 move 19 3
731 3 pick 39 10
731 4 move 37 1
732 0 move 37 32
732 1 move 30 33
732 2 move 19 2
732 3 move 40 11
732 4 move 37 0
733 0 move 37 33
733 1 move 30 32
733 2 move 19 1
733 3 move 40 12
733 4 move 38 0
734 0 move 37 34
734 1 move 30 31
734 2 move 19 0
734 3 move 40 13
734 4 move 39 0
735 0 move 37 35
735 1 move 30 30
735 2 fulfill 19 0
735 3 move 40 14
735 4 move 39 1
736 0 move 37 36
736 1 move 30 29
736 2 move 19 1
736 3 move 40 15
736 4 move 40 1
737 0 move 37 37
737 1 move 30 28
737 2 move 19 2
737 3 move 40 16
737 4 move 40 2
738 0 move 37 38
738 1 move 30 27
738 2 move 19 3
738 3 move 39 16
738 4 move 40 3
739 0 move 37 39
739 1 pick 31 27
739 2 move 19 4
739 3 move 38 16
739 4 move 40 4
740 0 fulfill 37 39
740 1 move 30 26
740 2 move 19 5
740 3 move 37 16
740 4 move 40 5
741 0 move 37 38
741 1 move 30 25
741 2 move 19 6
741 3 move 37 15
741 4 pick 39 5
742 0 move 37 37
742 1 move 30 24
742 2 move 19 7
742 3 move 37 14
742 4 move 40 6
743 0 move 37 36
743 1 pick 31 24
743 2 pick 18 7
743 3 move 37 13
743 4 pick 39 6
744 0 move 37 35
744 1 pick 31 24
744 2 move 19 8
744 3 move 37 12
744 4 move 40 7
745 0 move 37 34
745 1 pick 31 24
745 2 move 19 9
745 3 move 37 11
745 4 pick 39 7
746 0 move 37 33
746 1 move 30 23
746 2 move 19 10
746 3 move 37 10
746 4 move 40 6
747 0 pick 38 33
747 1 move 30 22
747 2 move 20 10
747 3 move 37 9
747 4 move 40 5
748 0 move 37 32
748 1 move 30 21
748 2 move 21 10
748 3 pick 38 9
748 4 move 40 4
749 0 move 37 31
749 1 move 30 20
749 2 move 22 10
749 3 move 36 9
749 4 move 40 3
750 0 move 37 30
750 1 move 30 19
750 2 move 23 10
750 3 move 35 9
750 4 move 40 2
751 0 move 37 29
751 1 move 30 18
751 2 pick 24 10
751 3 move 34 9
751 4 move 40 1
752 0 pick 38 29
752 1 move 30 17
752 2 move 23 11
752 3 move 33 9
752 4 move 39 1
753 0 move 37 28
753 1 move 30 16
753 2 move 23 12
753 3 move 33 8
753 4 move 39 0
754 0 move 37 27
754 1 move 31 16
754 2 pick 24 12
754 3 move 33 7
754 4 move 38 0
755 0 move 37 26
755 1 move 32 16
755 2 pick 24 12
755 3 move 33 6
755 4 move 37 0
756 0 move 37 25
756 1 move 33 16
756 2 pick 24 12
756 3 move 33 5
756 4 move 37 1
757 0 move 37 24
757 1 move 33 15
757 2 move 22 12
757 3 move 32 5
757 4 move 37 2
758 0 move 37 23
758 1 move 33 14
758 2 move 21 12
758 3 move 31 5
758 4 move 37 3
759 0 move 37 22
759 1 pick 32 14
759 2 move 20 12
759 3 move 30 5
759 4 move 37 4
760 0 move 37 21
760 1 pick 32 14
760 2 move 19 12
760 3 move 30 6
760 4 move 37 5
761 0 move 38 21
761 1 move 34 14
761 2 move 19 13
761 3 move 30 7
761 4 move 37 6
762 0 move 39 21
762 1 move 35 14
762 2 move 19 14
762 3 move 30 8
762 4 move 37 7
763 0 move 40 21
763 1 move 36 14
763 2 move 19 15
763 3 pick 31 8
763 4 move 37 8
764 0 move 40 22
764 1 move 37 14
764 2 move 19 16
764 3 move 30 7
764 4 pick 38 8
765 0 move 40 23
765 1 move 37 15
765 2 move 18 16
765 3 move 30 6
765 4 move 37 9
766 0 move 40 24
766 1 move 37 16
766 2 move 17 16
766 3 move 30 5
766 4 pick 38 9
767 0 move 40 25
767 1 move 38 16
767 2 move 16 16
767 3 move 30 4
767 4 pick 38 9
768 0 move 40 26
768 1 move 39 16
768 2 move 16 15
768 3 move 30 3
768 4 move 37 8
769 0 move 40 27
769 1 move 40 16
769 2 move 16 14
769 3 move 30 2
769 4 move 37 7
770 0 move 40 28
770 1 move 41 16
770 2 move 16 13
770 3 move 30 1
770 4 move 37 6
771 0 move 40 29
771 1 move 42 16
771 2 move 16 12
771 3 move 30 0
771 4 move 37 5
772 0 pick 39 29
772 1 move 43 16
772 2 move 16 11
772 3 fulfill 30 0
772 4 move 37 4
773 0 move 40 28
773 1 move 44 16
773 2 pick 17 11
773 3 move 30 1
773 4 move 37 3
774 0 pick 39 28
774 1 move 45 16
774 2 pick 17 11
774 3 move 30 2
774 4 move 37 2
775 0 pick 39 28
775 1 move 46 16
775 2 move 16 12
775 3 move 30 3
775 4 move 37 1
776 0 pick 39 28
776 1 move 47 16
776 2 move 16 13
776 3 move 30 4
776 4 move 37 0
777 0 move 40 29
777 1 move 47 15
777 2 move 16 14
777 3 move 30 5
777 4 fulfill 37 0
778 0 move 40 30
778 1 move 47 14
778 2 move 16 15
778 3 move 30 6
778 4 move 37 1
779 0 move 40 31
779 1 pick 46 14
779 2 move 16 16
779 3 move 30 7
779 4 pick 38 1
780 0 move 40 32
780 1 move 48 14
780 2 move 16 17
780 3 pick 31 7
780 4 move 37 2
781 0 pick 39 32
781 1 move 49 14
781 2 move 16 18
781 3 move 30 8
781 4 pick 38 2
782 0 move 40 33
782 1 move 50 14
782 2 move 16 19
782 3 move 30 9
782 4 move 37 3
783 0 move 40 34
783 1 move 51 14
783 2 move 16 20
783 3 pick 31 9
783 4 pick 38 3
784 0 move 40 35
784 1 move 52 14
784 2 move 16 21
784 3 pick 31 9
784 4 move 37 4
785 0 move 40 36
785 1 move 53 14
785 2 move 16 22
785 3 pick 31 9
785 4 move 38 4
786 0 move 40 37
786 1 move 54 14
786 2 move 16 23
786 3 pick 31 9
786 4 pick 39 4
787 0 move 40 38
787 1 move 55 14
787 2 move 16 24
787 3 move 29 9
787 4 pick 39 4
788 0 move 40 39
788 1 move 56 14
788 2 move 16 25
788 3 move 28 9
788 4 pick 38 5
789 0 fulfill 40 39
789 1 move 57 14
789 2 move 16 26
789 3 move 27 9
789 4 pick 38 5
790 0 move 40 38
790 1 move 58 14
790 2 move 16 27
790 3 move 26 9
790 4 move 37 4
791 0 move 40 37
791 1 move 59 14
791 2 move 16 28
791 3 move 26 8
791 4 move 37 5
792 0 move 40 36
792 1 fulfill 59 14
792 2 move 16 29
792 3 pick 25 8
792 4 move 37 6
793 0 move 40 35
793 1 move 58 14
793 2 pick 17 29
793 3 pick 25 8
793 4 move 37 7
794 0 pick 39 35
794 1 move 57 14
794 2 pick 17 29
794 3 pick 25 8
794 4 pick 38 7
795 0 move 40 34
795 1 move 56 14
795 2 move 16 30
795 3 pick 25 8
795 4 move 37 8
796 0 move 40 33
796 1 move 55 14
796 2 move 16 31
796 3 pick 25 8
796 4 move 37 9
797 0 move 40 32
797 1 move 54 14
797 2 move 16 32
797 3 move 26 9
797 4 pick 38 9
798 0 pick 39 32
798 1 move 53 14
798 2 move 16 33
798 3 move 26 10
798 4 move 37 10
799 0 move 40 33
799 1 move 52 14
799 2 move 16 34
799 3 move 26 11
799 4 move 37 11
800 0 move 40 34
800 1 move 51 14
800 2 move 16 35
800 3 pick 25 11
800 4 pick 38 11
801 0 move 40 35
801 1 move 50 14
801 2 move 16 36
801 3 move 26 12
801 4 move 36 11
802 0 move 40 36
802 1 move 49 14
802 2 move 16 37
802 3 move 26 13
802 4 move 35 11
803 0 move 40 37
803 1 move 48 14
803 2 move 16 38
803 3 move 26 14
803 4 move 34 11
804 0 move 39 37
804 1 move 47 14
804 2 move 16 39
804 3 move 26 15
804 4 move 33 11
805 0 move 39 38
805 1 move 47 13
805 2 fulfill 16 39
805 3 move 26 16
805 4 move 33 12
806 0 move 38 38
806 1 move 47 12
806 2 move 16 38
806 3 move 25 16
806 4 pick 32 12
807 0 move 37 38
807 1 pick 46 12
807 2 move 16 37
807 3 move 24 16
807 4 pick 32 12
808 0 move 37 37
808 1 move 47 13
808 2 move 17 37
808 3 move 23 16
808 4 move 33 11
809 0 move 37 36
809 1 move 47 14
809 2 move 18 37
809 3 move 22 16
809 4 move 33 10
810 0 move 37 35
810 1 move 47 15
810 2 move 19 37
810 3 move 21 16
810 4 move 33 9
811 0 move 37 34
811 1 move 47 16
811 2 move 19 36
811 3 move 20 16
811 4 move 33 8
812 0 move 37 33
812 1 move 46 16
812 2 move 19 35
812 3 move 19 16
812 4 move 33 7
813 0 move 37 32
813 1 move 45 16
813 2 pick 18 35
813 3 move 19 15
813 4 move 33 6
814 0 pick 38 32
814 1 move 44 16
814 2 move 19 34
814 3 pick 18 15
814 4 move 33 5
815 0 move 37 31
815 1 move 44 15
815 2 move 19 33
815 3 move 19 16
815 4 move 33 4
816 0 pick 38 31
816 1 move 44 14
816 2 move 19 32
816 3 move 19 17
816 4 move 33 3
817 0 move 37 32
817 1 move 44 13
817 2 move 19 31
817 3 move 19 18
817 4 move 33 2
818 0 move 37 33
818 1 move 44 12
818 2 move 19 30
818 3 move 19 19
818 4 move 33 1
819 0 pick 38 33
819 1 pick 45 12
819 2 move 19 29
819 3 move 19 20
819 4 move 33 0
820 0 move 37 32
820 1 move 43 12
820 2 move 19 28
820 3 move 19 21
820 4 fulfill 33 0
821 0 move 37 31
821 1 move 42 12
821 2 move 19 27
821 3 move 19 22
821 4 move 33 1
822 0 move 37 30
822 1 move 41 12
822 2 pick 18 27
822 3 move 20 22
822 4 move 34 1
823 0 move 37 29
823 1 move 40 12
823 2 pick 18 27
823 3 move 21 22
823 4 move 35 1
824 0 move 37 28
824 1 pick 39 12
824 2 pick 18 27
824 3 move 22 22
824 4 move 36 1
825 0 pick 38 28
825 1 move 40 11
825 2 move 19 26
825 3 move 23 22
825 4 move 37 1
826 0 move 37 27
826 1 pick 39 11
826 2 move 19 25
826 3 pick 24 22
826 4 pick 38 1
827 0 move 37 26
827 1 pick 39 11
827 2 move 19 24
827 3 move 23 23
827 4 move 37 2
828 0 move 37 25
828 1 move 40 10
828 2 move 19 23
828 3 move 23 24
828 4 move 37 3
829 0 move 37 24
829 1 move 40 9
829 2 move 19 22
829 3 move 23 25
829 4 move 37 4
830 0 move 37 23
830 1 pick 39 9
830 2 move 19 21
830 3 move 23 26
830 4 move 37 5
831 0 move 37 22
831 1 move 40 8
831 2 move 18 21
831 3 move 23 27
831 4 pick 38 5
832 0 move 37 21
832 1 move 40 7
832 2 move 17 21
832 3 move 23 28
832 4 move 37 4
833 0 move 38 21
833 1 move 40 6
833 2 move 16 21
833 3 move 23 29
833 4 move 37 3
834 0 move 39 21
834 1 move 40 5
834 2 move 16 22
834 3 move 23 30
834 4 move 37 2
835 0 move 40 21
835 1 move 40 4
835 2 move 16 23
835 3 move 23 31
835 4 move 37 1
836 0 move 40 22
836 1 pick 39 4
836 2 move 16 24
836 3 move 23 32
836 4 move 37 0
837 0 move 40 23
837 1 move 40 3
837 2 move 16 25
837 3 move 23 33
837 4 move 38 0
838 0 move 40 24
838 1 move 40 2
838 2 move 16 26
838 3 move 23 34
838 4 move 39 0
839 0 move 40 25
839 1 move 40 1
839 2 move 16 27
839 3 move 23 35
839 4 move 39 1
840 0 move 40 26
840 1 move 40 0
840 2 pick 17 27
840 3 move 23 36
840 4 move 40 1
841 0 move 40 27
841 1 fulfill 40 0
841 2 pick 17 27
841 3 move 23 37
841 4 move 40 2
842 0 move 40 28
842 1 move 39 0
842 2 move 16 26
842 3 move 23 38
842 4 move 40 3
843 0 pick 39 28
843 1 move 38 0
843 2 pick 17 26
843 3 move 23 39
843 4 move 40 4
844 0 pick 39 28
844 1 move 37 0
844 2 move 16 27
844 3 fulfill 23 39
844 4 move 40 5
845 0 pick 39 28
845 1 move 37 1
845 2 move 16 28
845 3 move 22 39
845 4 pick 39 5
846 0 move 40 29
846 1 move 37 2
846 2 move 16 29
846 3 move 21 39
846 4 move 40 4
847 0 pick 39 29
847 1 pick 38 2
847 2 pick 17 29
847 3 move 20 39
847 4 move 40 3
848 0 pick 39 29
848 1 move 37 3
848 2 move 16 30
848 3 move 19 39
848 4 move 40 2
849 0 move 40 30
849 1 move 37 4
849 2 move 16 31
849 3 move 18 39
849 4 move 40 1
850 0 move 40 31
850 1 move 37 5
850 2 move 16 32
850 3 move 17 39
850 4 move 39 1
851 0 move 40 32
851 1 pick 38 5
851 2 move 16 33
851 3 move 17 38
851 4 move 39 0
852 0 move 40 33
852 1 pick 38 5
852 2 move 16 34
852 3 move 17 37
852 4 move 38 0
853 0 move 40 34
853 1 pick 38 5
853 2 move 16 35
853 3 pick 17 36
853 4 move 37 0
854 0 move 40 35
854 1 pick 38 5
854 2 move 16 36
854 3 move 16 37
854 4 move 37 1
855 0 move 40 36
855 1 move 37 6
855 2 move 16 37
855 3 move 16 36
855 4 move 37 2
856 0 move 40 37
856 1 pick 38 6
856 2 move 16 38
856 3 move 16 35
856 4 move 37 3
857 0 move 40 38
857 1 move 37 7
857 2 move 16 39
857 3 pick 17 35
857 4 move 37 4
858 0 move 40 39
858 1 pick 38 7
858 2 fulfill 16 39
858 3 move 16 34
858 4 move 37 5
859 0 fulfill 40 39
859 1 move 37 8
859 2 move 16 38
859 3 pick 17 34
859 4 move 37 6
860 0 move 40 38
860 1 move 37 9
860 2 move 16 37
860 4 move 37 7
861 0 move 40 37
861 1 move 37 10
861 2 move 16 36
861 3 move 16 35
861 4 move 37 8
862 0 move 40 36
862 1 pick 38 10
862 2 move 16 35
862 3 move 16 36
862 4 move 37 9
863 0 move 40 35
863 1 pick 38 10
863 2 move 16 34
863 3 move 16 37
863 4 pick 38 9
864 0 move 40 34
864 1 move 37 11
864 2 pick 17 34
864 3 move 17 37
864 4 move 37 10
865 0 pick 39 34
865 1 move 37 12
865 2 move 16 33
865 3 move 18 37
865 4 move 37 11
866 0 move 40 33
866 1 move 37 13
866 2 pick 17 33
866 3 move 19 37
866 4 move 37 12
867 0 move 40 32
867 1 move 37 14
867 2 move 16 34
867 3 move 19 36
867 4 pick 38 12
868 0 move 40 31
868 1 move 37 15
868 2 move 16 35
868 3 move 19 35
868 4 move 37 11
869 0 pick 39 31
869 1 move 37 16
869 2 move 16 36
869 3 move 19 34
869 4 move 37 10
870 0 move 40 30
870 1 move 38 16
870 2 move 16 37
870 3 move 19 33
870 4 move 37 9
871 0 move 40 29
871 1 move 39 16
871 2 move 17 37
871 3 move 18 33
871 4 move 37 8
872 0 pick 39 29
872 1 move 40 16
872 2 move 18 37
872 3 pick 18 32
872 4 move 37 7
873 0 pick 39 29
873 1 move 40 15
873 2 move 19 37
873 3 pick 18 32
873 4 move 37 6
874 0 move 40 28
874 1 move 40 14
874 2 move 19 36
874 3 move 19 33
874 4 move 37 5
875 0 pick 39 28
875 1 move 40 13
875 2 move 19 35
875 3 move 19 32
875 4 move 37 4
876 0 pick 39 28
876 1 move 40 12
876 2 move 19 34
876 3 move 19 31
876 4 move 37 3
877 0 move 40 27
877 1 pick 39 12
877 2 move 19 33
877 3 move 19 30
877 4 move 37 2
878 0 move 40 26
878 1 move 40 11
878 2 move 19 32
878 3 move 19 29
878 4 move 37 1
879 0 move 40 25
879 1 move 40 10
879 2 move 19 31
879 3 pick 18 29
879 4 move 37 0
880 0 move 40 24
880 1 move 40 9
880 2 pick 18 31
880 3 move 19 28
880 4 fulfill 37 0
881 0 move 40 23
881 1 move 40 8
881 2 move 19 30
881 3 move 19 27
881 4 move 38 0
882 0 move 40 22
882 1 pick 39 8
882 2 move 19 29
882 3 pick 18 27
882 4 move 39 0
883 0 move 40 21
883 1 move 40 7
883 2 pick 18 29
883 3 pick 18 27
883 4 move 39 1
884 0 move 39 21
884 1 move 40 6
884 2 move 19 28
884 3 pick 18 27
884 4 pick 39 2
885 0 move 38 21
885 1 move 40 5
885 2 move 19 27
885 3 move 19 26
885 4 move 39 0
886 0 move 37 21
886 1 move 40 4
886 2 pick 18 27
886 3 move 19 25
886 4 move 38 0
887 0 move 37 22
887 1 move 40 3
887 2 pick 18 27
887 3 move 19 24
887 4 move 37 0
888 0 move 37 23
888 1 move 40 2
888 2 pick 18 27
888 3 move 19 23
888 4 move 37 1
889 0 move 37 24
889 1 move 40 1
889 2 move 19 28
889 3 move 19 22
889 4 move 37 2
890 0 move 37 25
890 1 move 40 0
890 2 move 19 29
890 3 move 19 21
890 4 move 37 3
891 0 move 37 26
891 1 fulfill 40 0
891 2 move 19 30
891 3 move 18 21
891 4 move 37 4
892 0 pick 38 26
892 1 move 40 1
892 2 move 19 31
892 3 move 17 21
892 4 move 38 4
893 0 move 37 25
893 1 move 40 2
893 2 move 19 32
893 3 move 16 21
893 4 pick 38 5
894 0 pick 38 25
894 1 move 40 3
894 2 move 19 33
894 3 move 16 22
894 4 pick 38 5
895 0 pick 38 25
895 1 move 40 4
895 2 move 19 34
895 3 move 16 23
895 4 pick 38 5
896 0 pick 38 25
896 1 move 40 5
896 2 move 19 35
896 3 move 16 24
896 4 pick 38 5
897 0 move 36 25
897 1 pick 39 5
897 2 move 19 36
897 3 move 16 25
897 4 pick 38 5
898 0 move 35 25
898 1 pick 39 5
898 2 move 19 37
898 3 move 16 26
898 4 move 37 4
899 0 move 34 25
899 1 move 40 4
899 2 move 19 38
899 3 move 16 27
899 4 move 37 3
900 0 move 33 25
900 1 move 40 3
900 2 move 19 39
900 3 pick 17 27
900 4 move 37 2
901 0 move 33 24
901 1 move 40 2
901 2 fulfill 19 39
901 3 pick 17 27
901 4 move 37 1
902 0 move 33 23
902 1 move 40 1
902 2 move 19 38
902 3 move 16 26
902 4 move 37 0
903 0 move 33 22
903 1 move 39 1
903 2 move 19 37
903 3 move 16 25
903 4 move 38 0
904 0 move 33 21
904 2 move 19 36
904 3 move 16 24
904 4 move 39 0
905 0 move 32 21
905 1 move 39 0
905 2 move 19 35
905 3 move 16 23
905 4 move 39 1
906 0 move 31 21
906 1 move 38 0
906 2 move 19 34
906 3 move 16 22
906 4 move 40 1
907 0 move 30 21
907 1 move 37 0
907 2 pick 18 34
907 3 move 16 21
907 4 move 40 2
908 0 move 30 22
908 1 move 37 1
908 2 move 19 33
908 3 move 16 20
908 4 move 40 3
909 0 move 30 23
909 1 move 37 2
909 2 move 18 33
909 3 move 16 19
909 4 move 40 4
910 0 move 30 24
910 1 move 37 3
910 2 pick 17 33
910 3 move 16 18
910 4 move 40 5
911 0 move 30 25
911 1 move 37 4
911 2 move 19 33
911 3 move 16 17
911 4 pick 39 5
912 0 move 30 26
912 1 move 37 5
912 2 move 19 34
912 3 move 16 16
912 4 pick 39 5
913 0 pick 31 26
913 1 pick 38 5
913 2 move 19 35
913 3 move 17 16
913 4 move 40 6
914 0 move 30 27
914 1 pick 38 5
914 2 move 19 36
914 3 move 18 16
914 4 move 40 7
915 0 move 30 28
915 1 pick 38 5
915 2 move 19 37
915 3 move 19 16
915 4 move 40 8
916 0 move 30 29
916 1 move 37 6
916 2 move 18 37
916 3 move 19 15
916 4 pick 39 8
917 0 move 30 30
917 1 move 37 7
917 2 move 17 37
917 3 move 19 14
917 4 pick 39 8
918 0 move 30 31
918 1 pick 38 7
918 2 move 16 37
918 3 move 19 13
918 4 move 40 9
919 0 move 30 32
919 1 move 37 8
919 2 move 16 36
919 3 move 19 12
919 4 pick 39 9
920 0 move 30 33
920 1 move 37 9
920 2 move 16 35
920 3 pick 18 12
920 4 move 40 10
921 0 move 30 34
921 1 move 37 10
921 2 move 16 34
921 3 move 19 11
921 4 move 40 11
922 0 move 30 35
922 1 pick 38 10
922 2 move 16 33
922 3 move 19 10
922 4 move 40 12
923 0 move 30 36
923 1 move 37 11
923 2 move 16 32
923 3 move 19 9
923 4 move 40 13
924 0 move 30 37
924 1 move 37 12
924 2 pick 17 32
924 3 move 19 8
924 4 move 40 14
925 0 move 30 38
925 1 pick 38 12
925 2 move 16 31
925 3 move 19 7
925 4 move 40 15
926 0 move 30 39
926 1 move 36 12
926 2 pick 17 31
926 3 move 19 6
926 4 move 40 16
927 0 fulfill 30 39
927 1 move 35 12
927 2 move 16 30
927 3 move 19 5
927 4 move 39 16
928 0 move 29 39
928 1 move 34 12
928 2 move 16 29
928 3 move 19 4
928 4 move 38 16
929 0 move 28 39
929 1 move 33 12
929 2 move 16 28
929 3 move 19 3
929 4 move 37 16
930 0 move 27 39
930 1 move 33 13
930 2 pick 17 28
930 3 move 19 2
930 4 move 37 15
931 0 move 26 39
931 1 move 33 14
931 2 pick 17 28
931 3 move 19 1
931 4 move 37 14
932 0 move 26 38
932 1 pick 32 14
932 2 move 16 27
932 3 move 19 0
932 4 move 37 13
933 0 move 26 37
933 1 move 33 13
933 2 move 16 26
933 3 fulfill 19 0
933 4 move 37 12
934 0 move 26 36
934 1 move 33 12
934 2 move 16 25
934 3 move 19 1
934 4 move 37 11
935 0 move 26 35
935 1 move 33 11
935 2 move 16 24
935 3 move 19 2
935 4 move 37 10
936 0 move 26 34
936 1 move 33 10
936 2 move 16 23
936 3 move 19 3
936 4 move 37 9
937 0 move 26 33
937 1 move 33 9
937 2 move 16 22
937 3 move 19 4
937 4 pick 38 9
938 0 move 26 32
938 1 move 33 8
938 2 move 16 21
938 3 move 19 5
938 4 pick 38 9
939 0 move 26 31
939 1 move 33 7
939 2 move 17 21
939 3 move 19 6
939 4 pick 38 9
940 0 pick 25 31
940 1 move 33 6
940 2 move 18 21
940 3 move 19 7
940 4 move 37 10
941 0 pick 25 31
941 1 move 33 5
941 2 move 19 21
941 3 move 19 8
941 4 move 37 11
942 0 pick 25 31
942 1 move 33 4
942 2 move 19 22
942 3 move 19 9
942 4 move 37 12
943 0 pick 25 31
943 1 move 33 3
943 2 move 19 23
943 3 move 19 10
943 4 pick 38 12
944 0 move 26 30
944 1 move 33 2
944 2 move 19 24
944 3 pick 18 10
944 4 move 37 11
945 0 move 26 29
945 1 move 33 1
945 2 move 19 25
945 3 move 19 11
945 4 move 37 10
946 0 move 26 28
946 1 move 33 0
946 2 move 19 26
946 3 move 19 12
946 4 move 37 9
947 0 pick 25 28
947 1 fulfill 33 0
947 2 move 19 27
947 3 pick 18 12
947 4 move 37 8
948 0 pick 25 28
948 1 move 33 1
948 2 pick 18 27
948 3 move 19 13
948 4 move 37 7
949 0 move 26 27
949 1 move 33 2
949 2 pick 18 27
949 3 move 19 14
949 4 move 37 6
950 0 move 26 26
950 1 move 33 3
950 2 pick 18 27
950 3 move 19 15
950 4 move 37 5
951 0 move 26 25
951 1 move 34 3
951 2 pick 18 27
951 3 pick 18 15
951 4 move 37 4
952 0 move 26 24
952 1 move 35 3
952 2 pick 18 27
952 3 move 19 14
952 4 move 37 3
953 0 pick 25 24
953 1 move 36 3
953 2 pick 18 27
953 3 move 19 13
953 4 move 37 2
954 0 move 27 24
954 1 move 37 3
954 2 move 19 28
954 3 move 19 12
954 4 move 37 1
955 0 move 28 24
955 1 pick 38 3
955 2 move 19 29
955 3 move 20 12
955 4 move 37 0
956 0 move 29 24
956 1 move 37 4
956 2 pick 18 29
956 3 move 21 12
956 4 fulfill 37 0
957 0 move 30 24
957 1 move 37 5
957 2 move 19 30
957 3 move 22 12
957 4 move 37 1
958 0 pick 31 24
958 1 pick 38 5
958 2 move 19 31
958 3 move 23 12
958 4 move 37 2
959 0 pick 31 24
959 1 pick 38 5
959 2 move 19 32
959 3 pick 24 12
959 4 move 37 3
960 0 pick 31 24
960 1 pick 38 5
960 2 move 19 33
960 3 pick 24 12
960 4 move 37 4
961 0 move 30 23
961 1 pick 38 5
961 2 move 19 34
961 3 pick 24 12
961 4 move 36 4
962 0 move 30 22
962 1 pick 38 5
962 2 move 19 35
962 3 move 22 12
962 4 move 36 5
963 0 move 30 21
963 1 move 37 6
963 2 move 19 36
963 3 move 21 12
963 4 move 37 5
964 0 move 31 21
964 1 move 37 7
964 2 move 19 37
964 3 move 20 12
964 4 pick 38 5
965 0 move 32 21
965 1 pick 38 7
965 2 move 19 38
965 3 move 19 12
965 4 pick 38 5
966 0 move 33 21
966 1 move 37 8
966 2 move 19 39
966 3 move 19 13
966 4 pick 38 5
967 0 move 33 22
967 1 move 37 9
967 2 fulfill 19 39
967 3 move 19 14
967 4 move 37 4
968 0 move 33 23
968 1 pick 38 9
968 2 move 19 38
968 3 move 19 15
968 4 move 37 3
969 0 move 33 24
969 1 move 37 10
969 2 move 19 37
969 3 move 19 16
969 4 move 37 2
970 0 move 33 25
970 1 move 37 11
970 2 move 19 36
970 3 move 18 16
970 4 move 37 1
971 0 pick 32 25
971 1 move 37 12
971 2 move 19 35
971 3 move 17 16
971 4 move 37 0
972 0 move 34 25
972 1 move 37 13
972 2 move 19 34
972 3 move 16 16
972 4 move 38 0
973 0 move 35 25
973 1 move 37 14
973 2 move 19 33
973 3 move 16 15
973 4 move 39 0
974 0 move 36 25
974 1 move 37 15
974 2 move 18 33
974 3 move 16 14
974 4 move 39 1
975 0 move 37 25
975 1 move 37 16
975 2 pick 17 33
975 3 move 16 13
975 4 move 40 1
976 0 move 37 24
976 1 move 38 16
976 2 pick 17 33
976 3 move 16 12
976 4 move 40 2
977 0 move 37 23
977 1 move 39 16
977 2 move 19 33
977 3 move 16 11
977 4 move 40 3
978 0 move 37 22
978 1 move 40 16
978 2 move 19 34
978 3 pick 17 11
978 4 move 40 4
979 0 move 37 21
979 1 move 40 15
979 2 move 19 35
979 3 pick 17 11
979 4 move 40 5
980 0 move 38 21
980 1 move 40 14
980 2 move 19 36
980 3 move 16 12
980 4 pick 39 5
981 0 move 39 21
981 1 move 40 13
981 2 move 19 37
981 3 move 16 13
981 4 pick 39 5
982 0 move 40 21
982 1 move 40 12
982 2 move 18 37
982 3 move 16 14
982 4 move 40 6
983 0 move 40 22
983 1 move 40 11
983 2 move 17 37
983 3 move 16 15
983 4 move 40 7
984 0 move 40 23
984 1 move 40 10
984 2 move 16 37
984 3 move 16 16
984 4 pick 39 7
985 0 move 40 24
985 1 move 40 9
985 2 move 16 36
985 3 move 16 17
985 4 move 40 8
986 0 move 40 25
986 1 pick 39 9
986 2 move 16 35
986 3 move 16 18
986 4 pick 39 8
987 0 move 40 26
987 1 move 40 8
987 2 move 16 34
987 3 move 16 19
987 4 move 40 9
988 0 pick 39 26
988 1 pick 39 8
988 2 move 16 33
988 3 move 16 20
988 4 move 40 10
989 0 move 40 27
989 1 move 40 7
989 2 move 16 32
989 3 move 16 21
989 4 move 40 11
990 0 move 40 28
990 1 move 40 6
990 2 move 16 31
990 3 move 16 22
990 4 move 40 12
991 0 move 40 29
991 1 move 40 5
991 2 move 16 30
991 3 move 16 23
991 4 move 40 13
992 0 move 40 30
992 1 move 40 4
992 2 pick 17 30
992 3 move 16 24
992 4 move 40 14
993 0 move 41 30
993 1 move 40 3
993 2 move 16 29
993 3 move 16 25
993 4 move 40 15
994 0 move 42 30
994 1 move 40 2
994 2 pick 17 29
994 3 move 16 26
994 4 move 40 16
995 0 move 43 30
995 1 move 40 1
995 2 pick 17 29
995 3 move 16 27
995 4 move 39 16
996 0 move 44 30
996 1 move 40 0
996 3 move 16 28
996 4 move 38 16
997 0 move 44 31
997 1 fulfill 40 0
997 2 move 16 28
997 3 move 16 29
997 4 move 37 16
998 0 move 44 32
998 1 move 40 1
998 2 pick 17 28
998 3 pick 17 29
998 4 move 37 15
999 0 move 45 32
999 1 move 40 2
999 2 pick 17 28
999 3 pick 17 29
999 4 move 37 14
1000 0 move 46 32
1000 1 pick 39 2
1000 2 move 16 27
1000 3 move 16 30
1000 4 move 37 13
1001 0 move 47 32
1001 1 move 40 3
1001 2 move 16 26
1001 3 move 16 31
1001 4 move 37 12
1002 0 move 47 31
1002 1 move 40 4
1002 2 move 16 25
1002 3 move 16 32
1002 4 move 37 11
1003 0 move 47 30
1003 1 move 40 5
1003 2 move 16 24
1003 3 move 16 33
1003 4 move 37 10
1004 0 pick 46 30
1004 1 pick 39 5
1004 2 move 16 23
1004 3 move 16 34
1004 4 move 37 9
1005 0 move 47 31
1005 1 pick 39 5
1005 2 move 16 22
1005 3 move 16 35
1005 4 pick 38 9
1006 0 move 47 32
1006 1 move 40 4
1006 2 move 16 21
1006 3 move 16 36
1006 4 move 37 10
1007 0 move 47 33
1007 1 move 40 3
1007 2 move 17 21
1007 3 move 16 37
1007 4 move 37 11
1008 0 move 47 34
1008 1 move 40 2
1008 2 move 18 21
1008 3 move 16 38
1008 4 pick 38 11
1009 0 move 47 35
1009 1 move 40 1
1009 2 move 19 21
1009 3 move 16 39
1009 4 move 36 11
1010 0 move 47 36
1010 1 move 39 1
1010 2 move 19 22
1010 3 fulfill 16 39
1010 4 move 35 11
1011 0 move 47 37
1011 1 move 39 0
1011 2 move 19 23
1011 3 move 16 38
1011 4 move 34 11
1012 0 move 47 38
1012 1 move 38 0
1012 2 move 19 24
1012 3 move 16 37
1012 4 move 33 11
1013 0 move 47 39
1013 1 move 37 0
1013 2 move 19 25
1013 3 move 16 36
1013 4 move 33 12
1014 0 fulfill 47 39
1014 1 move 37 1
1014 2 move 19 26
1014 3 move 16 35
1014 4 move 33 13
1015 0 move 46 39
1015 1 move 37 2
1015 2 move 19 27
1015 3 move 16 34
1015 4 move 33 14
1016 0 move 45 39
1016 1 move 37 3
1016 2 pick 18 27
1016 3 move 16 33
1016 4 pick 32 14
1017 0 move 45 38
1017 1 move 37 4
1017 2 pick 18 27
1017 3 move 16 32
1017 4 move 33 13
1018 0 move 45 37
1018 1 move 37 5
1018 2 pick 18 27
1018 3 pick 17 32
1018 4 move 33 12
1019 0 move 45 36
1019 1 pick 38 5
1019 2 pick 18 27
1019 3 pick 17 32
1019 4 move 33 11
1020 0 move 45 35
1020 1 pick 38 5
1020 2 pick 18 27
1020 3 move 16 31
1020 4 move 33 10
1021 0 move 45 34
1021 1 pick 38 5
1021 2 move 19 26
1021 3 move 16 30
1021 4 move 33 9
1022 0 move 45 33
1022 1 pick 38 5
1022 2 move 19 25
1022 3 pick 17 30
1022 4 move 33 8
1023 0 move 45 32
1023 1 move 37 6
1023 2 move 19 24
1023 3 move 16 31
1023 4 move 33 7
1024 0 pick 45 31
1024 1 pick 38 6
1024 2 move 19 23
1024 3 move 16 32
1024 4 move 33 6
1025 0 move 44 32
1025 1 move 37 7
1025 2 move 19 22
1025 3 move 16 33
1025 4 move 33 5
1026 0 move 44 31
1026 1 move 37 8
1026 2 move 19 21
1026 3 move 16 34
1026 4 move 33 4
1027 0 move 44 30
1027 1 move 37 9
1027 2 move 19 20
1027 3 move 16 35
1027 4 move 33 3
1028 0 move 44 29
1028 1 pick 38 9
1028 2 move 19 19
1028 3 move 16 36
1028 4 move 33 2
1029 0 move 44 28
1029 1 pick 38 9
1029 2 move 19 18
1029 3 move 16 37
1029 4 move 33 1
1030 0 pick 45 28
1030 1 pick 38 9
1030 2 move 19 17
1030 3 move 17 37
1030 4 move 33 0
1031 0 move 43 28
1031 1 move 37 10
1031 2 move 19 16
1031 3 move 18 37
1031 4 fulfill 33 0
1032 0 move 42 28
1032 1 pick 38 10
1032 2 move 19 15
1032 3 move 19 37
1032 4 move 33 1
1033 0 move 41 28
1033 1 move 37 11
1033 2 move 19 14
1033 3 move 19 36
1033 4 move 34 1
1034 0 move 40 28
1034 1 pick 38 11
1034 2 move 19 13
1034 3 move 19 35
1034 4 move 35 1
1035 0 pick 39 28
1035 1 move 37 12
1035 2 move 19 12
1035 3 move 19 34
1035 4 move 36 1
1036 0 pick 39 28
1036 1 move 37 13
1036 2 pick 18 12
1036 3 move 19 33
1036 4 move 37 1
1037 0 pick 39 28
1037 1 move 37 14
1037 2 move 19 11
1037 3 move 19 32
1037 4 pick 38 1
1038 0 pick 39 28
1038 1 move 37 15
1038 2 move 19 10
1038 3 move 19 31
1038 4 move 37 2
1039 0 pick 39 28
1039 1 move 37 16
1039 2 move 19 9
1039 3 move 19 30
1039 4 move 37 3
1040 0 move 40 29
1040 1 move 38 16
1040 2 move 19 8
1040 3 move 19 29
1040 4 move 37 4
1041 0 pick 39 29
1041 1 move 39 16
1041 2 move 19 7
1041 3 pick 18 29
1041 4 move 37 5
1042 0 pick 39 29
1042 1 move 40 16
1042 2 move 19 6
1042 3 move 19 28
1042 4 pick 38 5
1043 0 move 40 30
1043 1 move 40 15
1043 2 move 19 5
1043 3 move 19 27
1043 4 pick 38 5
1044 0 pick 39 30
1044 1 move 40 14
1044 2 move 19 4
1044 3 pick 18 27
1044 4 pick 38 5
1045 0 move 40 31
1045 1 move 40 13
1045 2 move 19 3
1045 3 pick 18 27
1045 4 pick 38 5
1046 0 move 40 32
1046 1 move 40 12
1046 2 move 19 2
1046 3 pick 18 27
1046 4 move 37 6
1047 0 move 40 33
1047 1 move 40 11
1047 2 move 19 1
1047 3 pick 18 27
1047 4 move 37 7
1048 0 move 40 34
1048 1 move 40 10
1048 2 move 19 0
1048 3 pick 18 27
1048 4 move 37 8
1049 0 pick 39 34
1049 1 pick 39 10
1049 2 fulfill 19 0
1049 3 pick 18 27
1049 4 move 37 9
1050 0 move 40 35
1050 1 move 40 11
1050 2 move 19 1
1050 3 move 19 26
1050 4 move 37 10
1051 0 move 40 36
1051 1 move 40 12
1051 2 move 19 2
1051 3 move 19 25
1051 4 pick 38 10
1052 0 move 40 37
1052 1 move 40 13
1052 2 move 19 3
1052 3 move 19 24
1052 4 move 37 11
1053 0 move 39 37
1053 1 move 40 14
1053 2 move 19 4
1053 3 move 20 24
1053 4 pick 38 11
1054 0 move 39 38
1054 1 move 40 15
1054 2 move 19 5
1054 3 move 21 24
1054 4 move 37 12
1055 0 move 38 38
1055 1 move 40 16
1055 2 move 19 6
1055 3 move 22 24
1055 4 pick 38 12
1056 0 move 37 38
1056 1 move 39 16
1056 2 move 19 7
1056 3 move 23 24
1056 4 pick 38 12
1057 0 move 37 37
1057 1 move 38 16
1057 2 move 19 8
1057 3 pick 24 24
1057 4 move 36 12
1058 0 move 37 36
1058 1 move 37 16
1058 2 pick 18 8
1058 3 move 23 25
1058 4 move 35 12
1059 0 move 37 35
1059 1 move 36 16
1059 2 move 19 9
1059 3 move 23 26
1059 4 move 34 12
1060 0 move 37 34
1060 1 move 35 16
1060 2 move 19 10
1060 3 move 23 27
1060 4 move 33 12
1061 0 move 37 33
1061 1 move 34 16
1061 2 pick 18 10
1061 3 move 23 28
1061 4 pick 32 12
1062 0 move 37 32
1062 1 move 34 15
1062 2 move 19 11
1062 3 move 23 29
1062 4 pick 32 12
1063 0 move 37 31
1063 1 move 34 14
1063 2 move 19 12
1063 3 move 23 30
1063 4 move 33 13
1064 0 move 37 30
1064 1 move 34 13
1064 2 pick 18 12
1064 3 move 23 31
1064 4 move 33 14
1065 0 move 37 29
1065 1 move 33 13
1065 2 move 20 12
1065 3 move 23 32
1065 4 pick 32 14
1066 0 move 37 28
1066 1 move 33 14
1066 2 move 21 12
1066 3 move 23 33
1066 4 move 33 15
1067 0 move 37 27
1067 1 pick 32 14
1067 2 move 22 12
1067 3 move 23 34
1067 4 move 33 16
1068 0 move 37 26
1068 1 move 33 13
1068 2 move 23 12
1068 3 move 23 35
1068 4 move 32 16
1069 0 pick 38 26
1069 1 move 33 12
1069 2 pick 24 12
1069 3 move 23 36
1069 4 move 31 16
1070 0 move 37 27
1070 1 move 33 11
1070 2 pick 24 12
1070 3 move 23 37
1070 4 move 30 16
1071 0 move 37 28
1071 1 move 33 10
1071 2 pick 24 12
1071 3 move 23 38
1071 4 move 29 16
1072 0 move 37 29
1072 1 move 33 9
1072 2 move 22 12
1072 3 move 23 39
1072 4 move 28 16
1073 0 move 37 30
1073 1 move 33 8
1073 2 move 21 12
1073 3 fulfill 23 39
1073 4 move 27 16
1074 0 move 37 31
1074 1 move 33 7
1074 2 move 20 12
1074 3 move 23 38
1074 4 move 26 16
1075 0 move 37 32
1075 1 move 33 6
1075 2 move 19 12
1075 3 move 23 37
1075 4 move 26 15
1076 0 move 37 33
1076 1 move 33 5
1076 2 move 19 13
1076 3 move 23 36
1076 4 move 26 14
1077 0 move 37 34
1077 1 move 33 4
1077 2 move 19 14
1077 3 move 23 35
1077 4 move 26 13
1078 0 move 37 35
1078 1 move 33 3
1078 2 move 19 15
1078 3 move 23 34
1078 4 pick 25 13
1079 0 move 37 36
1079 1 move 33 2
1079 2 move 19 16
1079 3 move 23 33
1079 4 move 26 12
1080 0 move 37 37
1080 1 move 33 1
1080 2 move 18 16
1080 3 move 23 32
1080 4 move 26 11
1081 0 move 37 38
1081 1 move 33 0
1081 2 move 17 16
1081 3 move 24 32
1081 4 move 26 10
1082 0 move 37 39
1082 1 fulfill 33 0
1082 2 move 16 16
1082 3 move 25 32
1082 4 move 26 9
1083 0 fulfill 37 39
1083 1 move 33 1
1083 2 move 16 15
1083 3 pick 25 31
1083 4 move 26 8
1084 0 move 37 38
1084 1 move 33 2
1084 2 move 16 14
1084 3 move 26 32
1084 4 move 26 7
1085 0 move 37 37
1085 1 move 33 3
1085 2 move 16 13
1085 3 move 26 31
1085 4 move 26 6
1086 0 pick 38 37
1086 1 move 34 3
1086 2 move 16 12
1086 3 move 26 30
1086 4 move 26 5
1087 0 pick 38 37
1087 1 move 35 3
1087 2 move 16 11
1087 3 move 26 29
1087 4 move 25 5
1088 0 move 37 36
1088 1 move 36 3
1088 2 pick 17 11
1088 3 pick 25 29
1088 4 move 24 5
1089 0 move 37 35
1089 1 move 37 3
1089 2 pick 17 11
1089 3 pick 25 29
1089 4 move 23 5
1090 0 move 37 34
1090 1 pick 38 3
1090 2 pick 17 11
1090 3 move 26 28
1090 4 move 23 6
1091 0 move 37 33
1091 1 move 37 4
1091 2 move 16 12
1091 3 pick 25 28
1091 4 move 23 7
1092 0 pick 38 33
1092 1 move 37 5
1092 2 move 16 13
1092 3 move 26 27
1092 4 pick 24 7
1093 0 move 37 34
1093 1 pick 38 5
1093 2 pick 17 13
1093 3 move 26 26
1093 4 move 23 6
1094 0 move 37 35
1094 1 pick 38 5
1094 2 move 16 14
1094 3 pick 25 26
1094 4 move 23 5
1095 0 move 37 36
1095 1 pick 38 5
1095 2 move 16 15
1095 3 pick 25 26
1095 4 move 23 4
1096 0 move 37 37
1096 1 move 37 6
1096 2 move 16 16
1096 3 pick 25 26
1096 4 move 23 3
1097 0 move 37 38
1097 1 move 37 7
1097 2 move 16 17
1097 3 move 26 25
1097 4 move 23 2
1098 0 move 38 38
1098 1 move 37 8
1098 2 move 16 18
1098 3 move 26 24
1098 4 move 23 1
1099 0 move 39 38
1099 1 move 37 9
1099 2 move 16 19
1099 3 move 27 24
1099 4 move 23 0
1100 0 move 39 37
1100 1 pick 38 9
1100 2 move 16 20
1100 3 move 28 24
1100 4 fulfill 23 0
1101 0 move 40 37
1101 1 move 37 10
1101 2 move 16 21
1101 3 move 29 24
1101 4 move 23 1
1102 0 move 40 36
1102 1 pick 38 10
1102 2 move 16 22
1102 3 move 30 24
1102 4 move 23 2
1103 0 move 40 35
1103 1 move 37 11
1103 2 move 16 23
1103 3 pick 31 24
1103 4 move 23 3
1104 0 move 40 34
1104 1 pick 38 11
1104 2 move 16 24
1104 3 pick 31 24
1104 4 move 23 4
1105 0 move 40 33
1105 1 move 36 11
1105 2 move 16 25
1105 3 pick 31 24
1105 4 move 23 5
1106 0 pick 39 33
1106 1 move 35 11
1106 2 move 16 26
1106 3 pick 31 24
1106 4 move 24 5
1107 0 move 40 32
1107 1 move 34 11
1107 2 move 16 27
1107 3 pick 31 24
1107 4 move 25 5
1108 0 pick 39 32
1108 1 move 33 11
1108 2 move 16 28
1108 3 move 30 23
1108 4 move 26 5
1109 0 move 40 31
1109 1 move 33 12
1109 2 move 16 29
1109 3 move 30 22
1109 4 move 26 6
1110 0 move 40 30
1110 1 pick 32 12
1110 2 pick 17 29
1110 3 move 30 21
1110 4 move 26 7
1111 0 move 40 29
1111 1 pick 32 12
1111 2 move 16 30
1111 3 move 31 21
1111 4 move 26 8
1112 0 move 40 28
1112 1 move 33 13
1112 2 move 16 31
1112 3 move 32 21
1112 4 pick 25 8
1113 0 pick 39 28
1113 1 move 33 14
1113 2 move 16 32
1113 3 move 33 21
1113 4 pick 25 8
1114 0 pick 39 28
1114 1 move 33 15
1114 2 move 16 33
1114 3 move 34 21
1114 4 pick 25 8
1115 0 pick 39 28
1115 1 move 33 16
1115 2 move 16 34
1115 3 move 35 21
1115 4 pick 25 8
1116 0 pick 39 28
1116 1 move 32 16
1116 2 move 16 35
1116 3 move 36 21
1116 4 move 26 9
1117 0 move 40 27
1117 1 move 31 16
1117 2 move 16 36
1117 3 move 37 21
1117 4 move 26 10
1118 0 move 40 26
1118 1 move 30 16
1118 2 move 16 37
1118 3 move 38 21
1118 4 move 26 11
1119 0 move 40 25
1119 1 move 29 16
1119 2 move 16 38
1119 3 move 39 21
1119 4 pick 25 11
1120 0 move 40 24
1120 1 move 28 16
1120 2 move 16 39
1120 3 move 40 21
1120 4 move 26 12
1121 0 move 40 23
1121 1 move 27 16
1121 2 fulfill 16 39
1121 3 move 40 22
1121 4 pick 25 12
1122 0 move 40 22
1122 1 move 26 16
1122 2 move 16 38
1122 3 move 40 23
1122 4 move 26 13
1123 0 move 40 21
1123 1 move 26 15
1123 2 move 16 37
1123 3 move 40 24
1123 4 move 26 14
1124 0 move 39 21
1124 1 move 26 14
1124 2 move 16 36
1124 3 move 40 25
1124 4 move 27 14
1125 0 move 38 21
1125 1 move 26 13
1125 2 move 16 35
1125 3 move 40 26
1125 4 move 28 14
1126 0 move 37 21
1126 1 pick 25 13
1126 2 pick 17 35
1126 3 pick 39 26
1126 4 move 29 14
1127 0 move 37 22
1127 1 move 26 12
1127 2 move 16 34
1127 3 move 40 27
1127 4 move 30 14
1128 0 move 37 23
1128 1 move 26 11
1128 2 pick 17 34
1128 3 move 40 28
1128 4 pick 31 14
1129 0 move 37 24
1129 1 move 26 10
1129 2 move 16 35
1129 3 move 40 29
1129 4 pick 31 14
1130 0 move 37 25
1130 1 move 26 9
1130 2 move 16 36
1130 3 move 40 30
1130 4 move 30 15
1131 0 move 37 26
1131 1 move 26 8
1131 2 move 16 37
1131 3 move 40 31
1131 4 move 30 16
1132 0 move 37 27
1132 1 move 26 7
1132 2 move 17 37
1132 3 move 40 32
1132 4 move 31 16
1133 0 move 37 28
1133 1 move 26 6
1133 2 move 18 37
1133 3 move 40 33
1133 4 move 32 16
1134 0 pick 38 28
1134 1 pick 25 6
1134 2 move 19 37
1134 3 pick 39 33
1134 4 move 33 16
1135 0 move 37 29
1135 1 move 26 5
1135 2 move 19 36
1135 3 move 40 34
1135 4 move 33 15
1136 0 move 37 30
1136 1 move 26 4
1136 2 move 19 35
1136 3 move 40 35
1136 4 move 33 14
1137 0 move 37 31
1137 1 move 26 3
1137 2 move 19 34
1137 3 move 40 36
1137 4 move 34 14
1138 0 move 37 32
1138 1 move 26 2
1138 2 move 19 33
1138 3 move 40 37
1138 4 move 35 14
1139 0 move 37 33
1139 1 move 26 1
1139 2 move 18 33
1139 3 move 40 38
1139 4 move 36 14
1140 0 move 37 34
1140 1 move 26 0
1140 2 pick 18 32
1140 3 move 40 39
1140 4 move 37 14
1141 0 move 37 35
1141 1 fulfill 26 0
1141 2 move 19 33
1141 3 fulfill 40 39
1141 4 pick 38 14
1142 0 move 37 36
1142 1 move 26 1
1142 2 move 19 32
1142 3 move 40 38
1142 4 move 37 15
1143 0 move 37 37
1143 1 move 26 2
1143 2 move 19 31
1143 3 move 40 37
1143 4 move 37 16
1144 0 move 37 38
1144 1 move 26 3
1144 2 move 19 30
1144 3 move 40 36
1144 4 move 38 16
1145 0 move 37 39
1145 1 move 26 4
1145 2 move 19 29
1145 3 move 40 35
1145 4 move 39 16
1146 0 fulfill 37 39
1146 1 move 26 5
1146 2 move 19 28
1146 3 move 40 34
1146 4 move 40 16
1147 0 move 37 38
1147 1 move 26 6
1147 2 move 19 27
1147 3 move 40 33
1147 4 move 41 16
1148 0 move 38 38
1148 1 move 26 7
1148 2 pick 18 27
1148 3 move 40 32
1148 4 move 42 16
1149 0 move 39 38
1149 1 move 26 8
1149 2 pick 18 27
1149 3 pick 39 32
1149 4 move 43 16
1150 0 move 39 37
1150 1 pick 25 8
1150 2 pick 18 27
1150 3 move 40 31
1150 4 move 44 16
1151 0 move 40 37
1151 1 pick 25 8
1151 2 pick 18 27
1151 3 pick 39 31
1151 4 move 45 16
1152 0 move 40 36
1152 1 pick 25 8
1152 2 pick 18 27
1152 3 move 40 30
1152 4 move 46 16
1153 0 move 40 35
1153 1 pick 25 8
1153 2 pick 18 27
1153 3 pick 39 30
1153 4 move 47 16
1154 0 pick 39 35
1154 1 pick 25 8
1154 2 move 19 26
1154 3 move 40 29
1154 4 move 47 15
1155 0 move 40 34
1155 1 move 26 9
1155 2 move 19 25
1155 3 pick 39 29
1155 4 move 47 14
1156 0 move 40 33
1156 1 move 26 10
1156 2 move 19 24
1156 3 move 40 28
1156 4 pick 46 14
1157 0 pick 39 33
1157 1 move 26 11
1157 2 move 19 23
1157 3 pick 39 28
1157 4 pick 46 14
1158 0 move 40 32
1158 1 pick 25 11
1158 2 move 19 22
1158 3 pick 39 28
1158 4 move 48 14
1159 0 pick 39 32
1159 1 move 26 12
1159 2 move 19 21
1159 3 pick 39 28
1159 4 move 49 14
1160 0 move 40 31
1160 1 pick 25 12
1160 2 move 18 21
1160 3 move 40 27
1160 4 move 50 14
1161 0 move 40 30
1161 1 move 26 13
1161 2 move 17 21
1161 3 move 40 26
1161 4 move 51 14
1162 0 move 40 29
1162 1 move 26 14
1162 2 move 16 21
1162 3 move 40 25
1162 4 move 52 14
1163 0 pick 39 29
1163 1 move 26 15
1163 2 move 16 22
1163 3 pick 39 25
1163 4 move 53 14
1164 0 pick 39 29
1164 1 pick 25 15
1164 2 move 16 23
1164 3 move 40 24
1164 4 move 54 14
1165 0 pick 39 29
1165 1 move 26 14
1165 2 move 16 24
1165 3 move 40 23
1165 4 move 55 14
1166 0 move 40 28
1166 1 move 27 14
1166 2 move 16 25
1166 3 move 40 22
1166 4 move 56 14
1167 0 pick 39 28
1167 1 move 28 14
1167 2 move 16 26
1167 3 move 40 21
1167 4 move 57 14
1168 0 pick 39 28
1168 1 move 29 14
1168 2 pick 17 26
1168 3 move 39 21
1168 4 move 58 14
1169 0 pick 39 28
1169 1 move 30 14
1169 2 move 16 25
1169 3 move 38 21
1169 4 move 59 14
1170 0 pick 39 28
1170 1 pick 31 14
1170 2 move 16 24
1170 3 move 37 21
1170 4 fulfill 59 14
1171 0 pick 39 28
1171 1 move 30 15
1171 2 move 16 23
1171 3 move 37 22
1171 4 move 58 14
1172 0 pick 39 28
1172 1 move 30 16
1172 2 move 16 22
1172 3 move 37 23
1172 4 move 57 14
1173 0 move 40 29
1173 1 move 31 16
1173 2 move 16 21
1173 3 move 37 24
1173 4 move 56 14
1174 0 move 40 30
1174 1 move 32 16
1174 2 move 16 20
1174 3 move 37 25
1174 4 move 55 14
1175 0 move 40 31
1175 1 move 33 16
1175 2 move 16 19
1175 3 pick 38 25
1175 4 move 54 14
1176 0 move 40 32
1176 1 move 33 15
1176 2 move 16 18
1176 3 move 36 25
1176 4 move 53 14
1177 0 move 40 33
1177 1 move 33 14
1177 2 move 16 17
1177 3 move 35 25
1177 4 move 52 14
1178 0 move 40 34
1178 1 move 34 14
1178 2 move 16 16
1178 3 move 34 25
1178 4 move 51 14
1179 0 move 40 35
1179 1 move 35 14
1179 2 move 17 16
1179 3 move 33 25
1179 4 move 50 14
1180 0 move 40 36
1180 1 move 36 14
1180 2 move 18 16
1180 3 move 33 24
1180 4 move 49 14
1181 0 move 40 37
1181 1 move 37 14
1181 2 move 19 16
1181 3 move 33 23
1181 4 move 48 14
1182 0 move 40 38
1182 1 pick 38 14
1182 2 move 19 15
1182 3 pick 32 23
1182 4 move 47 14
1183 0 move 40 39
1183 1 move 37 13
1183 2 move 19 14
1183 3 move 33 22
1183 4 move 47 13
1184 0 fulfill 40 39
1184 1 move 37 12
1184 2 move 19 13
1184 3 move 33 21
1184 4 move 47 12
1185 0 move 40 38
1185 1 move 37 11
1185 2 move 19 12
1185 3 move 32 21
1185 4 pick 46 12
1186 0 move 40 37
1186 1 move 37 10
1186 2 pick 18 12
1186 3 move 31 21
1186 4 move 47 11
1187 0 move 40 36
1187 1 move 37 9
1187 2 move 19 11
1187 3 move 30 21
1187 4 move 47 10
1188 0 move 40 35
1188 1 pick 38 9
1188 2 move 19 10
1188 3 move 30 20
1188 4 pick 46 10
1189 0 pick 39 35
1189 1 move 37 8
1189 2 move 19 9
1189 3 move 30 19
1189 4 pick 46 10
1190 0 move 40 34
1190 1 move 37 7
1190 2 move 19 8
1190 3 move 30 18
1190 4 move 47 9
1191 0 move 40 33
1191 1 move 37 6
1191 2 move 19 7
1191 3 move 30 17
1191 4 move 47 8
1192 0 pick 39 33
1192 1 move 37 5
1192 2 move 19 6
1192 3 move 30 16
1192 4 move 47 7
1193 0 move 40 32
1193 1 move 37 4
1193 2 move 19 5
1193 3 move 30 15
1193 4 move 47 6
1194 0 pick 39 32
1194 1 move 38 4
1194 2 move 19 4
1194 3 move 30 14
1194 4 pick 46 6
1195 0 move 40 31
1195 1 pick 39 4
1195 2 move 19 3
1195 3 move 30 13
1195 4 pick 46 6
1196 0 move 40 30
1196 1 move 37 4
1196 2 move 19 2
1196 3 pick 31 13
1196 4 pick 46 6
1197 0 move 40 29
1197 1 move 37 3
1197 2 move 19 1
1197 3 pick 31 13
1197 4 move 47 5
1198 0 pick 39 29
1198 1 move 37 2
1198 2 move 19 0
1198 3 move 30 12
1198 4 move 46 5
1199 0 pick 39 29
1199 1 move 37 1
1199 2 fulfill 19 0
1199 3 move 30 11
1199 4 move 45 5
1200 0 move 40 28
1200 1 move 37 0
1200 2 move 19 1
1200 3 move 30 10
1200 4 move 44 5
1201 0 pick 39 28
1201 1 move 38 0
1201 2 move 19 2
1201 3 move 30 9
1201 4 move 43 5
1202 0 pick 39 28
1202 1 fulfill 38 0
1202 2 move 19 3
1202 3 move 30 8
1202 4 move 42 5
1203 0 pick 39 28
1203 1 move 37 0
1203 2 move 19 4
1203 3 move 30 7
1203 4 move 41 5
1204 0 move 40 27
1204 1 move 37 1
1204 2 move 19 5
1204 3 move 30 6
1204 4 move 40 5
1205 0 move 40 26
1205 1 move 37 2
1205 2 move 19 6
1205 3 move 30 5
1205 4 move 40 6
1206 0 pick 39 26
1206 1 move 37 3
1206 2 move 19 7
1206 3 move 30 4
1206 4 move 40 7
1207 0 move 40 27
1207 1 move 37 4
1207 2 move 19 8
1207 3 move 30 3
1207 4 pick 39 7
1208 0 move 40 28
1208 1 move 38 4
1208 2 move 19 9
1208 3 move 30 2
1208 4 move 40 8
1209 0 move 40 29
1209 1 pick 38 5
1209 2 move 19 10
1209 3 move 30 1
1209 4 move 40 9
1210 0 move 40 30
1210 1 pick 38 5
1210 2 move 19 11
1210 3 move 30 0
1210 4 pick 39 9
1211 0 move 41 30
1211 1 pick 38 3
1211 2 move 19 12
1211 3 fulfill 30 0
1211 4 move 40 10
1212 0 move 42 30
1212 1 pick 39 4
1212 2 pick 18 12
1212 3 move 30 1
1212 4 move 40 11
1213 0 move 43 30
1213 1 move 37 4
1213 2 move 19 13
1213 3 move 30 2
1213 4 move 40 12
1214 0 move 44 30
1214 1 move 37 5
1214 2 move 19 14
1214 3 move 30 3
1214 4 move 40 13
1215 0 move 44 31
1215 1 move 37 6
1215 2 move 19 15
1215 3 move 30 4
1215 4 move 40 14
1216 0 move 44 32
1216 1 pick 38 6
1216 2 pick 18 15
1216 3 move 30 5
1216 4 move 40 15
1217 0 move 45 32
1217 1 move 37 7
1217 2 move 19 14
1217 3 move 30 6
1217 4 move 40 16
1218 0 move 46 32
1218 1 move 37 8
1218 2 move 20 14
1218 3 move 30 7
1218 4 move 39 16
1219 0 move 47 32
1219 1 move 37 9
1219 2 move 21 14
1219 3 move 30 8
1219 4 move 38 16
1220 0 move 47 31
1220 1 pick 38 9
1220 2 move 22 14
1220 3 pick 31 8
1220 4 move 37 16
1221 0 move 47 30
1221 1 move 37 10
1221 2 move 23 14
1221 3 pick 31 8
1221 4 move 37 15
1222 0 pick 46 30
1222 1 pick 38 10
1222 2 pick 24 14
1222 3 move 30 9
1222 4 move 37 14
1223 0 move 47 31
1223 1 move 37 11
1223 2 move 23 13
1223 3 pick 31 9
1223 4 move 37 13
1224 0 move 47 32
1224 2 move 23 12
1224 3 pick 31 9
1224 4 move 37 12
1225 0 move 47 33
1225 1 move 37 12
1225 2 pick 24 12
1225 3 move 30 10
1225 4 move 37 11
1226 0 move 47 34
1226 1 move 37 13
1226 2 pick 24 12
1226 3 move 30 11
1226 4 move 37 10
1227 0 move 47 35
1227 1 move 37 14
1227 2 move 22 12
1227 3 pick 31 11
1227 4 pick 38 10
1228 0 move 47 36
1228 1 pick 38 14
1228 2 move 21 12
1228 3 move 29 11
1228 4 move 36 10
1229 0 move 47 37
1229 1 pick 38 14
1229 2 move 20 12
1229 3 move 28 11
1229 4 move 35 10
1230 0 move 47 38
1230 1 pick 38 14
1230 2 move 19 12
1230 3 move 27 11
1230 4 move 34 10
1231 0 move 47 39
1231 1 move 36 14
1231 2 move 19 13
1231 3 move 26 11
1231 4 move 33 10
1232 0 fulfill 47 39
1232 1 move 35 14
1232 2 move 19 14
1232 3 move 26 10
1232 4 move 33 11
1233 0 move 46 39
1233 1 move 34 14
1233 2 move 19 15
1233 3 move 26 9
1233 4 move 33 12
1234 0 move 45 39
1234 1 move 33 14
1234 2 move 19 16
1234 3 move 26 8
1234 4 move 33 13
1235 0 move 44 39
1235 1 move 33 13
1235 2 move 18 16
1235 3 pick 25 8
1235 4 move 33 14
1236 0 move 43 39
1236 1 move 33 12
1236 2 move 17 16
1236 3 pick 25 8
1236 4 pick 32 14
1237 0 move 42 39
1237 1 pick 32 12
1237 2 move 16 16
1237 3 pick 25 8
1237 4 move 33 15
1238 0 move 41 39
1238 1 move 33 11
1238 2 move 16 15
1238 3 pick 25 8
1238 4 move 33 16
1239 0 move 40 39
1239 1 move 33 10
1239 2 move 16 14
1239 3 move 26 7
1239 4 move 33 17
1240 0 move 40 38
1240 1 move 33 9
1240 2 move 16 13
1240 3 move 26 6
1240 4 move 33 18
1241 0 move 40 37
1241 1 move 33 8
1241 2 pick 17 13
1241 3 move 26 5
1241 4 move 33 19
1242 0 move 40 36
1242 1 move 33 7
1242 2 move 16 12
1242 3 move 25 5
1242 4 move 33 20
1243 0 move 40 35
1243 1 move 33 6
1243 2 move 16 11
1243 3 move 24 5
1243 4 move 33 21
1244 0 move 40 34
1244 1 move 33 5
1244 2 move 16 10
1244 3 move 23 5
1244 4 move 33 22
1245 0 move 40 33
1245 1 move 33 4
1245 2 move 16 9
1245 3 move 23 6
1245 4 move 33 23
1246 0 pick 39 33
1246 1 move 33 3
1246 2 move 16 8
1246 3 move 23 7
1246 4 move 33 24
1247 0 move 40 32
1247 1 move 33 2
1247 2 move 16 7
1247 3 move 23 8
1247 4 move 33 25
1248 0 pick 39 32
1248 1 move 33 1
1248 2 move 16 6
1248 3 pick 24 8
1248 4 pick 32 25
1249 0 move 40 31
1249 1 move 33 0
1249 2 move 16 5
1249 3 move 22 8
1249 4 move 33 26
1250 0 move 40 30
1250 1 fulfill 33 0
1250 2 move 16 4
1250 3 move 21 8
1250 4 move 33 27
1251 0 pick 39 30
1251 1 move 33 1
1251 2 move 16 3
1251 3 move 20 8
1251 4 move 33 28
1252 0 move 40 29
1252 1 move 34 1
1252 2 move 16 2
1252 3 move 19 8
1252 4 move 33 29
1253 0 pick 39 29
1253 1 move 35 1
1253 2 move 16 1
1253 3 move 19 9
1253 4 move 33 30
1254 0 pick 39 29
1254 1 move 36 1
1254 2 move 16 0
1254 3 move 19 10
1254 4 move 33 31
1255 0 move 40 28
1255 1 move 37 1
1255 2 fulfill 16 0
1255 3 move 19 11
1255 4 move 33 32
1256 0 pick 39 28
1256 1 pick 38 1
1256 2 move 16 1
1256 3 move 19 12
1256 4 move 33 33
1257 0 pick 39 28
1257 1 move 37 2
1257 2 move 16 2
1257 3 pick 18 12
1257 4 move 33 34
1258 0 pick 39 28
1258 1 pick 38 2
1258 2 move 16 3
1258 3 move 19 13
1258 4 move 33 35
1259 0 pick 39 28
1259 1 move 37 3
1259 2 move 16 4
1259 3 move 19 14
1259 4 move 33 36
1260 0 pick 39 28
1260 1 pick 38 3
1260 2 move 16 5
1260 3 move 19 15
1260 4 move 33 37
1261 0 move 40 27
1261 1 move 37 4
1261 2 move 16 6
1261 3 move 19 16
1261 4 move 33 38
1262 0 move 40 26
1262 1 move 37 5
1262 2 pick 17 6
1262 3 move 18 16
1262 4 move 33 39
1263 0 move 40 25
1263 1 pick 38 5
1263 2 move 16 7
1263 3 move 17 16
1263 4 fulfill 33 39
1264 0 move 40 24
1264 1 pick 38 5
1264 2 move 16 8
1264 3 move 16 16
1264 4 move 33 38
1265 0 move 40 23
1265 1 pick 38 5
1265 2 move 16 9
1265 3 move 16 15
1265 4 move 33 37
1266 0 move 40 22
1266 1 pick 38 5
1266 2 move 16 10
1266 3 move 16 14
1266 4 move 34 37
1267 0 move 40 21
1267 1 pick 38 5
1267 2 pick 17 10
1267 3 move 16 13
1267 4 move 35 37
1268 0 move 39 21
1268 1 move 37 6
1268 2 move 16 11
1268 3 pick 17 13
1268 4 move 36 37
1269 0 move 38 21
1269 1 pick 38 6
1269 2 pick 17 11
1269 3 pick 17 13
1269 4 move 37 37
1270 0 move 37 21
1270 1 move 37 7
1270 2 pick 17 11
1270 3 move 16 14
1270 4 pick 38 37
1271 0 move 37 22
1271 1 move 37 8
1271 2 pick 17 11
1271 3 move 16 15
1271 4 move 37 36
1272 0 move 37 23
1272 1 pick 38 8
1272 2 pick 17 11
1272 3 move 16 16
1272 4 move 37 35
1273 0 move 37 24
1273 1 pick 38 8
1273 2 move 16 12
1273 3 move 16 17
1273 4 move 37 34
1274 0 move 37 25
1274 1 move 37 9
1274 2 move 16 13
1274 3 move 16 18
1274 4 move 37 33
1275 0 move 37 26
1275 1 pick 38 9
1275 2 move 16 14
1275 3 move 16 19
1275 4 move 37 32
1276 0 move 37 27
1276 1 move 37 10
1276 2 move 16 15
1276 3 move 16 20
1276 4 pick 38 32
1277 0 move 37 28
1277 1 move 37 11
1277 2 move 16 16
1277 3 move 16 21
1277 4 pick 38 32
1278 0 pick 38 28
1278 1 move 37 12
1278 2 move 17 16
1278 3 move 16 22
1278 4 move 37 31
1279 0 pick 38 28
1279 1 move 37 13
1279 2 move 18 16
1279 3 move 16 23
1279 4 move 37 30
1280 0 move 37 27
1280 1 move 37 14
1280 2 move 19 16
1280 3 move 16 24
1280 4 move 37 29
1281 0 move 37 26
1281 1 move 37 15
1281 2 move 19 15
1281 3 move 16 25
1281 4 pick 38 29
1282 0 move 37 25
1282 1 move 37 16
1282 2 move 19 14
1282 3 move 16 26
1282 4 move 37 28
1283 0 pick 38 25
1283 1 move 38 16
1283 2 move 19 13
1283 3 move 16 27
1283 4 pick 38 28
1284 0 move 37 26
1284 1 move 39 16
1284 2 move 19 12
1284 3 move 16 28
1284 4 move 37 27
1285 0 move 37 27
1285 1 move 40 16
1285 2 pick 18 12
1285 3 move 16 29
1285 4 move 37 26
1286 0 move 37 28
1286 1 move 40 15
1286 2 move 19 13
1286 3 pick 17 29
1286 4 move 37 25
1287 0 move 37 29
1287 1 move 40 14
1287 2 move 19 14
1287 3 pick 17 29
1287 4 move 37 24
1288 0 move 37 30
1288 1 move 40 13
1288 2 move 19 15
1288 3 move 16 30
1288 4 move 37 23
1289 0 move 37 31
1289 1 move 40 12
1289 2 pick 18 15
1289 3 move 16 31
1289 4 move 37 22
1290 0 move 37 32
1290 1 move 40 11
1290 2 move 19 14
1290 3 move 16 32
1290 4 move 37 21
1291 0 move 37 33
1291 1 move 40 10
1291 2 move 20 14
1291 3 move 16 33
1291 4 move 38 21
1292 0 move 37 34
1292 1 move 40 9
1292 2 move 21 14
1292 3 move 16 34
1292 4 move 39 21
1293 0 move 37 35
1293 1 pick 39 9
1293 2 move 22 14
1293 3 move 16 35
1293 4 move 40 21
1294 0 move 37 36
1294 1 move 40 8
1294 2 move 23 14
1294 3 move 16 36
1294 4 move 40 22
1295 0 move 37 37
1295 1 move 40 7
1295 2 pick 24 14
1295 3 move 16 37
1295 4 move 40 23
1296 0 move 37 38
1296 1 pick 39 7
1296 2 move 23 13
1296 3 move 16 38
1296 4 move 40 24
1297 0 move 37 39
1297 1 move 40 6
1297 2 move 23 12
1297 3 move 16 39
1297 4 move 40 25
1298 0 fulfill 37 39
1298 1 move 40 5
1298 2 pick 24 12
1298 3 fulfill 16 39
1298 4 move 40 26
1299 0 move 37 38
1299 1 pick 39 5
1299 2 pick 24 12
1299 3 move 16 38
1299 4 move 40 27
1300 0 move 37 37
1300 1 move 40 4
1300 2 pick 24 12
1300 3 move 16 37
1300 4 move 40 28
1301 0 move 37 36
1301 1 move 40 3
1301 2 pick 24 12
1301 3 move 16 36
1301 4 pick 39 28
1302 0 move 38 36
1302 1 move 40 2
1302 2 move 23 13
1302 3 move 16 35
1302 4 pick 39 28
1303 0 pick 39 36
1303 1 move 40 1
1303 2 move 23 14
1303 3 move 16 34
1303 4 pick 39 28
1304 0 move 37 36
1304 1 move 40 0
1304 2 move 23 15
1304 3 move 16 33
1304 4 move 40 29
1305 0 move 37 35
1305 1 fulfill 40 0
1305 2 move 23 16
1305 3 move 16 32
1305 4 move 40 30
1306 0 move 37 34
1306 1 move 39 0
1306 2 move 23 17
1306 3 pick 17 32
1306 4 move 40 31
1307 0 pick 38 34
1307 1 move 38 0
1307 2 move 23 18
1307 3 move 16 33
1307 4 move 40 32
1308 0 move 37 35
1308 1 move 37 0
1308 2 move 23 19
1308 3 move 16 34
1308 4 move 40 33
1309 0 move 37 36
1309 1 move 37 1
1309 2 move 23 20
1309 3 move 16 35
1309 4 pick 39 33
1310 0 move 37 37
1310 1 move 37 2
1310 2 move 23 21
1310 3 move 16 36
1310 4 move 40 34
1311 0 move 37 38
1311 1 move 37 3
1311 2 move 23 22
1311 3 move 16 37
1311 4 pick 39 34
1312 0 move 38 38
1312 1 move 37 4
1312 2 pick 24 22
1312 3 move 17 37
1312 4 move 40 35
1313 0 move 39 38
1313 1 move 38 4
1313 2 move 23 23
1313 3 move 18 37
1313 4 move 40 36
1314 0 move 39 37
1314 1 pick 38 5
1314 2 move 23 24
1314 3 move 19 37
1314 4 move 40 37
1315 0 move 40 37
1315 1 pick 38 5
1315 2 move 23 25
1315 3 move 19 36
1315 4 move 40 38
1316 0 move 40 36
1316 1 pick 38 5
1316 2 move 23 26
1316 3 move 19 35
1316 4 move 40 39
1317 0 move 40 35
1317 1 move 37 4
1317 2 move 23 27
1317 3 move 19 34
1317 4 fulfill 40 39
1318 0 pick 39 35
1318 1 move 37 5
1318 2 move 23 28
1318 3 move 19 33
1318 4 move 40 38
1319 0 pick 39 35
1319 1 move 37 6
1319 2 move 23 29
1319 3 move 18 33
1319 4 move 40 37
1320 0 move 40 34
1320 1 pick 38 6
1320 2 move 23 30
1320 3 pick 18 34
1320 4 move 40 36
1321 0 move 40 33
1321 1 move 37 7
1321 2 move 23 31
1321 3 pick 18 32
1321 4 pick 39 36
1322 0 move 40 32
1322 1 move 37 8
1322 2 move 23 32
1322 3 move 19 33
1322 4 move 40 37
1323 0 move 40 31
1323 1 move 37 9
1323 2 move 23 33
1323 3 move 19 32
1323 4 move 39 37
1324 0 move 40 30
1324 1 move 37 10
1324 2 move 23 34
1324 3 move 19 31
1324 4 move 39 38
1325 0 pick 39 30
1325 1 pick 38 10
1325 2 move 23 35
1325 3 move 19 30
1325 4 move 38 38
1326 0 move 40 29
1326 1 move 36 10
1326 2 move 23 36
1326 3 move 19 29
1326 4 move 37 38
1327 0 pick 39 29
1327 1 move 35 10
1327 2 move 23 37
1327 3 pick 18 29
1327 4 move 37 37
1328 0 pick 39 29
1328 1 move 34 10
1328 2 move 23 38
1328 3 move 19 28
1328 4 move 37 36
1329 0 pick 39 29
1329 1 move 33 10
1329 2 move 23 39
1329 3 move 19 27
1329 4 move 37 35
1330 0 pick 39 29
1330 1 move 33 11
1330 2 fulfill 23 39
1330 3 pick 18 27
1330 4 move 37 34
1331 0 pick 39 29
1331 1 move 33 12
1331 2 move 22 39
1331 3 pick 18 27
1331 4 pick 38 34
1332 0 move 40 28
1332 1 move 33 13
1332 2 move 21 39
1332 3 pick 18 27
1332 4 move 37 35
1333 0 pick 39 28
1333 1 move 33 14
1333 2 move 20 39
1333 3 pick 18 27
1333 4 move 37 36
1334 0 pick 39 28
1334 1 pick 32 14
1334 2 move 19 39
1334 3 pick 18 27
1334 4 move 37 37
1335 0 pick 39 28
1335 1 move 33 13
1335 2 move 19 38
1335 3 pick 18 27
1335 4 move 37 38
1336 0 move 40 27
1336 1 move 33 12
1336 2 move 19 37
1336 3 pick 18 27
1336 4 move 38 38
1337 0 move 40 26
1337 1 move 33 11
1337 2 move 19 36
1337 3 move 19 26
1337 4 move 39 38
1338 0 move 40 25
1338 1 move 33 10
1338 2 pick 18 36
1338 3 move 19 25
1338 4 move 39 37
1339 0 move 40 24
1339 1 move 33 9
1339 2 move 19 35
1339 3 move 19 24
1339 4 move 40 37
1340 0 move 40 23
1340 1 move 33 8
1340 2 move 19 34
1340 3 move 19 23
1340 4 move 40 36
1341 0 move 40 22
1341 1 move 33 7
1341 2 move 19 33
1341 3 move 19 22
1341 4 move 40 35
1342 0 move 40 21
1342 1 move 33 6
1342 2 move 18 33
1342 3 move 19 21
1342 4 move 40 34
1343 0 move 39 21
1343 1 move 33 5
1343 2 pick 17 33
1343 3 move 18 21
1343 4 move 40 33
1344 0 move 38 21
1344 1 move 33 4
1344 2 pick 18 32
1344 3 move 17 21
1344 4 move 40 32
1345 0 move 37 21
1345 1 move 33 3
1345 2 move 19 33
1345 3 move 16 21
1345 4 move 40 31
1346 0 move 37 22
1346 1 move 33 2
1346 2 move 19 34
1346 3 move 16 22
1346 4 move 40 30
1347 0 move 37 23
1347 1 move 33 1
1347 2 move 19 35
1347 3 move 16 23
1347 4 move 40 29
1348 0 move 37 24
1348 1 move 33 0
1348 2 move 19 36
1348 3 move 16 24
1348 4 pick 39 29
1349 0 move 37 25
1349 1 fulfill 33 0
1349 2 move 19 37
1349 3 move 16 25
1349 4 move 40 28
1350 0 move 37 26
1350 1 move 33 1
1350 2 move 18 37
1350 3 move 16 26
1350 4 pick 39 28
1351 0 move 37 27
1351 1 move 34 1
1351 2 move 17 37
1351 3 move 16 27
1351 4 pick 39 28
1352 0 move 37 28
1352 1 move 35 1
1352 2 move 16 37
1352 3 pick 17 27
1352 4 pick 39 28
1353 0 pick 38 28
1353 1 move 36 1
1353 2 move 16 36
1353 3 move 16 26
1353 4 move 40 29
1354 0 move 37 29
1354 1 move 37 1
1354 2 move 16 35
1354 3 pick 17 26
1354 4 move 40 30
1355 0 move 37 30
1355 1 pick 38 1
1355 2 move 16 34
1355 3 move 16 27
1355 4 move 40 31
1356 0 move 37 31
1356 1 move 37 2
1356 2 move 16 33
1356 3 move 16 28
1356 4 move 40 32
1357 0 move 37 32
1357 1 move 37 3
1357 2 move 16 32
1357 3 move 16 29
1357 4 move 40 33
1358 0 move 37 33
1358 1 move 37 4
1358 2 pick 17 32
1358 3 pick 17 29
1358 4 move 40 34
1359 0 move 37 34
1359 1 move 37 5
1359 2 move 16 31
1359 3 move 16 28
1359 4 move 40 35
1360 0 move 37 35
1360 1 pick 38 5
1360 2 move 16 30
1360 3 move 16 27
1360 4 move 40 36
1361 0 move 37 36
1361 1 pick 38 5
1361 2 move 16 29
1361 3 move 16 26
1361 4 move 40 37
1362 0 move 37 37
1362 1 pick 38 5
1362 2 move 16 28
1362 3 move 16 25
1362 4 move 40 38
1363 0 move 37 38
1363 1 move 37 4
1363 2 pick 17 28
1363 3 move 16 24
1363 4 move 40 39
1364 0 move 37 39
1364 1 move 38 4
1364 2 pick 17 28
1364 3 move 16 23
1364 4 fulfill 40 39
1365 0 fulfill 37 39
1365 1 pick 39 4
1365 2 pick 17 28
1365 3 move 16 22
1366 0 move 37 38
1366 1 move 37 4
1366 2 pick 17 28
1366 3 move 16 21
1367 0 move 37 37
1367 1 move 37 3
1367 2 pick 17 28
1367 3 move 16 20
1368 0 move 37 36
1368 1 move 37 2
1368 2 pick 17 28
1368 3 move 16 19
1369 0 move 38 36
1369 1 move 37 1
1369 2 move 16 27
1369 3 move 16 18
1370 0 pick 39 36
1370 1 move 37 0
1370 2 move 16 26
1370 3 move 16 17
1371 0 move 37 36
1371 1 move 38 0
1371 2 move 16 25
1371 3 move 16 16
1372 0 move 37 37
1372 1 move 39 0
1372 2 move 16 24
1372 3 move 17 16
1373 0 move 37 38
1373 1 move 39 1
1373 2 move 16 23
1373 3 move 18 16
1374 0 move 38 38
1374 1 move 40 1
1374 2 move 16 22
1374 3 move 19 16
1375 0 move 39 38
1375 1 move 40 2
1375 2 move 16 21
1375 3 move 19 15
1376 0 move 39 37
1376 1 move 40 3
1376 2 move 17 21
1376 3 move 19 14
1377 0 move 40 37
1377 1 move 40 4
1377 2 move 18 21
1377 3 move 19 13
1378 0 move 40 36
1378 1 move 40 5
1378 2 move 19 21
1378 3 move 19 12
1379 0 move 40 35
1379 1 pick 39 5
1379 2 move 19 22
1379 3 pick 18 12
1380 0 move 40 34
1380 1 move 40 6
1380 2 move 19 23
1380 3 move 19 11
1381 0 move 40 33
1381 1 pick 39 6
1381 2 move 19 24
1381 3 move 19 10
1382 0 pick 39 33
1382 1 move 40 7
1382 2 move 19 25
1382 3 move 19 9
1383 0 pick 39 33
1383 1 move 40 8
1383 2 move 19 26
1383 3 move 19 8
1384 0 move 40 32
1384 1 pick 39 8
1384 2 move 19 27
1384 3 move 19 7
1385 0 move 40 31
1385 1 pick 39 8
1385 2 pick 18 27
1385 3 move 19 6
1386 0 pick 39 31
1386 1 move 40 9
1386 2 pick 18 27
1386 3 move 19 5
1387 0 move 40 30
1387 1 move 40 10
1387 2 move 19 28
1387 3 move 19 4
1388 0 move 40 29
1388 1 move 40 11
1388 2 move 19 29
1388 3 move 19 3
1389 0 pick 39 29
1389 1 move 40 12
1389 2 move 19 30
1389 3 move 19 2
1390 0 move 40 28
1390 1 move 40 13
1390 2 move 19 31
1390 3 move 19 1
1391 0 pick 39 28
1391 1 move 40 14
1391 2 move 19 32
1391 3 move 19 0
1392 0 pick 39 28
1392 1 move 40 15
1392 2 move 19 33
1392 3 fulfill 19 0
1393 0 pick 39 28
1393 1 move 40 16
1393 2 move 19 34
1394 0 move 40 27
1394 1 move 39 16
1394 2 move 19 35
1395 0 move 40 26
1395 1 move 38 16
1395 2 move 19 36
1396 0 move 40 25
1396 1 move 37 16
1396 2 move 19 37
1397 0 move 40 24
1397 1 move 37 15
1397 2 move 19 38
1398 0 move 40 23
1398 1 move 37 14
1398 2 move 19 39
1399 0 move 40 22
1399 1 move 37 13
1399 2 fulfill 19 39
1400 0 move 40 21
1400 1 move 37 12
1401 0 move 39 21
1401 1 move 37 11
1402 0 move 38 21
1402 1 move 37 10
1403 0 move 37 21
1403 1 pick 38 10
1404 0 move 37 22
1404 1 move 36 10
1405 0 move 37 23
1405 1 move 35 10
1406 0 move 37 24
1406 1 move 34 10
1407 0 move 37 25
1407 1 move 33 10
1408 0 pick 38 25
1408 1 move 33 11
1409 0 move 37 26
1409 1 move 33 12
1410 0 move 37 27
1410 1 move 33 13
1411 0 move 37 28
1411 1 move 33 14
1412 0 move 37 29
1412 1 pick 32 14
1413 0 move 37 30
1413 1 move 33 13
1414 0 move 37 31
1414 1 move 33 12
1415 0 move 37 32
1415 1 move 33 11
1416 0 move 37 33
1416 1 move 33 10
1417 0 move 37 34
1417 1 move 33 9
1418 0 move 37 35
1418 1 move 33 8
1419 0 move 37 36
1419 1 move 33 7
1420 0 move 37 37
1420 1 move 33 6
1421 0 move 37 38
1421 1 move 33 5
1422 0 move 37 39
1422 1 move 33 4
1423 0 fulfill 37 39
1423 1 move 33 3
1424 1 move 33 2
1425 1 move 33 1
1426 1 move 33 0
1427 1 fulfill 33 0
