1 0 move 57 13
1 1 move 51 5
1 2 move 21 16
1 3 move 40 9
1 4 move 40 14
2 0 move 56 13
2 1 move 50 5
2 2 move 20 16
2 3 move 40 10
2 4 move 40 15
3 0 move 55 13
3 1 move 49 5
3 2 move 19 16
3 3 move 40 11
3 4 move 40 16
4 0 move 54 13
4 1 move 48 5
4 2 move 19 17
4 3 dock 39 11
4 4 move 40 17
5 0 move 53 13
5 1 move 47 5
5 2 move 19 18
5 3 move 41 11
5 4 move 40 18
6 0 move 52 13
6 1 move 47 6
6 2 move 19 19
6 3 move 41 10
6 4 move 40 19
7 0 move 51 13
7 1 pick 46 6
7 2 move 19 20
7 3 move 41 9
7 4 move 40 20
8 0 move 50 13
8 1 pick 46 6
8 2 move 19 21
8 3 move 41 8
8 4 move 40 21
9 0 move 49 13
9 1 pick 46 6
9 2 move 19 22
9 3 move 41 7
9 4 move 40 22
10 0 move 48 13
10 1 move 47 7
10 2 move 19 23
10 3 move 41 6
10 4 move 40 23
11 0 move 47 13
11 1 pick 46 7
11 2 move 19 24
11 3 move 41 5
11 4 move 40 24
12 0 move 47 14
12 1 move 47 8
12 2 move 19 25
12 3 move 40 5
12 4 move 40 25
13 0 pick 46 14
13 1 move 47 9
13 2 move 19 26
13 3 move 39 5
13 4 move 40 26
14 0 move 47 15
14 1 move 47 10
14 2 move 19 27
14 3 undock 38 5
14 4 move 40 27
15 0 move 47 16
15 1 move 47 11
15 2 dock 18 27
15 3 move 40 5
15 4 move 40 28
16 0 move 46 16
16 1 move 47 12
16 2 move 20 27
16 3 move 40 6
16 4 dock 39 28
17 0 move 45 16
17 1 pick 46 12
17 2 move 20 28
17 3 move 40 7
17 4 move 41 28
18 0 move 44 16
18 1 move 47 13
18 2 move 20 29
18 3 move 40 8
18 4 move 41 29
19 0 move 44 15
19 1 move 47 14
19 2 move 20 30
19 3 dock 39 8
19 4 move 41 30
20 0 move 44 14
20 1 pick 46 14
20 2 move 20 31
20 3 move 41 8
20 4 move 41 31
21 0 move 44 13
21 1 move 48 14
21 2 move 20 32
21 3 move 41 7
21 4 move 41 32
22 0 move 44 12
22 1 move 49 14
22 2 move 19 32
22 3 move 41 6
22 4 move 40 32
23 0 move 44 11
23 1 move 50 14
23 2 move 18 32
23 3 move 41 5
23 4 move 39 32
24 0 move 44 10
24 1 move 51 14
24 2 undock 17 32
24 3 move 40 5
24 4 undock 38 32
25 0 pick 45 10
25 1 move 52 14
25 2 move 19 32
25 3 undock 39 5
25 4 move 40 32
26 0 pick 45 10
26 1 move 53 14
26 2 move 20 32
26 3 move 40 4
26 4 move 40 31
27 0 pick 45 10
27 1 move 54 14
27 2 move 21 32
27 3 move 39 4
27 4 move 40 30
28 0 pick 45 10
28 1 move 55 14
28 2 move 22 32
28 3 move 38 4
28 4 move 40 29
29 0 pick 45 10
29 1 move 56 14
29 2 move 23 32
29 3 move 37 4
29 4 dock 39 29
30 0 move 44 9
30 1 move 57 14
30 2 move 24 32
30 3 move 37 5
30 4 move 41 29
31 0 move 44 8
31 1 move 58 14
31 2 move 25 32
31 3 move 37 6
31 4 move 41 30
32 0 move 44 7
32 1 move 59 14
32 2 dock 25 31
32 3 move 37 7
32 4 move 41 31
33 0 move 44 6
33 1 fulfill 59 14
33 2 move 25 33
33 3 move 37 8
33 4 move 41 32
34 0 move 44 5
34 1 move 58 14
34 2 undock 25 32
34 3 move 37 9
34 4 move 40 32
35 0 move 44 4
35 1 move 57 14
35 2 dock 25 32
35 3 dock 38 9
35 4 undock 39 32
36 0 move 44 3
36 1 move 56 14
36 2 move 24 33
36 3 move 36 9
36 4 move 40 33
37 0 move 44 2
37 1 move 55 14
37 2 move 23 33
37 3 move 36 8
37 4 move 39 33
38 0 move 44 1
38 1 move 54 14
38 2 move 22 33
38 3 move 36 7
38 4 move 38 33
39 0 move 44 0
39 1 move 53 14
39 2 move 21 33
39 3 move 36 6
39 4 move 37 33
40 0 fulfill 44 0
40 1 move 52 14
40 2 move 20 33
40 3 move 36 5
40 4 move 37 32
41 0 move 44 1
41 1 move 51 14
41 2 move 19 33
41 3 move 36 4
41 4 move 37 31
42 0 move 44 2
42 1 move 50 14
42 2 move 18 33
42 3 move 37 4
42 4 move 37 30
43 0 move 44 3
43 1 move 49 14
43 2 undock 18 32
43 3 undock 38 4
43 4 move 37 29
44 0 move 44 4
44 1 move 48 14
44 2 move 17 33
44 3 move 37 3
44 4 move 37 28
45 0 move 44 5
45 1 move 47 14
45 2 move 16 33
45 3 move 38 3
45 4 dock 38 28
46 0 move 45 5
46 1 pick 46 14
46 2 move 16 32
46 3 move 39 3
46 4 move 36 28
47 0 move 46 5
47 1 move 47 13
47 2 move 16 31
47 3 move 39 4
47 4 move 36 29
48 0 pick 46 6
48 1 move 47 12
48 2 move 16 30
48 3 move 40 4
48 4 move 36 30
49 0 move 45 5
49 1 pick 46 12
49 2 move 16 29
49 3 move 40 5
49 4 move 36 31
50 0 move 44 5
50 1 move 47 11
50 2 dock 17 29
50 3 move 40 6
50 4 move 36 32
51 0 move 44 6
51 1 move 47 10
51 2 move 15 29
51 3 move 40 7
51 4 move 36 33
52 0 move 44 7
52 1 pick 46 10
52 2 move 15 30
52 3 move 41 7
52 4 move 37 33
53 0 move 44 8
53 1 move 47 9
53 2 move 15 31
53 3 move 42 7
53 4 undock 38 33
54 0 pick 45 8
54 1 move 47 8
54 2 move 15 32
54 3 move 43 7
54 4 move 36 33
55 0 move 44 9
55 1 move 47 7
55 2 move 15 33
55 3 move 44 7
55 4 move 35 33
56 0 move 44 10
56 1 pick 46 7
56 2 move 16 33
56 3 dock 45 7
56 4 move 34 33
57 0 move 44 11
57 1 move 47 6
57 2 undock 17 33
57 3 move 43 7
57 4 move 33 33
58 0 move 44 12
58 1 pick 46 6
58 2 move 16 34
58 3 undock 44 7
58 4 move 32 33
59 0 pick 45 12
59 1 pick 46 6
59 2 move 17 34
59 3 move 43 6
59 4 move 31 33
60 0 move 44 13
60 1 move 47 5
60 2 move 18 34
60 3 move 44 6
60 4 move 30 33
61 0 move 44 14
61 1 move 46 5
61 2 move 18 33
61 3 dock 44 7
61 4 move 29 33
62 0 move 44 15
62 1 move 45 5
62 2 move 19 33
62 3 move 43 6
62 4 move 28 33
63 0 pick 45 15
63 1 move 44 5
63 2 move 19 32
63 3 move 42 6
63 4 move 27 33
64 0 pick 45 15
64 1 move 44 6
64 2 move 19 31
64 3 move 41 6
64 4 move 26 33
65 0 move 44 14
65 1 move 44 7
65 2 move 19 30
65 3 move 40 6
65 4 move 26 32
66 0 move 44 13
66 1 move 44 8
66 2 move 19 29
66 3 move 40 5
66 4 move 26 31
67 0 move 44 12
67 1 pick 45 8
67 2 move 19 28
67 3 move 40 4
67 4 move 26 30
68 0 move 44 11
68 1 pick 45 8
68 2 move 19 27
68 3 move 40 3
68 4 move 26 29
69 0 move 44 10
69 1 pick 45 8
69 2 move 19 26
69 3 move 39 3
69 4 move 26 28
70 0 move 44 9
70 1 move 43 8
70 2 dock 18 26
70 3 undock 39 4
70 4 dock 25 28
71 0 move 44 8
71 1 move 42 8
71 2 move 20 26
71 3 move 38 3
71 4 move 27 28
72 0 move 44 7
72 1 move 41 8
72 2 move 20 27
72 3 move 37 3
72 4 undock 26 28
73 0 move 44 6
73 1 move 40 8
73 2 move 20 28
73 3 move 37 4
73 4 move 27 29
74 0 move 44 5
74 1 move 40 9
74 2 move 20 29
74 3 move 37 5
74 4 move 26 29
75 0 move 44 4
75 1 move 40 10
75 2 move 20 30
75 3 move 37 6
75 4 dock 26 28
76 0 move 44 3
76 1 move 40 11
76 2 move 20 31
76 3 move 37 7
76 4 move 26 30
77 0 move 44 2
77 1 move 40 12
77 2 move 20 32
77 3 move 37 8
77 4 move 26 31
78 0 move 44 1
78 1 move 40 13
78 2 move 20 33
78 3 move 37 9
78 4 move 26 32
79 0 move 44 0
79 1 move 40 14
79 2 move 19 33
79 3 move 37 10
79 4 move 26 33
80 0 fulfill 44 0
80 1 move 40 15
80 2 undock 18 33
80 3 dock 38 10
80 4 move 26 34
81 0 move 44 1
81 1 move 40 16
81 2 move 19 34
81 3 move 36 10
81 4 move 27 34
82 0 move 44 2
82 1 move 39 16
82 2 move 18 34
82 3 move 36 9
82 4 move 28 34
83 0 move 44 3
83 1 move 38 16
83 2 move 17 34
83 3 move 36 8
83 4 move 29 34
84 0 move 44 4
84 1 move 37 16
84 2 move 16 34
84 3 move 36 7
84 4 move 30 34
85 0 move 44 5
85 1 move 37 15
85 2 move 16 33
85 3 move 36 6
85 4 move 31 34
86 0 move 45 5
86 1 move 37 14
86 2 move 16 32
86 3 move 36 5
86 4 move 32 34
87 0 move 46 5
87 1 move 37 13
87 2 move 16 31
87 3 move 36 4
87 4 move 33 34
88 0 pick 46 6
88 1 pick 38 13
88 2 move 16 30
88 3 move 36 3
88 4 move 34 34
89 0 pick 46 6
89 1 move 36 13
89 2 move 16 29
89 3 move 37 3
89 4 move 35 34
90 0 move 45 5
90 1 move 35 13
90 2 move 16 28
90 3 undock 38 3
90 4 move 36 34
91 0 move 44 5
91 1 move 34 13
91 2 move 16 27
91 3 move 36 3
91 4 move 37 34
92 0 move 44 6
92 1 move 33 13
92 2 move 16 26
92 3 move 35 3
92 4 move 37 35
93 0 move 44 7
93 1 move 33 14
93 2 move 16 25
93 3 move 34 3
93 4 move 38 35
94 0 move 44 8
94 1 move 33 15
94 2 move 16 24
94 3 move 33 3
94 4 move 39 35
95 0 pick 45 8
95 1 move 33 16
95 2 dock 17 24
95 3 move 33 4
95 4 move 39 34
96 0 move 44 7
96 1 move 33 17
96 2 move 15 24
96 3 move 33 5
96 4 undock 39 33
97 0 move 44 6
97 1 move 33 18
97 2 move 15 25
97 3 move 33 6
97 4 move 38 34
98 0 move 44 5
98 1 move 33 19
98 2 move 15 26
98 3 move 33 7
98 4 move 37 34
99 0 move 45 5
99 1 move 33 20
99 2 move 15 27
99 3 move 33 8
99 4 move 37 33
100 0 move 46 5
100 1 move 33 21
100 2 move 15 28
100 3 move 33 9
100 4 move 37 32
101 0 move 47 5
101 1 move 33 22
101 2 move 15 29
101 3 move 33 10
101 4 move 37 31
102 0 move 47 6
102 1 move 33 23
102 2 move 15 30
102 3 move 33 11
102 4 move 37 30
103 0 move 47 7
103 1 pick 32 23
103 2 move 15 31
103 3 move 33 12
103 4 move 37 29
104 0 move 47 8
104 1 move 33 24
104 2 move 15 32
104 3 move 33 13
104 4 dock 38 29
105 0 move 47 9
105 1 move 33 25
105 2 move 15 33
105 3 move 33 14
105 4 move 36 29
106 0 move 47 10
106 1 move 33 26
106 2 move 15 34
106 3 dock 32 14
106 4 move 36 30
107 0 pick 46 10
107 1 move 33 27
107 2 move 16 34
107 3 move 34 14
107 4 move 36 31
108 0 pick 46 10
108 1 move 33 28
108 2 undock 17 34
108 3 undock 33 14
108 4 move 36 32
109 0 move 47 11
109 1 move 33 29
109 2 move 15 34
109 3 move 34 13
109 4 move 36 33
110 0 move 47 12
110 1 move 33 30
110 2 move 14 34
110 3 move 33 13
110 4 move 36 34
111 0 pick 46 12
111 1 move 33 31
111 2 move 13 34
111 3 dock 33 14
111 4 move 37 34
112 0 move 47 11
112 1 move 33 32
112 2 move 12 34
112 3 move 33 12
112 4 undock 38 34
113 0 move 47 10
113 1 move 33 33
113 2 move 12 33
113 3 move 33 11
113 4 move 37 35
114 0 move 47 9
114 1 move 33 34
114 2 move 12 32
114 3 move 33 10
114 4 move 38 35
115 0 move 47 8
115 1 move 33 35
115 2 move 12 31
115 3 move 33 9
115 4 move 39 35
116 0 move 47 7
116 1 move 33 36
116 2 move 12 30
116 3 move 33 8
116 4 move 39 34
117 0 move 47 6
117 1 move 33 37
117 2 move 12 29
117 3 move 33 7
117 4 move 40 34
118 0 move 47 5
118 1 move 33 38
118 2 move 12 28
118 3 move 33 6
118 4 move 40 33
119 0 move 47 4
119 1 move 33 39
119 2 move 12 27
119 3 move 33 5
119 4 move 40 32
120 0 move 47 3
120 1 fulfill 33 39
120 2 move 12 26
120 3 move 33 4
120 4 move 40 31
121 0 move 47 2
121 1 move 33 38
121 2 move 12 25
121 3 move 33 3
121 4 move 40 30
122 0 move 47 1
122 1 move 33 37
122 2 move 12 24
122 3 move 33 2
122 4 move 40 29
123 0 move 47 0
123 1 move 33 36
123 2 move 12 23
123 3 move 34 2
123 4 move 41 29
124 0 fulfill 47 0
124 1 move 33 35
124 2 move 12 22
124 3 move 35 2
124 4 move 42 29
125 0 move 47 1
125 1 move 33 34
125 2 move 12 21
125 3 move 36 2
125 4 move 43 29
126 0 move 47 2
126 1 move 33 33
126 2 move 12 20
126 3 move 37 2
126 4 move 44 29
127 0 move 47 3
127 1 move 33 32
127 2 move 12 19
127 3 move 37 1
127 4 dock 45 29
128 0 move 47 4
128 1 move 34 32
128 2 move 12 18
128 3 move 38 1
128 4 move 43 29
129 0 move 47 5
129 1 move 35 32
129 2 move 12 17
129 3 move 39 1
129 4 undock 44 29
130 0 move 47 6
130 1 move 36 32
130 2 move 12 16
130 3 move 39 2
130 4 move 43 30
131 0 pick 46 6
131 1 move 37 32
131 2 move 12 15
131 3 undock 39 3
131 4 move 44 30
132 0 pick 46 6
132 1 pick 38 32
132 2 dock 11 15
132 3 move 40 2
132 4 dock 44 29
133 0 pick 46 6
133 1 pick 38 32
133 2 move 12 16
133 3 move 40 3
133 4 move 43 30
134 0 pick 46 6
134 1 move 37 33
134 2 undock 11 16
134 3 move 40 4
134 4 move 42 30
135 0 move 47 5
135 1 move 37 34
135 2 move 12 17
135 3 move 40 5
135 4 move 41 30
136 0 move 46 5
136 1 move 37 35
136 2 move 11 17
136 3 move 40 6
136 4 move 40 30
137 0 move 45 5
137 1 move 38 35
137 2 dock 11 16
137 3 move 40 7
137 4 move 40 31
138 0 move 44 5
138 1 move 39 35
138 2 move 11 18
138 3 move 40 8
138 4 move 40 32
139 0 move 44 6
139 1 move 39 34
139 2 move 11 19
139 3 move 40 9
139 4 move 40 33
140 0 move 44 7
140 2 move 11 20
140 3 move 40 10
140 4 move 40 34
141 0 move 44 8
141 2 move 11 21
141 3 move 40 11
141 4 move 40 35
142 0 pick 45 8
142 1 move 40 34
142 2 move 12 21
142 3 move 40 12
142 4 move 39 35
143 0 move 44 7
143 1 move 40 33
143 2 move 12 22
143 3 move 40 13
143 4 undock 39 34
144 0 move 44 6
144 1 move 40 32
144 2 move 12 23
144 3 move 41 13
144 4 move 38 35
145 0 move 44 5
145 1 pick 39 32
145 2 move 12 24
145 3 move 42 13
145 4 move 37 35
146 0 move 45 5
146 1 pick 39 32
146 2 move 12 25
146 3 move 43 13
146 4 move 37 34
147 0 move 46 5
147 1 pick 39 32
147 2 move 12 26
147 3 move 44 13
147 4 move 37 33
148 0 move 47 5
148 1 pick 39 32
148 2 move 12 27
148 3 dock 45 13
148 4 move 37 32
149 0 move 47 6
149 1 move 41 32
149 2 move 12 28
149 3 move 43 13
149 4 move 37 31
150 0 move 47 7
150 1 move 42 32
150 2 move 12 29
150 3 undock 44 13
150 4 dock 38 31
151 0 move 47 8
151 1 move 43 32
151 2 move 12 30
151 3 move 43 12
151 4 move 36 31
152 0 move 47 9
152 1 move 44 32
152 2 move 12 31
152 3 move 44 12
152 4 move 36 32
153 0 move 47 10
153 1 move 45 32
153 2 move 12 32
153 3 dock 44 13
153 4 move 36 33
154 0 move 47 11
154 1 move 46 32
154 2 move 12 33
154 3 move 43 12
154 4 move 36 34
155 0 move 47 12
155 1 move 47 32
155 2 move 12 34
155 3 move 42 12
155 4 move 36 35
156 0 pick 46 12
156 1 move 47 31
156 2 move 12 35
156 3 move 41 12
156 4 move 37 35
157 0 move 47 11
157 1 move 47 30
157 2 move 13 35
157 3 move 40 12
157 4 undock 38 35
158 0 move 47 10
158 1 move 47 29
158 2 move 14 35
158 3 move 40 11
158 4 move 37 36
159 0 move 47 9
159 1 move 47 28
159 2 move 15 35
159 3 move 40 10
159 4 move 38 36
160 0 move 47 8
160 1 pick 46 28
160 2 move 16 35
160 3 move 40 9
160 4 move 39 36
161 0 move 47 7
161 1 move 47 29
161 2 move 16 36
161 3 move 40 8
161 4 move 39 35
162 0 move 47 6
162 1 move 47 30
162 2 move 17 36
162 3 move 40 7
162 4 move 40 35
163 0 move 47 5
163 1 move 47 31
163 2 move 18 36
163 3 move 40 6
163 4 move 40 34
164 0 move 47 4
164 1 move 47 32
164 2 move 18 35
164 3 move 40 5
164 4 move 40 33
165 0 move 47 3
165 1 move 47 33
165 2 undock 18 34
165 3 move 40 4
165 4 move 40 32
166 0 move 47 2
166 1 move 47 34
166 2 move 19 35
166 3 move 40 3
166 4 move 40 31
167 0 move 47 1
167 1 move 47 35
167 2 move 19 34
167 3 move 40 2
167 4 move 40 30
168 0 move 47 0
168 1 move 47 36
168 2 move 19 33
168 3 move 40 1
168 4 move 40 29
169 0 fulfill 47 0
169 1 move 47 37
169 2 move 19 32
169 3 move 39 1
169 4 move 40 28
170 0 move 47 1
170 1 move 47 38
170 2 move 19 31
170 3 move 38 1
170 4 move 40 27
171 0 move 47 2
171 1 move 47 39
171 2 move 19 30
171 3 undock 38 2
171 4 move 40 26
172 0 move 47 3
172 1 fulfill 47 39
172 2 move 19 29
172 3 move 39 1
172 4 dock 39 26
173 0 move 47 4
173 1 move 46 39
173 2 dock 18 29
173 3 move 39 2
173 4 move 41 26
174 0 move 47 5
174 1 move 45 39
174 2 move 20 29
174 3 move 40 2
174 4 move 41 27
175 0 move 47 6
175 1 move 44 39
175 2 move 20 30
175 3 move 40 3
175 4 move 41 28
176 0 pick 46 6
176 1 move 43 39
176 2 move 20 31
176 3 move 40 4
176 4 move 41 29
177 0 pick 46 6
177 1 move 42 39
177 2 move 20 32
177 3 move 40 5
177 4 move 41 30
178 0 pick 46 6
178 1 move 42 38
178 2 move 20 33
178 3 move 40 6
178 4 move 41 31
179 0 move 47 7
179 1 move 42 37
179 2 move 20 34
179 3 move 40 7
179 4 move 41 32
180 0 move 47 8
180 1 move 42 36
180 2 move 20 35
180 3 move 40 8
180 4 move 41 33
181 0 move 47 9
181 1 move 42 35
181 2 move 19 35
181 3 move 40 9
181 4 move 41 34
182 0 move 47 10
182 1 move 42 34
182 2 move 18 35
182 3 dock 39 9
182 4 move 41 35
183 0 pick 46 10
183 1 move 41 34
183 2 undock 17 35
183 3 move 41 9
183 4 move 40 35
184 0 move 47 11
184 1 move 40 34
184 2 move 19 35
184 3 move 41 8
184 4 undock 39 35
185 0 move 47 12
185 1 move 40 35
185 2 move 19 34
185 3 move 41 7
185 4 move 40 34
186 0 move 47 13
186 1 pick 39 35
186 2 move 19 33
186 3 move 41 6
186 4 move 40 33
187 0 move 47 14
187 1 move 40 34
187 2 move 19 32
187 3 move 41 5
187 4 move 40 32
188 0 move 47 15
188 1 move 40 33
188 2 move 19 31
188 3 move 41 4
188 4 move 40 31
189 0 move 47 16
189 1 pick 39 33
189 2 move 19 30
189 3 move 41 3
189 4 move 40 30
190 0 move 46 16
190 1 move 40 32
190 2 move 19 29
190 3 move 41 2
190 4 move 40 29
191 0 move 45 16
191 1 pick 39 32
191 2 move 19 28
191 3 move 40 2
191 4 move 40 28
192 0 move 44 16
192 1 pick 39 32
192 2 move 20 28
192 3 undock 39 2
192 4 move 40 27
193 0 move 43 16
193 1 pick 39 32
193 2 move 21 28
193 3 move 40 1
193 4 move 40 26
194 0 move 42 16
194 1 move 40 31
194 2 move 22 28
194 3 move 39 1
194 4 move 40 25
195 0 move 41 16
195 1 move 40 30
195 2 move 23 28
195 3 move 38 1
195 4 move 40 24
196 0 move 40 16
196 1 pick 39 30
196 2 dock 24 28
196 3 move 37 1
196 4 move 40 23
197 0 move 40 15
197 1 move 40 31
197 2 move 22 28
197 3 move 36 1
197 4 move 40 22
198 0 pick 39 15
198 1 move 40 32
198 2 undock 23 28
198 3 move 35 1
198 4 move 40 21
199 0 move 40 16
199 1 move 40 33
199 2 move 22 29
199 3 move 34 1
199 4 move 39 21
200 0 move 39 16
200 1 move 40 34
200 2 move 23 29
200 3 move 33 1
200 4 move 38 21
201 0 move 38 16
201 1 move 40 35
201 2 dock 23 28
201 3 move 33 2
201 4 move 38 20
202 0 move 37 16
202 1 move 40 36
202 2 move 22 29
202 3 move 33 3
202 4 move 38 19
203 0 move 37 15
203 1 move 39 36
203 2 move 21 29
203 3 move 33 4
203 4 move 38 18
204 0 move 37 14
204 1 move 38 36
204 2 move 20 29
204 3 move 33 5
204 4 move 38 17
205 0 move 37 13
205 1 move 37 36
205 2 move 19 29
205 3 move 33 6
205 4 move 38 16
206 0 pick 38 13
206 1 move 37 35
206 2 move 19 30
206 3 dock 32 6
206 4 dock 38 15
207 0 move 36 13
207 1 move 37 34
207 2 move 19 31
207 3 move 34 6
207 4 move 38 17
208 0 move 35 13
208 1 move 37 33
208 2 move 19 32
208 3 undock 33 6
208 4 undock 38 16
209 0 move 34 13
209 1 move 37 32
209 2 move 19 33
209 3 move 34 5
209 4 dock 38 16
210 0 move 33 13
210 1 pick 38 32
210 2 move 19 34
210 3 move 33 5
210 4 move 38 18
211 0 move 33 12
211 1 pick 38 32
211 2 move 19 35
211 3 dock 33 6
211 4 move 38 19
212 0 move 33 11
212 1 pick 38 32
212 2 move 19 36
212 3 move 33 4
212 4 move 38 20
213 0 move 33 10
213 1 move 37 33
213 2 move 18 36
213 3 move 33 3
213 4 move 38 21
214 0 move 33 9
214 1 pick 38 33
214 2 undock 18 35
214 3 move 33 2
214 4 move 37 21
215 0 move 33 8
215 1 move 37 32
215 2 move 19 36
215 3 move 33 1
215 4 move 37 22
216 0 move 33 7
216 1 move 37 31
216 2 move 19 35
216 3 move 33 0
216 4 move 37 23
217 0 move 33 6
217 1 move 37 30
217 2 move 19 34
217 3 move 34 0
217 4 move 37 24
218 0 move 33 5
218 1 move 37 29
218 2 move 19 33
218 3 move 35 0
218 4 move 37 25
219 0 move 32 5
219 1 move 37 28
219 2 move 19 32
219 3 move 36 0
219 4 move 37 26
220 0 move 31 5
220 1 move 36 28
220 2 move 19 31
220 3 move 37 0
220 4 move 37 27
221 0 move 30 5
221 1 move 36 27
221 2 move 19 30
221 3 move 38 0
221 4 move 37 28
222 0 move 30 6
222 1 move 36 26
222 2 move 19 29
222 3 undock 38 1
222 4 move 37 29
223 0 move 30 7
223 1 move 36 25
223 2 move 19 28
223 3 move 37 0
223 4 move 37 30
224 0 move 30 8
224 1 move 36 24
224 2 move 19 27
224 3 move 36 0
224 4 move 37 31
225 0 pick 31 8
225 1 move 36 23
225 2 move 19 26
225 3 move 35 0
225 4 move 37 32
226 0 move 30 7
226 1 move 37 23
226 2 move 19 25
226 3 move 34 0
226 4 move 37 33
227 0 move 30 6
227 1 move 37 22
227 2 move 19 24
227 3 move 33 0
227 4 move 37 34
228 0 move 30 5
228 1 move 37 21
228 2 move 19 23
228 3 move 32 0
228 4 move 37 35
229 0 move 30 4
229 1 move 38 21
229 2 move 19 22
229 3 move 31 0
229 4 move 37 36
230 0 move 30 3
230 1 move 39 21
230 2 move 19 21
230 3 move 30 0
230 4 move 37 37
231 0 move 30 2
231 1 move 40 21
231 2 move 19 20
231 3 move 29 0
231 4 move 38 37
232 0 move 30 1
232 1 move 41 21
232 2 move 19 19
232 3 move 28 0
232 4 undock 38 36
233 0 move 30 0
233 1 move 42 21
233 2 move 19 18
233 3 move 27 0
233 4 move 39 37
234 0 fulfill 30 0
234 1 move 43 21
234 2 move 19 17
234 3 move 26 0
234 4 move 39 36
235 0 move 30 1
235 1 move 44 21
235 2 move 19 16
235 3 move 26 1
235 4 move 40 36
236 0 move 30 2
236 1 move 45 21
236 2 move 19 15
236 3 move 26 2
236 4 move 40 35
237 0 move 30 3
237 1 move 46 21
237 2 move 19 14
237 3 move 26 3
237 4 move 40 34
238 0 move 30 4
238 1 move 47 21
238 2 move 19 13
238 3 move 26 4
238 4 move 40 33
239 0 move 30 5
239 1 move 47 22
239 2 move 19 12
239 3 move 26 5
239 4 move 40 32
240 0 move 30 6
240 1 move 47 23
240 2 dock 18 12
240 3 move 26 6
240 4 move 41 32
241 0 move 30 7
241 1 pick 46 23
241 2 move 20 12
241 3 move 26 7
241 4 move 42 32
242 0 pick 31 7
242 1 move 48 23
242 2 move 20 13
242 3 move 26 8
242 4 move 43 32
243 0 move 30 8
243 1 move 49 23
243 2 move 20 14
243 3 move 26 9
243 4 move 44 32
244 0 move 30 9
244 1 move 50 23
244 2 move 20 15
244 3 move 26 10
244 4 move 45 32
245 0 pick 31 9
245 1 move 51 23
245 2 move 20 16
245 3 move 26 11
245 4 move 46 32
246 0 pick 31 9
246 1 move 52 23
246 2 move 20 17
246 3 move 26 12
246 4 move 47 32
247 0 move 30 10
247 1 move 53 23
247 2 move 20 18
247 3 move 26 13
247 4 move 47 31
248 0 move 30 11
248 1 move 54 23
248 2 move 20 19
248 3 move 26 14
248 4 move 47 30
249 0 pick 31 11
249 1 move 55 23
249 2 move 20 20
249 3 move 26 15
249 4 dock 46 30
250 0 move 30 12
250 1 move 56 23
250 2 move 20 21
250 3 dock 25 15
250 4 move 48 30
251 0 move 30 13
251 1 move 57 23
251 2 move 20 22
251 3 move 27 15
251 4 move 48 31
252 0 move 30 14
252 1 move 58 23
252 2 move 20 23
252 3 undock 26 15
252 4 move 48 32
253 0 move 30 15
253 1 move 59 23
253 2 move 20 24
253 3 move 27 14
253 4 move 47 32
254 0 pick 31 15
254 1 fulfill 59 23
254 2 move 20 25
254 3 move 26 14
254 4 move 46 32
255 0 pick 31 15
255 1 move 58 23
255 2 move 20 26
255 3 dock 26 15
255 4 move 45 32
256 0 pick 31 15
256 1 move 57 23
256 2 move 20 27
256 3 move 27 14
256 4 move 44 32
257 0 move 30 16
257 1 move 56 23
257 2 move 20 28
257 3 move 28 14
257 4 move 43 32
258 0 move 30 17
258 1 move 55 23
258 2 move 20 29
258 3 move 29 14
258 4 move 42 32
259 0 move 30 18
259 1 move 54 23
259 2 move 20 30
259 3 move 30 14
259 4 move 41 32
260 0 move 30 19
260 1 move 53 23
260 2 move 20 31
260 3 move 30 15
260 4 move 41 33
261 0 move 30 20
261 1 move 52 23
261 2 move 20 32
261 3 move 30 16
261 4 move 41 34
262 0 move 30 21
262 1 move 51 23
262 2 move 20 33
262 3 move 31 16
262 4 move 41 35
263 0 move 30 22
263 1 move 50 23
263 2 move 20 34
263 3 move 32 16
263 4 move 41 36
264 0 pick 31 22
264 1 move 49 23
264 2 move 20 35
264 3 move 33 16
264 4 move 40 36
265 0 pick 31 22
265 1 move 48 23
265 2 move 20 36
265 3 move 34 16
265 4 undock 39 36
266 0 pick 31 22
266 1 move 47 23
266 2 move 19 36
266 3 move 35 16
266 4 move 40 35
267 0 pick 31 22
267 1 pick 46 23
267 2 move 18 36
267 3 move 36 16
267 4 move 40 34
268 0 move 29 22
268 1 move 47 22
268 2 undock 17 36
268 3 move 37 16
268 4 move 40 33
269 0 move 28 22
269 1 move 47 21
269 2 move 19 36
269 3 move 38 16
269 4 move 40 32
270 0 move 27 22
270 1 move 46 21
270 2 move 19 35
270 3 move 39 16
270 4 move 40 31
271 0 move 26 22
271 1 move 45 21
271 2 move 19 34
271 3 move 40 16
271 4 dock 39 31
272 0 move 26 21
272 1 move 44 21
272 2 move 19 33
272 3 move 40 15
272 4 move 41 31
273 0 move 25 21
273 1 move 43 21
273 2 move 19 32
273 3 move 40 14
273 4 move 41 32
274 0 move 24 21
274 1 move 42 21
274 2 move 19 31
274 3 move 40 13
274 4 move 41 33
275 0 move 23 21
275 1 move 41 21
275 2 move 19 30
275 3 move 40 12
275 4 move 41 34
276 0 move 23 22
276 1 move 40 21
276 2 move 19 29
276 3 move 40 11
276 4 move 41 35
277 0 pick 24 22
277 1 move 40 22
277 2 move 19 28
277 3 move 40 10
277 4 move 41 36
278 0 pick 24 22
278 1 move 40 23
278 2 move 19 27
278 3 move 40 9
278 4 move 41 37
279 0 move 23 23
279 1 move 40 24
279 2 move 19 26
279 3 move 40 8
279 4 move 40 37
280 0 move 23 24
280 1 pick 39 24
280 2 move 19 25
280 3 move 40 7
280 4 move 39 37
281 0 move 23 25
281 1 move 40 23
281 2 move 19 24
281 3 move 40 6
281 4 undock 38 37
282 0 move 23 26
282 1 move 40 22
282 2 move 19 23
282 3 move 40 5
282 4 move 40 37
283 0 move 23 27
283 1 move 40 21
283 2 move 19 22
283 3 move 40 4
283 4 move 40 36
284 0 move 23 28
284 1 move 39 21
284 2 move 19 21
284 3 move 40 3
284 4 move 40 35
285 0 move 23 29
285 1 move 38 21
285 2 move 19 20
285 3 move 40 2
285 4 move 40 34
286 0 move 23 30
286 1 move 37 21
286 2 move 19 19
286 3 move 40 1
286 4 move 40 33
287 0 move 23 31
287 1 move 37 22
287 2 move 19 18
287 3 move 40 0
287 4 move 40 32
288 0 move 23 32
288 1 move 37 23
288 2 move 19 17
288 3 move 39 0
288 4 move 40 31
289 0 move 23 33
289 1 move 37 24
289 2 move 19 16
289 3 undock 39 1
289 4 move 40 30
290 0 move 23 34
290 1 move 37 25
290 2 move 19 15
290 3 move 40 0
290 4 move 40 29
291 0 move 23 35
291 1 pick 38 25
291 2 move 20 15
291 3 move 40 1
291 4 move 40 28
292 0 move 23 36
292 1 pick 38 25
292 2 move 21 15
292 3 move 40 2
292 4 move 40 27
293 0 move 23 37
293 1 pick 38 25
293 2 move 22 15
293 3 move 40 3
293 4 move 40 26
294 0 move 23 38
294 1 move 36 25
294 2 move 23 15
294 3 move 40 4
294 4 move 41 26
295 0 move 23 39
295 1 move 35 25
295 2 dock 24 15
295 3 move 40 5
295 4 move 42 26
296 0 fulfill 23 39
296 1 move 34 25
296 2 move 23 16
296 3 move 40 6
296 4 move 43 26
297 0 move 22 39
297 1 move 33 25
297 2 undock 24 16
297 3 move 40 7
297 4 move 44 26
298 0 move 21 39
298 1 move 33 26
298 2 move 23 17
298 3 dock 39 7
298 4 dock 45 26
299 0 move 20 39
299 1 move 33 27
299 2 move 24 17
299 3 move 41 7
299 4 move 43 26
300 0 move 19 39
300 1 pick 32 27
300 2 dock 24 16
300 3 move 41 6
300 4 undock 44 26
301 0 move 19 38
301 1 pick 32 27
301 2 move 23 17
301 3 move 41 5
301 4 move 43 27
302 0 move 19 37
302 1 pick 32 27
302 2 move 22 17
302 3 move 41 4
302 4 move 44 27
303 0 move 19 36
303 1 move 33 26
303 2 move 21 17
303 3 move 41 3
303 4 dock 44 26
304 0 move 19 35
304 1 move 33 25
304 2 move 20 17
304 3 move 41 2
304 4 move 43 27
305 0 pick 18 35
305 1 move 33 24
305 2 move 19 17
305 3 move 41 1
305 4 move 42 27
306 0 move 19 34
306 1 move 33 23
306 2 move 19 18
306 3 move 41 0
306 4 move 41 27
307 0 move 19 33
307 1 move 33 22
307 2 move 19 19
307 3 move 40 0
307 4 move 40 27
308 0 move 19 32
308 1 pick 32 22
308 2 move 19 20
308 3 move 39 0
308 4 move 40 28
309 0 pick 18 32
309 1 pick 32 22
309 2 move 19 21
309 3 undock 38 0
309 4 move 40 29
310 0 move 19 33
310 1 pick 32 22
310 2 move 19 22
310 3 move 40 0
310 4 move 40 30
311 0 move 19 34
311 1 pick 32 22
311 2 move 19 23
311 3 move 40 1
311 4 move 40 31
312 0 move 19 35
312 1 pick 32 22
312 2 move 19 24
312 3 move 40 2
312 4 move 40 32
313 0 move 19 36
313 1 move 33 23
313 2 move 19 25
313 3 move 40 3
313 4 move 40 33
314 0 move 18 36
314 1 move 33 24
314 2 move 19 26
314 3 move 40 4
314 4 move 40 34
315 0 move 18 37
315 1 move 33 25
315 2 move 19 27
315 3 move 40 5
315 4 move 40 35
316 0 move 17 37
316 1 move 33 26
316 2 move 19 28
316 3 move 40 6
316 4 move 40 36
317 0 move 16 37
317 1 move 33 27
317 2 move 19 29
317 3 move 40 7
317 4 move 40 37
318 0 move 16 36
318 1 move 33 28
318 2 move 19 30
318 3 move 40 8
318 4 move 40 38
319 0 move 16 35
319 1 move 33 29
319 2 move 19 31
319 3 move 40 9
319 4 move 39 38
320 0 move 16 34
320 1 move 33 30
320 2 move 19 32
320 3 move 40 10
320 4 undock 39 37
321 0 move 16 33
321 1 move 33 31
321 2 move 19 33
321 3 move 40 11
321 4 move 38 38
322 0 move 16 32
322 1 move 33 32
322 2 move 19 34
322 3 move 40 12
322 4 move 37 38
323 0 pick 17 32
323 1 move 33 33
323 2 move 19 35
323 3 move 40 13
323 4 move 37 37
324 0 move 16 33
324 1 move 33 34
324 2 move 19 36
324 3 move 40 14
324 4 move 37 36
325 0 pick 17 33
325 1 move 33 35
325 2 move 19 37
325 3 move 40 15
325 4 move 37 35
326 0 move 16 32
326 1 move 33 36
326 2 move 18 37
326 3 move 40 16
326 4 move 37 34
327 0 move 16 31
327 1 move 33 37
327 2 undock 18 36
327 3 move 39 16
327 4 move 37 33
328 0 move 16 30
328 1 move 33 38
328 2 move 19 37
328 3 move 38 16
328 4 move 37 32
329 0 pick 17 30
329 1 move 33 39
329 2 move 19 36
329 3 move 37 16
329 4 move 37 31
330 0 move 15 30
330 1 fulfill 33 39
330 2 move 19 35
330 3 move 36 16
330 4 move 37 30
331 0 move 14 30
331 1 move 33 38
331 2 move 19 34
331 3 move 35 16
331 4 dock 38 30
332 0 move 13 30
332 1 move 33 37
332 2 move 19 33
332 3 move 34 16
332 4 move 36 30
333 0 move 12 30
333 1 move 33 36
333 2 move 19 32
333 3 move 33 16
333 4 move 36 31
334 0 move 12 31
334 1 move 33 35
334 2 move 19 31
334 3 move 32 16
334 4 move 36 32
335 0 move 12 32
335 1 move 33 34
335 2 dock 18 31
335 3 move 31 16
335 4 move 36 33
336 0 move 11 32
336 1 move 33 33
336 2 move 20 31
336 3 move 30 16
336 4 move 36 34
337 0 move 10 32
337 1 move 33 32
337 2 move 20 32
337 3 move 29 16
337 4 move 36 35
338 0 move 9 32
338 1 move 34 32
338 2 move 20 33
338 3 move 28 16
338 4 move 36 36
339 0 move 9 31
339 1 move 35 32
339 2 move 20 34
339 3 move 27 16
339 4 move 36 37
340 0 move 9 30
340 1 move 36 32
340 2 move 20 35
340 3 move 26 16
340 4 move 36 38
341 0 move 9 29
341 1 move 37 32
341 2 move 20 36
341 3 move 26 15
341 4 move 37 38
342 0 move 9 28
342 1 pick 38 32
342 2 move 20 37
342 3 move 26 14
342 4 undock 38 38
343 0 move 9 27
343 1 pick 38 32
343 2 move 19 37
343 3 move 26 13
343 4 move 36 38
344 0 pick 10 27
344 1 move 37 33
344 2 move 18 37
344 3 move 26 12
344 4 move 35 38
345 0 move 8 27
345 1 move 37 34
345 2 undock 17 37
345 3 move 26 11
345 4 move 34 38
346 0 move 7 27
346 1 move 37 35
346 2 move 19 37
346 3 dock 25 11
346 4 move 33 38
347 0 move 6 27
347 1 move 37 36
347 2 move 19 36
347 3 move 27 11
347 4 move 33 37
348 0 move 5 27
348 1 move 37 37
348 2 move 19 35
348 3 undock 26 11
348 4 move 33 36
349 0 move 4 27
349 1 move 37 38
349 2 move 19 34
349 3 move 27 10
349 4 move 33 35
350 0 move 3 27
350 1 move 37 39
350 2 move 19 33
350 3 move 26 10
350 4 move 33 34
351 0 move 2 27
351 1 move 38 39
351 2 move 19 32
351 3 dock 26 11
351 4 move 33 33
352 0 move 1 27
352 1 move 39 39
352 2 move 19 31
352 3 undock 26 11
352 4 move 33 32
353 0 move 0 27
353 1 move 39 38
353 2 move 19 30
353 3 move 27 10
353 4 move 33 31
354 0 fulfill 0 27
354 1 move 40 38
354 2 move 19 29
354 3 move 27 11
354 4 dock 32 31
355 0 move 0 26
355 1 move 40 37
355 2 move 19 28
355 3 dock 26 11
355 4 move 34 31
356 0 move 0 25
356 1 move 40 36
356 2 move 19 27
356 3 move 28 11
356 4 undock 33 31
357 0 move 0 24
357 1 move 40 35
357 2 move 19 26
357 3 move 29 11
357 4 move 34 32
358 0 move 0 23
358 1 move 40 34
358 2 move 20 26
358 3 move 30 11
358 4 move 33 32
359 0 move 1 23
359 1 move 40 33
359 2 move 21 26
359 3 move 30 12
359 4 dock 33 31
360 0 move 2 23
360 1 move 40 32
360 2 move 22 26
360 3 move 30 13
360 4 move 34 32
361 0 move 3 23
361 1 pick 39 32
361 2 move 23 26
361 3 move 30 14
361 4 move 35 32
362 0 move 4 23
362 1 move 40 33
362 2 dock 24 26
362 3 move 30 15
362 4 move 36 32
363 0 move 5 23
363 1 pick 39 33
363 2 move 22 26
363 3 move 30 16
363 4 move 37 32
364 0 move 6 23
364 1 pick 39 33
364 2 undock 23 26
364 3 move 31 16
364 4 move 37 31
365 0 move 7 23
365 1 move 40 34
365 2 move 22 27
365 3 move 32 16
365 4 move 37 30
366 0 move 8 23
366 1 move 40 35
366 2 move 23 27
366 3 move 33 16
366 4 move 37 29
367 0 move 9 23
367 1 move 40 36
367 2 dock 23 26
367 3 move 34 16
367 4 move 37 28
368 0 pick 10 23
368 1 move 40 37
368 2 move 22 27
368 3 move 35 16
368 4 move 37 27
369 0 move 9 22
369 1 move 40 38
369 2 move 21 27
369 3 move 36 16
369 4 move 37 26
370 0 move 9 21
370 1 move 39 38
370 2 move 20 27
370 3 move 37 16
370 4 move 37 25
371 0 move 10 21
371 1 move 39 39
371 2 move 19 27
371 3 move 38 16
371 4 move 37 24
372 0 move 11 21
372 1 move 38 39
372 2 move 19 28
372 3 move 39 16
372 4 move 37 23
373 0 move 12 21
373 1 move 37 39
373 2 move 19 29
373 3 move 40 16
373 4 move 37 22
374 0 move 12 22
374 1 move 36 39
374 2 move 19 30
374 3 move 41 16
374 4 move 37 21
375 0 move 12 23
375 1 move 35 39
375 2 move 19 31
375 3 move 41 15
375 4 move 38 21
376 0 move 12 24
376 1 move 34 39
376 2 move 19 32
376 3 move 41 14
376 4 move 39 21
377 0 pick 11 24
377 1 move 33 39
377 2 move 19 33
377 3 move 41 13
377 4 move 40 21
378 0 move 13 24
378 1 move 32 39
378 2 move 19 34
378 3 move 41 12
378 4 move 40 22
379 0 move 14 24
379 1 move 31 39
379 2 move 19 35
379 3 move 41 11
379 4 move 40 23
380 0 move 15 24
380 1 move 30 39
380 2 move 19 36
380 3 move 41 10
380 4 move 40 24
381 0 move 16 24
381 1 move 30 38
381 2 move 19 37
381 3 move 41 9
381 4 move 40 25
382 0 move 16 23
382 1 move 30 37
382 2 move 19 38
382 3 move 41 8
382 4 move 40 26
383 0 move 16 22
383 1 move 30 36
383 2 move 18 38
383 3 move 41 7
383 4 move 40 27
384 0 move 16 21
384 1 move 30 35
384 2 undock 18 37
384 3 move 41 6
384 4 move 40 28
385 0 move 17 21
385 1 move 30 34
385 2 move 19 38
385 3 move 41 5
385 4 move 40 29
386 0 move 18 21
386 1 move 30 33
386 2 move 19 37
386 3 move 41 4
386 4 move 40 30
387 0 move 19 21
387 1 move 30 32
387 2 move 19 36
387 3 move 41 3
387 4 move 40 31
388 0 move 19 22
388 1 move 30 31
388 2 move 19 35
388 3 move 41 2
388 4 move 40 32
389 0 move 19 23
389 1 move 30 30
389 2 move 19 34
389 3 move 41 1
389 4 move 40 33
390 0 move 19 24
390 1 move 30 29
390 2 move 19 33
390 3 move 41 0
390 4 move 40 34
391 0 move 20 24
391 1 pick 31 29
391 2 move 19 32
391 3 move 40 0
391 4 move 40 35
392 0 move 21 24
392 1 move 30 30
392 2 move 19 31
392 3 undock 39 0
392 4 move 40 36
393 0 move 22 24
393 1 move 30 31
393 2 move 20 31
393 3 move 40 1
393 4 move 40 37
394 0 move 23 24
394 1 move 30 32
394 2 move 21 31
394 3 move 40 2
394 4 move 40 38
395 0 pick 24 24
395 1 move 30 33
395 2 move 22 31
395 3 pick 39 2
395 4 move 40 39
396 0 move 23 23
396 1 move 30 34
396 2 move 23 31
396 3 move 40 3
396 4 move 39 39
397 0 move 23 22
397 1 move 30 35
397 2 dock 24 31
397 3 move 40 4
397 4 undock 39 38
398 0 move 23 21
398 1 move 30 36
398 2 move 22 31
398 3 move 40 5
398 4 move 40 39
399 0 move 24 21
399 1 move 30 37
399 2 undock 23 31
399 3 move 40 6
399 4 move 40 38
400 0 move 25 21
400 1 move 30 38
400 2 move 22 32
400 3 move 40 7
400 4 move 40 37
401 0 move 26 21
401 1 move 30 39
401 2 move 23 32
401 3 move 40 8
401 4 move 40 36
402 0 move 26 22
402 1 fulfill 30 39
402 2 dock 23 31
402 3 move 40 9
402 4 move 40 35
403 0 move 26 23
403 1 move 30 38
403 2 move 22 32
403 3 move 40 10
403 4 move 40 34
404 0 move 26 24
404 1 move 30 37
404 2 move 21 32
404 3 move 40 11
404 4 move 40 33
405 0 move 27 24
405 1 move 30 36
405 2 move 20 32
405 3 move 40 12
405 4 move 40 32
406 0 move 28 24
406 1 move 30 35
406 2 move 19 32
406 3 move 40 13
406 4 move 40 31
407 0 move 29 24
407 1 move 30 34
407 2 move 19 33
407 3 move 40 14
407 4 move 40 30
408 0 move 30 24
408 1 move 30 33
408 2 move 19 34
408 3 move 40 15
408 4 move 40 29
409 0 pick 31 24
409 1 move 30 32
409 2 move 19 35
409 3 move 40 16
409 4 move 40 28
410 0 pick 31 24
410 1 move 30 31
410 2 move 19 36
410 3 move 39 16
410 4 move 40 27
411 0 move 30 23
411 1 pick 31 31
411 2 move 19 37
411 3 move 38 16
411 4 move 40 26
412 0 move 30 22
412 1 move 29 31
412 2 move 19 38
412 3 move 37 16
412 4 move 40 25
413 0 move 30 21
413 1 move 28 31
413 2 move 19 39
413 3 move 37 15
413 4 move 40 24
414 0 move 31 21
414 1 move 27 31
414 2 move 18 39
414 3 move 37 14
414 4 move 40 23
415 0 move 32 21
415 1 move 26 31
415 2 move 17 39
415 3 move 37 13
415 4 move 40 22
416 0 move 33 21
416 1 move 26 30
416 2 undock 17 38
416 3 move 37 12
416 4 dock 39 22
417 0 move 34 21
417 1 pick 25 30
417 2 move 16 39
417 3 move 37 11
417 4 move 41 22
418 0 move 35 21
418 1 move 26 29
418 2 move 15 39
418 3 move 37 10
418 4 move 41 23
419 0 move 36 21
419 1 move 26 28
419 2 move 14 39
419 3 move 37 9
419 4 move 41 24
420 0 move 37 21
420 1 move 26 27
420 2 move 13 39
420 3 move 37 8
420 4 move 41 25
421 0 move 38 21
421 1 move 26 26
421 2 move 12 39
421 3 move 37 7
421 4 move 41 26
422 0 move 39 21
422 1 move 26 25
422 2 move 12 38
422 3 move 37 6
422 4 move 41 27
423 0 move 40 21
423 1 move 26 24
423 2 move 12 37
423 3 move 37 5
423 4 move 41 28
424 0 move 41 21
424 1 move 27 24
424 2 move 12 36
424 3 pick 38 5
424 4 move 41 29
425 0 move 42 21
425 1 move 28 24
425 2 move 12 35
425 3 pick 38 5
425 4 move 41 30
426 0 move 43 21
426 1 move 29 24
426 2 move 12 34
426 3 pick 38 5
426 4 move 41 31
427 0 move 44 21
427 1 move 30 24
427 2 move 12 33
427 3 pick 38 5
427 4 move 41 32
428 0 move 45 21
428 1 pick 31 24
428 2 move 12 32
428 3 pick 38 5
428 4 move 41 33
429 0 move 46 21
429 1 pick 31 24
429 2 move 12 31
429 3 move 37 4
429 4 move 41 34
430 0 move 47 21
430 1 pick 31 24
430 2 move 12 30
430 3 move 37 3
430 4 move 41 35
431 0 move 47 22
431 1 pick 31 24
431 2 move 12 29
431 3 move 37 2
431 4 move 41 36
432 0 move 47 23
432 1 pick 31 24
432 2 move 12 28
432 3 move 37 1
432 4 move 41 37
433 0 pick 46 23
433 1 move 30 23
433 2 move 12 27
433 3 move 37 0
433 4 move 41 38
434 0 move 48 23
434 1 move 30 22
434 2 move 12 26
434 3 fulfill 37 0
434 4 move 41 39
435 0 move 49 23
435 1 move 30 21
435 2 move 12 25
435 3 move 37 1
435 4 move 40 39
436 0 move 50 23
436 1 move 31 21
436 2 move 12 24
436 3 move 37 2
436 4 move 39 39
437 0 move 51 23
437 1 move 32 21
437 2 move 12 23
437 3 move 37 3
437 4 undock 38 39
438 0 move 52 23
438 1 move 33 21
438 2 move 12 22
438 3 pick 38 3
438 4 move 40 39
439 0 move 53 23
439 1 move 33 22
439 2 dock 11 22
439 3 pick 38 3
439 4 move 40 38
440 0 move 54 23
440 1 move 33 23
440 2 move 13 22
440 3 move 37 4
440 4 move 40 37
441 0 move 55 23
441 1 move 33 24
441 2 undock 12 22
441 3 pick 38 4
441 4 move 40 36
442 0 move 56 23
442 1 move 33 25
442 2 move 13 23
442 3 move 37 5
442 4 move 40 35
443 0 move 57 23
443 1 move 33 26
443 2 move 12 23
443 3 pick 38 5
443 4 move 40 34
444 0 move 58 23
444 1 pick 32 26
444 2 dock 12 22
444 3 pick 38 5
444 4 move 40 33
445 0 move 59 23
445 1 move 33 27
445 2 move 13 23
445 3 move 37 6
445 4 move 40 32
446 0 fulfill 59 23
446 1 move 33 28
446 2 move 14 23
446 3 pick 38 6
446 4 move 40 31
447 0 move 58 23
447 1 move 33 29
447 2 move 15 23
447 3 move 37 7
447 4 move 40 30
448 0 move 57 23
448 1 move 33 30
448 2 move 16 23
448 3 move 37 8
448 4 move 40 29
449 0 move 56 23
449 1 move 33 31
449 2 move 16 22
449 3 move 37 9
449 4 move 40 28
450 0 move 55 23
450 1 move 33 32
450 2 move 16 21
450 3 move 37 10
450 4 move 40 27
451 0 move 54 23
451 1 move 33 33
451 2 move 17 21
451 3 move 37 11
451 4 dock 39 27
452 0 move 53 23
452 1 move 33 34
452 2 move 18 21
452 3 move 37 12
452 4 move 41 27
453 0 move 52 23
453 1 move 33 35
453 2 move 19 21
453 3 move 37 13
453 4 move 41 28
454 0 move 51 23
454 1 move 33 36
454 2 move 19 22
454 3 move 37 14
454 4 move 41 29
455 0 move 50 23
455 1 move 33 37
455 2 move 19 23
455 3 move 37 15
455 4 move 41 30
456 0 move 49 23
456 1 move 33 38
456 2 move 19 24
456 3 move 37 16
456 4 move 41 31
457 0 move 48 23
457 1 move 33 39
457 2 move 19 25
457 3 move 38 16
457 4 move 41 32
458 0 move 47 23
458 1 fulfill 33 39
458 2 move 19 26
458 3 move 39 16
458 4 move 41 33
459 0 move 47 22
459 1 move 33 38
459 2 move 19 27
459 3 move 40 16
459 4 move 41 34
460 0 pick 46 22
460 1 move 33 37
460 2 move 19 28
460 3 move 40 15
460 4 move 41 35
461 0 move 47 21
461 1 move 33 36
461 2 move 19 29
461 3 move 40 14
461 4 move 41 36
462 0 move 46 21
462 1 move 34 36
462 2 move 19 30
462 3 move 40 13
462 4 move 41 37
463 0 move 45 21
463 1 move 35 36
463 2 move 19 31
463 3 move 40 12
463 4 move 41 38
464 0 move 44 21
464 1 move 36 36
464 2 move 19 32
464 3 move 40 11
464 4 move 41 39
465 0 move 44 22
465 1 move 37 36
465 2 move 19 33
465 3 move 40 10
465 4 move 40 39
466 0 move 44 23
466 1 pick 38 36
466 2 move 19 34
466 3 move 40 9
466 4 undock 39 39
467 0 move 44 24
467 1 move 37 35
467 2 move 19 35
467 3 move 40 8
467 4 move 40 38
468 0 pick 45 24
468 1 move 37 34
468 2 move 19 36
468 3 move 40 7
468 4 pick 39 38
469 0 move 44 23
469 1 move 37 33
469 2 move 19 37
469 3 move 40 6
469 4 move 40 37
470 0 move 44 22
470 1 pick 38 33
470 2 move 19 38
470 3 move 40 5
470 4 move 40 36
471 0 move 44 21
471 1 move 37 32
471 2 move 19 39
471 3 pick 39 5
471 4 move 40 35
472 0 move 44 20
472 1 pick 38 32
472 2 move 18 39
472 3 pick 39 5
472 4 move 40 34
473 0 move 44 19
473 1 pick 38 32
473 2 undock 18 38
473 3 pick 39 5
473 4 pick 39 34
474 0 move 44 18
474 1 pick 38 32
474 2 move 19 39
474 3 pick 39 5
474 4 pick 39 34
475 0 move 44 17
475 1 pick 38 32
475 2 move 19 38
475 3 move 40 4
475 4 move 40 33
476 0 move 44 16
476 1 move 37 31
476 2 move 19 37
476 3 pick 39 4
476 4 move 40 32
477 0 move 44 15
477 1 move 37 30
477 2 move 19 36
477 3 pick 39 4
477 4 pick 39 32
478 0 pick 45 15
478 1 move 37 29
478 2 move 19 35
478 3 pick 39 4
478 4 move 40 31
479 0 move 44 14
479 1 move 37 28
479 2 move 19 34
479 3 move 40 3
479 4 move 40 30
480 0 move 44 13
480 1 move 37 27
480 2 move 19 33
480 3 move 40 2
480 4 move 40 29
481 0 move 44 12
481 1 move 37 26
481 2 move 19 32
481 3 move 40 1
481 4 move 40 28
482 0 move 44 11
482 1 move 37 25
482 2 move 20 32
482 3 move 40 0
482 4 move 40 27
483 0 move 44 10
483 1 move 37 24
483 2 move 21 32
483 3 fulfill 40 0
483 4 move 40 26
484 0 pick 45 10
484 1 move 37 23
484 2 move 22 32
484 3 move 40 1
484 4 move 40 25
485 0 pick 45 10
485 1 move 37 22
485 2 move 23 32
485 3 move 40 2
485 4 move 40 24
486 0 pick 45 10
486 1 move 37 21
486 2 move 24 32
486 3 move 40 3
486 4 move 40 23
487 0 pick 45 10
487 1 move 38 21
487 2 move 25 32
487 3 pick 39 3
487 4 move 40 22
488 0 move 44 9
488 1 move 39 21
488 2 move 26 32
488 3 move 40 4
488 4 move 40 21
489 0 move 44 8
489 1 move 40 21
489 2 move 26 31
489 3 move 40 5
489 4 move 39 21
490 0 move 44 7
490 1 move 40 22
490 2 move 26 30
490 3 pick 39 5
490 4 move 38 21
491 0 move 44 6
491 1 move 40 23
491 2 move 26 29
491 3 pick 39 5
491 4 move 37 21
492 0 move 44 5
492 1 move 40 24
492 2 move 26 28
492 3 move 40 6
492 4 move 37 22
493 0 move 45 5
493 1 move 40 25
493 2 move 26 27
493 3 move 40 7
493 4 move 37 23
494 0 move 46 5
494 1 move 40 26
494 2 dock 25 27
494 3 move 40 8
494 4 move 37 24
495 0 move 47 5
495 1 move 40 27
495 2 move 27 27
495 3 move 40 9
495 4 move 37 25
496 0 move 47 6
496 1 move 40 28
496 2 move 27 28
496 3 move 40 10
496 4 move 37 26
497 0 move 47 7
497 1 move 40 29
497 2 move 27 29
497 3 move 40 11
497 4 move 37 27
498 0 move 47 8
498 1 move 40 30
498 2 move 27 30
498 3 move 40 12
498 4 move 37 28
499 0 move 47 9
499 1 move 40 31
499 2 move 27 31
499 3 move 40 13
499 4 move 37 29
500 0 pick 46 9
500 1 move 40 32
500 2 move 27 32
500 3 move 40 14
500 4 move 37 30
501 0 move 47 10
501 1 move 40 33
501 2 move 26 32
501 3 move 40 15
501 4 move 37 31
502 0 move 47 11
502 1 move 40 34
502 2 move 25 32
502 3 move 40 16
502 4 move 37 32
503 0 move 47 12
503 1 pick 39 34
503 2 move 24 32
503 3 move 39 16
503 4 pick 38 32
504 0 move 47 13
504 1 move 40 35
504 2 move 23 32
504 3 move 38 16
504 4 pick 38 32
505 0 move 47 14
505 1 pick 39 35
505 2 move 22 32
505 3 move 37 16
505 4 pick 38 32
506 0 move 47 15
506 1 move 40 34
506 2 move 21 32
506 3 move 37 15
506 4 pick 38 32
507 0 move 47 16
507 1 move 40 33
507 2 move 20 32
507 3 move 37 14
507 4 pick 38 32
508 0 move 46 16
508 1 move 40 32
508 2 move 20 33
508 3 move 37 13
508 4 pick 38 32
509 0 move 45 16
509 1 move 40 31
509 2 move 20 34
509 3 move 37 12
509 4 pick 38 32
510 0 move 44 16
510 1 move 40 30
510 2 move 20 35
510 3 move 37 11
510 4 move 37 33
511 0 move 43 16
511 1 move 41 30
511 2 move 20 36
511 3 move 37 10
511 4 move 37 34
512 0 move 42 16
512 1 move 42 30
512 2 move 20 37
512 3 move 37 9
512 4 move 37 35
513 0 move 41 16
513 1 move 43 30
513 2 move 20 38
513 3 move 37 8
513 4 move 37 36
514 0 move 40 16
514 1 move 44 30
514 2 move 20 39
514 3 move 37 7
514 4 move 37 37
515 0 move 39 16
515 1 pick 45 30
515 2 move 19 39
515 3 move 37 6
515 4 move 37 38
516 0 move 38 16
516 1 pick 45 30
516 2 move 18 39
516 3 move 37 5
516 4 move 37 39
517 0 move 37 16
517 1 move 44 31
517 2 undock 17 39
517 3 pick 38 5
517 4 fulfill 37 39
518 0 move 37 15
518 1 move 44 32
518 2 move 19 39
518 3 pick 38 5
518 4 move 37 38
519 0 move 37 14
519 1 move 44 33
519 2 move 19 38
519 3 pick 38 5
519 4 move 37 37
520 0 move 37 13
520 1 move 44 34
520 2 move 19 37
520 3 move 37 4
520 4 move 37 36
521 0 pick 38 13
521 1 move 44 35
521 2 move 19 36
521 3 pick 38 4
521 4 move 37 35
522 0 pick 38 13
522 1 move 44 36
522 2 move 19 35
522 3 move 37 5
522 4 move 37 34
523 0 move 36 13
523 1 move 44 37
523 2 move 19 34
523 3 move 37 6
523 4 move 37 33
524 0 move 35 13
524 1 move 44 38
524 2 move 19 33
524 3 pick 38 6
524 4 pick 38 33
525 0 move 34 13
525 1 move 44 39
525 2 move 19 32
525 3 move 37 5
525 4 move 37 32
526 0 move 33 13
526 1 fulfill 44 39
526 2 move 19 31
526 3 move 37 4
526 4 pick 38 32
527 0 move 33 14
527 1 move 43 39
527 2 move 19 30
527 3 move 37 3
527 4 pick 38 32
528 0 move 33 15
528 1 move 42 39
528 2 dock 18 30
528 3 move 37 2
528 4 pick 38 32
529 0 move 33 16
529 1 move 41 39
529 2 move 20 30
529 3 move 37 1
529 4 pick 38 32
530 0 move 32 16
530 1 move 40 39
530 2 move 20 31
530 3 move 37 0
530 4 move 37 31
531 0 move 31 16
531 1 move 40 38
531 2 move 20 32
531 3 fulfill 37 0
531 4 move 37 30
532 0 move 30 16
532 1 move 40 37
532 2 move 20 33
532 3 move 37 1
532 4 move 37 29
533 0 move 29 16
533 1 move 40 36
533 2 move 20 34
533 3 move 37 2
533 4 move 37 28
534 0 move 28 16
534 1 move 40 35
534 2 move 20 35
534 3 move 37 3
534 4 move 37 27
535 0 move 27 16
535 1 pick 39 35
535 2 move 20 36
535 3 move 37 4
535 4 move 37 26
536 0 move 26 16
536 2 move 20 37
536 3 pick 38 4
536 4 move 37 25
537 0 move 25 16
537 1 move 40 34
537 2 move 20 38
537 3 move 37 5
537 4 move 37 24
538 0 move 24 16
538 1 move 40 33
538 2 move 20 39
538 3 pick 38 5
538 4 move 37 23
539 0 move 23 16
539 1 move 40 32
539 2 move 19 39
539 3 pick 38 5
539 4 move 37 22
540 0 move 23 15
540 1 move 40 31
540 2 undock 18 39
540 3 pick 38 5
540 4 move 37 21
541 0 move 23 14
541 1 move 40 30
541 2 move 19 38
541 3 move 37 6
541 4 move 38 21
542 0 pick 24 14
542 1 move 40 29
542 2 move 19 37
542 3 move 37 7
542 4 move 39 21
543 0 move 23 13
543 1 move 40 28
543 2 move 19 36
543 3 move 37 8
543 4 move 40 21
544 0 move 23 12
544 1 move 40 27
544 2 move 19 35
544 3 move 37 9
544 4 move 40 22
545 0 move 23 11
545 1 move 40 26
545 2 move 19 34
545 3 move 37 10
545 4 move 40 23
546 0 move 23 10
546 1 move 40 25
546 2 pick 18 34
546 3 move 37 11
546 4 move 40 24
547 0 move 23 9
547 1 move 40 24
547 2 move 19 33
547 3 move 37 12
547 4 move 40 25
548 0 move 23 8
548 1 move 40 23
548 2 move 19 32
548 3 move 37 13
548 4 move 40 26
549 0 move 23 7
549 1 move 40 22
549 2 pick 18 32
549 3 move 37 14
549 4 move 40 27
550 0 move 23 6
550 1 move 40 21
550 2 move 19 31
550 3 move 37 15
550 4 move 40 28
551 0 move 23 5
551 1 move 39 21
551 2 move 19 30
551 3 move 37 16
551 4 move 40 29
552 0 move 23 4
552 1 move 38 21
552 2 move 19 29
552 3 move 38 16
552 4 move 40 30
553 0 move 23 3
553 1 move 37 21
553 2 move 19 28
553 3 move 39 16
553 4 move 40 31
554 0 move 23 2
554 1 move 37 22
554 2 move 19 27
554 3 move 40 16
554 4 move 40 32
555 0 move 23 1
555 1 move 37 23
555 2 move 19 26
555 3 move 40 15
555 4 move 40 33
556 0 move 23 0
556 1 move 37 24
556 2 move 19 25
556 3 move 40 14
556 4 pick 39 33
557 0 fulfill 23 0
557 1 move 37 25
557 2 move 19 24
557 3 move 40 13
557 4 move 40 34
558 0 move 23 1
558 1 move 37 26
558 2 move 19 23
558 3 move 40 12
558 4 pick 39 34
559 0 move 23 2
559 1 move 37 27
559 2 move 19 22
559 3 move 40 11
559 4 pick 39 34
560 0 move 23 3
560 1 move 37 28
560 2 move 19 21
560 3 move 40 10
560 4 move 40 35
561 0 move 23 4
561 1 move 37 29
561 2 move 18 21
561 3 move 40 9
561 4 move 40 36
562 0 move 23 5
562 1 move 37 30
562 2 move 17 21
562 3 move 40 8
562 4 move 40 37
563 0 move 24 5
563 1 move 37 31
563 2 move 16 21
563 3 move 40 7
563 4 move 40 38
564 0 move 25 5
564 1 move 37 32
564 2 move 16 22
564 3 move 40 6
564 4 move 40 39
565 0 move 26 5
565 1 move 37 33
565 2 move 16 23
565 3 move 40 5
565 4 fulfill 40 39
566 0 move 26 6
566 1 move 37 34
566 2 move 16 24
566 3 pick 39 5
566 4 move 40 38
567 0 move 26 7
567 1 move 37 35
567 2 move 16 25
567 3 move 40 4
567 4 move 40 37
568 0 pick 25 7
568 1 pick 38 35
568 2 move 16 26
568 3 move 40 3
568 4 move 40 36
569 0 move 26 8
569 1 move 37 34
569 2 move 16 27
569 3 move 40 2
569 4 move 40 35
570 0 pick 25 8
570 1 move 37 33
570 2 move 16 28
570 3 pick 39 2
570 4 move 40 34
571 0 pick 25 8
571 1 pick 38 33
571 2 move 16 29
571 3 move 40 1
571 4 move 40 33
572 0 pick 25 8
572 1 move 37 32
572 2 move 16 30
572 3 move 40 0
572 4 pick 39 33
573 0 pick 25 8
573 1 pick 38 32
573 2 move 16 31
573 3 fulfill 40 0
573 4 move 40 32
574 0 move 26 9
574 1 pick 38 32
574 2 move 16 32
574 3 move 40 1
574 4 pick 39 32
575 0 move 27 9
575 1 move 37 33
575 2 pick 17 32
575 3 move 40 2
575 4 move 40 31
576 0 move 28 9
576 1 move 37 34
576 2 pick 17 32
576 3 move 40 3
576 4 move 40 30
577 0 move 29 9
577 1 move 37 35
577 2 move 16 33
577 3 pick 39 3
577 4 move 40 29
578 0 move 30 9
578 1 move 37 36
578 2 pick 17 33
578 3 move 40 4
578 4 move 40 28
579 0 pick 31 9
579 1 move 37 37
579 2 move 16 34
579 3 pick 39 4
579 4 move 40 27
580 0 pick 31 9
580 1 pick 38 37
580 2 pick 17 34
580 3 move 40 5
580 4 move 40 26
581 0 move 30 10
581 1 move 36 37
581 2 move 16 35
581 3 pick 39 5
581 4 move 40 25
582 0 move 30 11
582 1 move 35 37
582 2 pick 17 35
582 3 pick 39 5
582 4 move 40 24
583 0 move 30 12
583 1 move 34 37
583 2 move 16 36
583 3 pick 39 5
583 4 move 40 23
584 0 move 30 13
584 1 move 33 37
584 2 move 16 37
584 3 pick 39 5
584 4 move 40 22
585 0 move 30 14
585 1 move 33 36
585 2 move 16 38
585 3 pick 39 5
585 4 move 40 21
586 0 move 30 15
586 1 move 33 35
586 2 move 16 39
586 3 move 40 6
586 4 move 39 21
587 0 move 30 16
587 1 move 33 34
587 2 fulfill 16 39
587 3 move 40 7
587 4 move 38 21
588 0 move 31 16
588 1 move 33 33
588 2 move 16 38
588 3 move 40 8
588 4 move 37 21
589 0 move 32 16
589 1 move 33 32
589 2 move 16 37
589 3 move 40 9
589 4 move 37 22
590 0 move 33 16
590 1 move 33 31
590 2 move 16 36
590 3 move 40 10
590 4 move 37 23
591 0 move 33 15
591 1 move 33 30
591 2 move 16 35
591 3 move 40 11
591 4 move 37 24
592 0 move 33 14
592 1 move 33 29
592 2 move 16 34
592 3 move 40 12
592 4 move 37 25
593 0 move 33 13
593 1 pick 32 29
593 2 move 16 33
593 3 move 40 13
593 4 move 37 26
594 0 pick 32 13
594 1 move 33 30
594 2 pick 17 33
594 3 move 40 14
594 4 move 37 27
595 0 move 33 12
595 1 move 33 31
595 2 move 16 32
595 3 move 40 15
595 4 move 37 28
596 0 move 33 11
596 1 move 33 32
596 2 pick 17 32
596 3 move 40 16
596 4 move 37 29
597 0 move 33 10
597 1 move 33 33
597 2 pick 17 32
597 3 move 39 16
597 4 move 37 30
598 0 move 33 9
598 1 move 33 34
598 2 move 16 31
598 3 move 38 16
598 4 move 37 31
599 0 move 33 8
599 1 move 33 35
599 2 move 16 30
599 3 move 37 16
599 4 move 37 32
600 0 move 33 7
600 1 move 33 36
600 2 move 16 29
600 3 move 37 15
600 4 pick 38 32
601 0 move 33 6
601 1 move 33 37
601 2 move 16 28
601 3 move 37 14
601 4 pick 38 32
602 0 move 33 5
602 1 move 33 38
602 2 move 16 27
602 3 move 37 13
602 4 pick 38 32
603 0 move 33 4
603 1 move 33 39
603 2 move 16 26
603 3 move 37 12
603 4 pick 38 32
604 0 move 33 3
604 1 fulfill 33 39
604 2 move 16 25
604 3 move 37 11
604 4 pick 38 32
605 0 move 33 2
605 1 move 33 38
605 2 move 16 24
605 3 move 37 10
605 4 pick 38 32
606 0 move 33 1
606 1 move 33 37
606 2 move 16 23
606 3 move 37 9
606 4 move 37 33
607 0 move 33 0
607 1 move 33 36
607 2 move 16 22
607 3 move 37 8
607 4 pick 38 33
608 0 fulfill 33 0
608 1 move 33 35
608 2 move 16 21
608 3 move 37 7
608 4 pick 38 33
609 0 move 33 1
609 1 move 34 35
609 2 move 17 21
609 3 move 37 6
609 4 pick 38 33
610 0 move 33 2
610 1 move 35 35
610 2 move 18 21
610 3 move 37 5
610 4 move 37 34
611 0 move 33 3
611 1 move 36 35
611 2 move 19 21
611 3 pick 38 5
611 4 move 37 35
612 0 move 33 4
612 2 move 19 22
612 3 pick 38 5
612 4 pick 38 35
613 0 move 33 5
613 1 move 37 35
613 2 move 19 23
613 3 pick 38 5
613 4 move 37 36
614 0 move 33 6
614 1 pick 38 35
614 2 move 19 24
614 3 move 37 4
614 4 move 37 37
615 0 move 33 7
615 1 move 37 34
615 2 move 19 25
615 3 pick 38 4
615 4 move 37 38
616 0 move 33 8
616 1 move 37 33
616 2 move 19 26
616 3 move 37 3
616 4 move 37 39
617 0 pick 32 8
617 1 move 37 32
617 2 move 19 27
617 3 move 37 2
617 4 fulfill 37 39
618 0 move 33 9
618 1 move 37 31
618 2 move 19 28
618 3 pick 38 2
618 4 move 37 38
619 0 pick 32 9
619 1 move 37 30
619 2 move 19 29
619 3 move 37 1
619 4 move 37 37
620 0 pick 32 9
620 1 move 37 29
620 2 move 19 30
620 3 move 37 0
620 4 move 37 36
621 0 move 33 8
621 1 move 37 28
621 2 move 19 31
621 3 fulfill 37 0
621 4 move 37 35
622 0 move 33 7
622 1 move 37 27
622 2 move 19 32
622 3 move 37 1
622 4 move 37 34
623 0 move 33 6
623 1 move 37 26
623 2 pick 18 32
623 3 move 37 2
623 4 pick 38 34
624 0 move 33 5
624 1 move 37 25
624 2 pick 18 32
624 3 pick 38 2
624 4 move 37 33
625 0 move 32 5
625 1 move 37 24
625 2 move 19 33
625 3 move 37 3
625 4 pick 38 33
626 0 move 31 5
626 1 move 37 23
626 2 pick 18 33
626 3 move 37 4
626 4 move 37 32
627 0 move 30 5
627 1 move 37 22
627 2 pick 18 33
627 3 pick 38 4
627 4 pick 38 32
628 0 move 30 6
628 1 move 37 21
628 2 move 19 34
628 3 pick 38 4
628 4 pick 38 32
629 0 move 30 7
629 1 move 38 21
629 2 move 19 35
629 3 pick 38 4
629 4 pick 38 32
630 0 pick 31 7
630 1 move 39 21
630 2 pick 18 35
630 3 move 37 5
630 4 move 37 31
631 0 move 29 7
631 1 move 40 21
631 2 move 19 36
631 3 pick 38 5
631 4 move 37 30
632 0 move 28 7
632 1 move 40 22
632 2 move 19 37
632 3 pick 38 5
632 4 move 37 29
633 0 move 27 7
633 1 move 40 23
633 2 move 19 38
633 3 pick 38 5
633 4 move 37 28
634 0 move 26 7
634 1 move 40 24
634 2 move 19 39
634 3 move 37 6
634 4 move 37 27
635 0 move 26 8
635 1 move 40 25
635 2 fulfill 19 39
635 3 move 37 7
635 4 move 37 26
636 0 pick 25 8
636 1 move 40 26
636 2 move 19 38
636 3 move 37 8
636 4 move 37 25
637 0 pick 25 8
637 1 move 40 27
637 2 move 19 37
637 3 move 37 9
637 4 move 37 24
638 0 pick 25 8
638 1 move 40 28
638 2 move 19 36
638 3 move 37 10
638 4 move 37 23
639 0 pick 25 8
639 1 move 40 29
639 2 move 19 35
639 3 move 37 11
639 4 move 37 22
640 0 move 26 9
640 1 move 40 30
640 2 move 19 34
640 3 move 37 12
640 4 move 37 21
641 0 move 26 10
641 1 move 40 31
641 2 move 19 33
641 3 move 37 13
641 4 move 38 21
642 0 move 26 11
642 1 move 40 32
642 2 move 19 32
642 3 move 37 14
642 4 move 39 21
643 0 move 26 12
643 1 move 40 33
643 2 move 19 31
643 3 move 37 15
643 4 move 40 21
644 0 move 26 13
644 1 move 40 34
644 2 move 19 30
644 3 move 37 16
644 4 move 40 22
645 0 move 26 14
645 1 move 40 35
645 2 move 19 29
645 3 move 38 16
645 4 move 40 23
646 0 move 26 15
646 1 pick 39 35
646 2 move 19 28
646 3 move 39 16
646 4 move 40 24
647 0 move 27 15
647 1 move 40 34
647 2 move 19 27
647 3 move 40 16
647 4 move 40 25
648 0 move 28 15
648 1 move 40 33
648 2 move 19 26
648 3 move 40 15
648 4 move 40 26
649 0 move 29 15
649 1 pick 39 33
649 2 move 19 25
649 3 move 40 14
649 4 move 40 27
650 0 move 30 15
650 1 move 40 32
650 2 move 19 24
650 3 move 40 13
650 4 move 40 28
651 0 pick 31 15
651 1 pick 39 32
651 2 move 19 23
651 3 move 40 12
651 4 move 40 29
652 0 move 30 14
652 1 pick 39 32
652 2 move 19 22
652 3 move 40 11
652 4 move 40 30
653 0 move 30 13
653 2 move 19 21
653 3 move 40 10
653 4 move 40 31
654 0 move 30 12
654 1 move 40 31
654 2 move 18 21
654 3 move 40 9
654 4 move 40 32
655 0 move 30 11
655 1 move 40 30
655 2 move 17 21
655 3 move 40 8
655 4 pick 39 32
656 0 move 30 10
656 1 move 40 29
656 2 move 16 21
656 3 move 40 7
656 4 move 40 33
657 0 move 30 9
657 1 move 40 28
657 2 move 16 22
657 3 move 40 6
657 4 move 40 34
658 0 move 30 8
658 1 move 40 27
658 2 move 16 23
658 3 move 40 5
658 4 move 40 35
659 0 move 30 7
659 1 move 40 26
659 2 move 16 24
659 3 pick 39 5
659 4 pick 39 35
660 0 move 30 6
660 1 move 40 25
660 2 move 16 25
660 3 move 40 4
660 4 move 40 36
661 0 move 30 5
661 1 move 40 24
661 2 move 16 26
661 3 move 40 3
661 4 move 40 37
662 0 move 30 4
662 1 move 40 23
662 2 move 16 27
662 3 move 40 2
662 4 move 40 38
663 0 move 30 3
663 1 move 40 22
663 2 move 16 28
663 3 move 40 1
663 4 move 40 39
664 0 move 30 2
664 1 move 40 21
664 2 move 16 29
664 3 move 40 0
664 4 fulfill 40 39
665 0 move 30 1
665 1 move 39 21
665 2 move 16 30
665 3 fulfill 40 0
665 4 move 40 38
666 0 move 30 0
666 1 move 38 21
666 2 move 16 31
666 3 move 40 1
666 4 move 40 37
667 0 fulfill 30 0
667 1 move 37 21
667 2 move 16 32
667 3 move 40 2
667 4 move 40 36
668 0 move 30 1
668 1 move 37 22
668 2 move 16 33
668 3 move 40 3
668 4 move 40 35
669 0 move 30 2
669 1 move 37 23
669 2 move 16 34
669 3 pick 39 3
669 4 move 40 34
670 0 move 30 3
670 1 move 37 24
670 2 move 16 35
670 3 move 40 4
670 4 move 40 33
671 0 move 30 4
671 1 move 37 25
671 2 pick 17 35
671 3 pick 39 4
671 4 move 40 32
672 0 move 30 5
672 1 move 37 26
672 2 pick 17 35
672 3 move 40 5
672 4 pick 39 32
673 0 move 30 6
673 1 move 37 27
673 2 move 16 34
673 3 pick 39 5
673 4 move 40 31
674 0 move 30 7
674 1 move 37 28
674 2 pick 17 34
674 3 pick 39 5
674 4 move 40 30
675 0 move 30 8
675 1 move 37 29
675 2 move 16 33
675 3 move 40 6
675 4 move 40 29
676 0 pick 31 8
676 1 move 37 30
676 2 pick 17 33
676 3 move 40 7
676 4 move 40 28
677 0 move 30 7
677 1 move 37 31
677 2 move 16 32
677 3 move 40 8
677 4 move 40 27
678 0 move 30 6
678 1 move 37 32
678 2 pick 17 32
678 3 move 40 9
678 4 move 40 26
679 0 move 30 5
679 1 pick 38 32
679 2 move 16 31
679 3 move 40 10
679 4 move 40 25
680 0 move 31 5
680 1 pick 38 32
680 2 move 16 30
680 3 move 40 11
680 4 move 40 24
681 0 move 32 5
681 1 pick 38 32
681 2 move 16 29
681 3 move 40 12
681 4 move 40 23
682 0 move 33 5
682 1 pick 38 32
682 2 move 16 28
682 3 move 40 13
682 4 move 40 22
683 0 move 33 6
683 1 pick 38 32
683 2 move 16 27
683 3 move 40 14
683 4 move 40 21
684 0 move 33 7
684 1 pick 38 32
684 2 move 16 26
684 3 move 40 15
684 4 move 39 21
685 0 move 33 8
685 1 move 36 32
685 2 move 16 25
685 3 move 40 16
685 4 move 38 21
686 0 pick 32 8
686 1 move 35 32
686 2 move 16 24
686 3 move 39 16
686 4 move 37 21
687 0 move 33 7
687 1 move 34 32
687 2 move 16 23
687 3 move 38 16
687 4 move 37 22
688 0 move 33 6
688 1 move 33 32
688 2 move 16 22
688 3 move 37 16
688 4 move 37 23
689 0 move 33 5
689 1 move 33 31
689 2 move 16 21
689 3 move 37 15
689 4 move 37 24
690 0 move 32 5
690 1 move 33 30
690 2 move 17 21
690 3 move 37 14
690 4 move 37 25
691 0 move 31 5
691 1 move 33 29
691 2 move 18 21
691 3 move 37 13
691 4 move 37 26
692 0 move 30 5
692 1 pick 32 29
692 2 move 19 21
692 3 move 37 12
692 4 move 37 27
693 0 move 30 6
693 1 move 33 28
693 2 move 19 22
693 3 move 37 11
693 4 move 37 28
694 0 move 30 7
694 1 move 33 27
694 2 move 19 23
694 3 move 37 10
694 4 move 37 29
695 0 move 30 8
695 1 move 33 26
695 2 move 19 24
695 3 move 37 9
695 4 move 37 30
696 0 move 30 9
696 1 move 33 25
696 2 move 19 25
696 3 move 37 8
696 4 move 37 31
697 0 move 30 10
697 1 move 33 24
697 2 move 19 26
697 3 move 37 7
697 4 move 37 32
698 0 move 30 11
698 1 move 33 23
698 2 move 19 27
698 3 move 37 6
698 4 pick 38 32
699 0 pick 31 11
699 1 move 33 22
699 2 move 19 28
699 3 move 37 5
699 4 pick 38 32
700 0 move 30 12
700 1 move 33 21
700 2 move 19 29
700 3 pick 38 5
700 4 pick 38 32
701 0 move 30 13
701 1 move 32 21
701 2 move 19 30
701 3 pick 38 5
701 4 pick 38 32
702 0 pick 31 13
702 1 move 31 21
702 2 move 19 31
702 3 pick 38 5
702 4 pick 38 32
703 0 move 30 14
703 1 move 30 21
703 2 move 19 32
703 3 pick 38 5
703 4 pick 38 32
704 0 move 30 15
704 1 move 29 21
704 2 pick 18 32
704 3 pick 38 5
704 4 pick 38 32
705 0 pick 31 15
705 1 move 28 21
705 2 move 19 33
705 3 move 37 4
705 4 move 37 33
706 0 pick 31 15
706 1 move 27 21
706 2 move 19 34
706 3 pick 38 4
706 4 pick 38 33
707 0 move 30 16
707 1 move 26 21
707 2 move 19 35
707 3 pick 38 4
707 4 move 37 34
708 0 move 30 17
708 1 move 25 21
708 2 move 19 36
708 3 move 37 3
708 4 move 37 35
709 0 move 30 18
709 1 move 24 21
709 2 move 19 37
709 3 pick 38 3
709 4 pick 38 35
710 0 move 30 19
710 1 move 23 21
710 2 move 19 38
710 3 move 37 2
710 4 move 37 36
711 0 move 30 20
711 1 move 23 22
711 2 move 19 39
711 3 move 37 1
711 4 move 37 37
712 0 move 30 21
712 1 move 23 23
712 2 fulfill 19 39
712 3 pick 38 1
712 4 move 37 38
713 0 move 30 22
713 1 move 23 24
713 2 move 19 38
713 3 move 37 0
713 4 move 37 39
714 0 pick 31 22
714 1 pick 24 24
714 2 move 19 37
714 3 fulfill 37 0
714 4 fulfill 37 39
715 0 pick 31 22
715 1 move 23 25
715 2 move 19 36
715 3 move 37 1
715 4 move 37 38
716 0 pick 31 22
716 1 move 23 26
716 2 move 19 35
716 3 pick 38 1
716 4 move 37 37
717 0 move 30 23
717 1 move 23 27
717 2 pick 18 35
717 3 move 37 2
717 4 move 37 36
718 0 move 30 24
718 1 move 23 28
718 2 move 19 34
718 3 pick 38 2
718 4 pick 38 36
719 0 move 30 25
719 1 move 23 29
719 2 move 19 33
719 3 move 37 3
719 4 move 37 35
720 0 move 30 26
720 1 move 23 30
720 2 pick 18 33
720 3 move 37 4
720 4 move 37 34
721 0 move 30 27
721 1 move 23 31
721 2 move 19 32
721 3 pick 38 4
721 4 move 37 33
722 0 move 30 28
722 1 move 23 32
722 2 pick 18 32
722 3 pick 38 4
722 4 move 37 32
723 0 move 30 29
723 1 move 23 33
723 2 move 19 31
723 3 move 37 5
723 4 pick 38 32
724 0 move 30 30
724 1 move 23 34
724 2 move 19 30
724 3 pick 38 5
724 4 pick 38 32
725 0 move 30 31
725 1 move 23 35
725 2 move 19 29
725 3 pick 38 5
725 4 pick 38 32
726 0 move 30 32
726 1 move 23 36
726 2 move 19 28
726 3 pick 38 5
726 4 move 37 31
727 0 move 30 33
727 1 move 23 37
727 2 move 19 27
727 3 move 37 6
727 4 move 37 30
728 0 move 30 34
728 1 move 23 38
728 2 move 19 26
728 3 move 37 7
728 4 move 37 29
729 0 move 30 35
729 1 move 23 39
729 2 move 19 25
729 3 move 37 8
729 4 move 37 28
730 0 move 30 36
730 1 fulfill 23 39
730 2 move 19 24
730 3 move 37 9
730 4 move 37 27
731 0 move 30 37
731 1 move 22 39
731 2 move 19 23
731 3 move 37 10
731 4 move 37 26
732 0 move 30 38
732 1 move 21 39
732 2 move 19 22
732 3 move 37 11
732 4 move 37 25
733 0 move 30 39
733 1 move 20 39
733 2 move 19 21
733 3 move 37 12
733 4 move 37 24
734 0 fulfill 30 39
734 1 move 19 39
734 2 move 18 21
734 3 move 37 13
734 4 move 37 23
735 0 move 30 38
735 1 move 19 38
735 2 move 17 21
735 3 move 37 14
735 4 move 37 22
736 0 move 30 37
736 1 move 19 37
736 2 move 16 21
736 3 move 37 15
736 4 move 37 21
737 0 move 30 36
737 1 pick 18 37
737 2 move 16 22
737 3 move 37 16
737 4 move 38 21
738 0 move 30 35
738 1 move 19 36
738 2 move 16 23
738 3 move 38 16
738 4 move 39 21
739 0 move 30 34
739 1 move 19 35
739 2 move 16 24
739 3 move 39 16
739 4 move 40 21
740 0 move 30 33
740 1 move 19 34
740 2 move 16 25
740 3 move 40 16
740 4 move 40 22
741 0 move 30 32
741 1 move 19 33
741 2 move 16 26
741 3 move 40 15
741 4 move 40 23
742 0 move 30 31
742 1 pick 18 33
742 2 move 16 27
742 3 move 40 14
742 4 move 40 24
743 0 move 30 30
743 1 pick 18 33
743 2 move 16 28
743 3 move 40 13
743 4 move 40 25
744 0 move 30 29
744 1 move 19 32
744 2 move 16 29
744 3 move 40 12
744 4 move 40 26
745 0 pick 31 29
745 1 move 19 31
745 2 move 16 30
745 3 move 40 11
745 4 move 40 27
746 0 move 30 28
746 1 move 19 30
746 2 move 16 31
746 3 move 40 10
746 4 move 40 28
747 0 move 30 27
747 1 move 19 29
747 2 move 16 32
747 3 move 40 9
747 4 move 40 29
748 0 move 30 26
748 1 move 19 28
748 2 pick 17 32
748 3 move 40 8
748 4 move 40 30
749 0 move 30 25
749 1 move 19 27
749 2 pick 17 32
749 3 move 40 7
749 4 move 40 31
750 0 move 30 24
750 1 move 19 26
750 2 pick 17 32
750 3 move 40 6
750 4 move 40 32
751 0 pick 31 24
751 1 move 19 25
751 2 pick 17 32
751 3 move 40 5
751 4 move 40 33
752 0 pick 31 24
752 1 move 19 24
752 2 pick 17 32
752 3 pick 39 5
752 4 pick 39 33
753 0 pick 31 24
753 1 move 19 23
753 2 move 16 33
753 3 pick 39 5
753 4 move 40 34
754 0 pick 31 24
754 1 move 19 22
754 2 pick 17 33
754 3 move 40 4
754 4 pick 39 34
755 0 pick 31 24
755 1 move 19 21
755 2 pick 17 33
755 3 move 40 3
755 4 pick 39 34
756 0 move 29 24
756 1 move 18 21
756 2 pick 17 33
756 3 move 40 2
756 4 move 40 35
757 0 move 28 24
757 1 move 17 21
757 2 move 16 34
757 3 pick 39 2
757 4 move 40 36
758 0 move 27 24
758 1 move 16 21
758 2 pick 17 34
758 3 move 40 1
758 4 move 40 37
759 0 move 26 24
759 1 move 16 22
759 2 pick 17 34
759 3 move 40 0
759 4 move 40 38
760 0 move 26 25
760 1 move 16 23
760 2 move 16 35
760 3 fulfill 40 0
760 4 move 40 39
761 0 pick 25 25
761 1 move 16 24
761 2 move 16 36
761 3 move 40 1
761 4 fulfill 40 39
762 0 move 26 26
762 1 move 16 25
762 2 pick 17 36
762 3 pick 39 1
762 4 move 40 38
763 0 pick 25 26
763 1 move 16 26
763 2 move 16 37
763 3 move 40 2
763 4 move 40 37
764 0 move 26 25
764 1 move 16 27
764 2 move 16 38
764 3 move 40 3
764 4 move 40 36
765 0 move 26 24
765 1 move 16 28
765 2 move 16 39
765 3 move 40 4
765 4 pick 39 36
766 0 move 26 23
766 1 move 16 29
766 2 fulfill 16 39
766 3 pick 39 4
766 4 move 40 35
767 0 move 26 22
767 1 move 16 30
767 2 move 16 38
767 3 move 40 5
767 4 move 40 34
768 0 move 26 21
768 1 move 16 31
768 2 move 16 37
768 3 move 40 6
768 4 move 40 33
769 0 move 26 20
769 1 move 16 32
769 2 move 16 36
769 3 move 40 7
769 4 move 40 32
770 0 move 26 19
770 1 pick 17 32
770 2 pick 17 36
770 3 move 40 8
770 4 move 40 31
771 0 move 26 18
771 1 pick 17 32
771 2 pick 17 36
771 3 move 40 9
771 4 move 40 30
772 0 move 26 17
772 1 pick 17 32
772 2 move 16 35
772 3 move 40 10
772 4 move 40 29
773 0 move 26 16
773 1 pick 17 32
773 2 move 16 34
773 3 move 40 11
773 4 move 40 28
774 0 move 26 15
774 1 pick 17 32
774 2 pick 17 34
774 3 move 40 12
774 4 move 40 27
775 0 move 26 14
775 1 pick 17 32
775 2 move 16 33
775 3 move 40 13
775 4 move 40 26
776 0 move 26 13
776 1 move 16 31
776 2 move 16 32
776 3 move 40 14
776 4 move 40 25
777 0 pick 25 13
777 1 move 16 30
777 2 pick 17 32
777 3 move 40 15
777 4 move 40 24
778 0 move 26 14
778 1 pick 17 30
778 2 pick 17 32
778 3 move 40 16
778 4 move 40 23
779 0 move 27 14
779 1 move 15 30
779 2 pick 17 32
779 3 move 39 16
779 4 move 40 22
780 0 move 28 14
780 1 move 14 30
780 2 pick 17 32
780 3 move 38 16
780 4 move 40 21
781 0 move 29 14
781 1 move 13 30
781 2 move 16 31
781 3 move 37 16
781 4 move 39 21
782 0 move 30 14
782 1 move 12 30
782 2 move 16 30
782 3 move 37 15
782 4 move 38 21
783 0 move 30 15
783 1 move 12 29
783 2 move 16 29
783 3 move 37 14
783 4 move 37 21
784 0 move 30 16
784 1 pick 11 29
784 2 move 16 28
784 3 move 37 13
784 4 move 37 22
785 0 move 31 16
785 1 move 12 30
785 2 move 16 27
785 3 move 37 12
785 4 move 37 23
786 0 move 32 16
786 1 move 12 31
786 2 move 16 26
786 3 move 37 11
786 4 move 37 24
787 0 move 33 16
787 1 move 12 32
787 2 move 16 25
787 3 move 37 10
787 4 move 37 25
788 0 move 34 16
788 1 move 12 33
788 2 move 16 24
788 3 move 37 9
788 4 move 37 26
789 0 move 35 16
789 1 move 12 34
789 2 move 16 23
789 3 move 37 8
789 4 move 37 27
790 0 move 36 16
790 1 move 12 35
790 2 move 16 22
790 3 move 37 7
790 4 move 37 28
791 0 move 37 16
791 1 move 12 36
791 2 move 16 21
791 3 move 37 6
791 4 move 37 29
792 0 move 38 16
792 1 move 12 37
792 2 move 17 21
792 3 move 37 5
792 4 move 37 30
793 0 move 39 16
793 1 move 12 38
793 2 move 18 21
793 3 pick 38 5
793 4 move 37 31
794 0 move 40 16
794 1 move 12 39
794 2 move 19 21
794 3 pick 38 5
794 4 move 37 32
795 0 move 41 16
795 1 fulfill 12 39
795 2 move 19 22
795 3 pick 38 5
795 4 move 37 33
796 0 move 42 16
796 1 move 11 39
796 2 move 19 23
796 3 move 37 4
796 4 pick 38 33
797 0 move 43 16
797 1 move 10 39
797 2 move 19 24
797 3 move 37 3
797 4 move 37 32
798 0 move 44 16
798 1 move 10 38
798 2 move 19 25
798 3 move 37 2
798 4 pick 38 32
799 0 move 45 16
799 1 move 10 37
799 2 move 19 26
799 3 pick 38 2
799 4 pick 38 32
800 0 move 46 16
800 1 move 10 36
800 2 move 19 27
800 3 move 37 1
800 4 pick 38 32
801 0 move 47 16
801 1 move 10 35
801 2 move 19 28
801 3 move 37 0
801 4 move 37 33
802 0 move 47 15
802 1 move 10 34
802 2 move 19 29
802 3 fulfill 37 0
802 4 move 37 34
803 0 move 47 14
803 1 move 10 33
803 2 move 19 30
803 3 pick 38 0
803 4 move 37 35
804 0 pick 46 14
804 1 move 10 32
804 2 move 19 31
804 3 move 37 1
804 4 move 37 36
805 0 move 48 14
805 1 pick 10 31
805 2 move 19 32
805 3 move 37 2
805 4 move 37 37
806 0 move 49 14
806 1 move 11 32
806 2 pick 18 32
806 3 pick 38 2
806 4 move 37 38
807 0 move 50 14
807 1 move 12 32
807 2 pick 18 32
807 3 move 37 3
807 4 move 37 39
808 0 move 51 14
808 1 move 12 31
808 2 move 19 33
808 3 move 37 4
808 4 fulfill 37 39
809 0 move 52 14
809 1 move 12 30
809 2 pick 18 33
809 3 move 37 5
809 4 move 37 38
810 0 move 53 14
810 1 move 12 29
810 2 move 19 34
810 3 pick 38 5
810 4 move 37 37
811 0 move 54 14
811 1 move 12 28
811 2 move 19 35
811 3 pick 38 5
811 4 pick 38 37
812 0 move 55 14
812 1 pick 11 28
812 2 move 19 36
812 3 pick 38 5
812 4 move 37 36
813 0 move 56 14
813 1 move 13 28
813 2 move 19 37
813 3 move 37 6
813 4 move 37 35
814 0 move 57 14
814 1 move 14 28
814 2 pick 18 37
814 3 move 37 7
814 4 move 37 34
815 0 move 58 14
815 1 move 15 28
815 2 move 19 38
815 3 move 37 8
815 4 pick 38 34
816 0 move 59 14
816 1 move 16 28
816 2 move 19 39
816 3 move 37 9
816 4 move 37 33
817 0 fulfill 59 14
817 1 pick 17 28
817 2 fulfill 19 39
817 3 move 37 10
817 4 pick 38 33
818 0 move 58 14
818 1 pick 17 28
818 2 move 19 38
818 3 move 37 11
818 4 move 37 32
819 0 move 58 15
819 1 pick 17 28
819 2 move 19 37
819 3 move 37 12
819 4 pick 38 32
820 0 move 57 15
820 1 pick 17 28
820 2 move 19 36
820 3 move 37 13
820 4 pick 38 32
821 0 move 56 15
821 1 pick 17 28
821 2 move 19 35
821 3 move 37 14
821 4 pick 38 32
822 0 move 55 15
822 1 pick 17 28
822 2 move 19 34
822 3 move 37 15
822 4 move 37 31
823 0 move 54 15
823 1 move 16 29
823 2 move 19 33
823 3 move 37 16
823 4 move 37 30
824 0 move 53 15
824 1 move 16 30
824 2 move 19 32
824 3 move 38 16
824 4 move 37 29
825 0 move 52 15
825 1 move 16 31
825 2 move 19 31
825 3 move 39 16
825 4 move 37 28
826 0 move 51 15
826 1 move 16 32
826 2 move 19 30
826 3 move 40 16
826 4 move 37 27
827 0 move 50 15
827 1 pick 17 32
827 2 move 19 29
827 3 move 40 15
827 4 move 37 26
828 0 move 49 15
828 1 pick 17 32
828 2 move 19 28
828 3 move 40 14
828 4 move 37 25
829 0 move 48 15
829 1 move 16 31
829 2 move 19 27
829 3 move 40 13
829 4 move 37 24
830 0 move 47 15
830 1 move 16 30
830 2 move 19 26
830 3 move 40 12
830 4 move 37 23
831 0 move 47 16
831 1 move 16 29
831 2 move 19 25
831 3 move 40 11
831 4 move 37 22
832 0 move 46 16
832 1 move 16 28
832 2 move 19 24
832 3 move 40 10
832 4 move 37 21
833 0 move 45 16
833 1 move 16 27
833 2 move 19 23
833 3 move 40 9
833 4 move 38 21
834 0 move 44 16
834 1 move 16 26
834 2 move 19 22
834 3 move 40 8
834 4 move 39 21
835 0 move 44 15
835 1 move 16 25
835 2 move 19 21
835 3 move 40 7
835 4 move 40 21
836 0 pick 45 15
836 1 move 16 24
836 2 move 18 21
836 3 move 40 6
836 4 move 40 22
837 0 pick 45 15
837 1 move 16 23
837 2 move 17 21
837 3 move 40 5
837 4 move 40 23
838 0 move 44 14
838 1 move 16 22
838 2 move 16 21
838 3 pick 39 5
838 4 move 40 24
839 0 move 44 13
839 1 move 16 21
839 2 move 16 22
839 3 move 40 4
839 4 move 40 25
840 0 move 44 12
840 1 move 17 21
840 2 move 16 23
840 3 pick 39 4
840 4 move 40 26
841 0 move 44 11
841 1 move 18 21
841 2 move 16 24
841 3 pick 39 4
841 4 move 40 27
842 0 move 44 10
842 1 move 19 21
842 2 move 16 25
842 3 move 40 3
842 4 move 40 28
843 0 pick 45 10
843 1 move 19 22
843 2 move 16 26
843 3 move 40 2
843 4 move 40 29
844 0 pick 45 10
844 1 move 19 23
844 2 move 16 27
844 3 move 40 1
844 4 move 40 30
845 0 pick 45 10
845 1 move 19 24
845 2 move 16 28
845 3 move 40 0
845 4 move 40 31
846 0 pick 45 10
846 1 move 19 25
846 2 move 16 29
846 3 fulfill 40 0
846 4 move 40 32
847 0 pick 45 10
847 1 move 19 26
847 2 move 16 30
847 3 pick 39 0
847 4 move 40 33
848 0 move 44 9
848 1 move 19 27
848 2 move 16 31
848 3 move 40 1
848 4 move 40 34
849 0 move 44 8
849 1 move 19 28
849 2 move 16 32
849 3 pick 39 1
849 4 pick 39 34
850 0 move 44 7
850 1 move 19 29
850 2 move 16 33
850 3 move 40 2
850 4 move 40 35
851 0 move 44 6
851 1 move 19 30
851 2 move 16 34
851 3 move 40 3
851 4 move 40 36
852 0 pick 45 6
852 1 move 19 31
852 2 move 16 35
852 3 move 40 4
852 4 move 40 37
853 0 move 44 5
853 1 move 19 32
853 2 move 16 36
853 3 pick 39 4
853 4 move 40 38
854 0 move 45 5
854 1 move 19 33
854 2 move 16 37
854 3 move 40 5
854 4 move 40 39
855 0 move 46 5
855 1 move 19 34
855 2 pick 17 37
855 3 pick 39 5
855 4 fulfill 40 39
856 0 move 47 5
856 1 move 19 35
856 2 move 16 36
856 3 move 40 6
856 4 move 40 38
857 0 move 47 6
857 1 pick 18 35
857 2 move 16 35
857 3 move 40 7
857 4 move 40 37
858 0 move 47 7
858 1 move 19 34
858 2 move 16 34
858 3 move 40 8
858 4 pick 39 37
859 0 move 47 8
859 1 move 19 33
859 2 move 16 33
859 3 move 40 9
859 4 move 40 36
860 0 move 47 9
860 1 move 19 32
860 2 pick 17 33
860 3 move 40 10
860 4 move 40 35
861 0 move 47 10
861 1 move 19 31
861 2 move 16 32
861 3 move 40 11
861 4 move 40 34
862 0 move 47 11
862 1 move 19 30
862 2 pick 17 32
862 3 move 40 12
862 4 pick 39 34
863 0 move 47 12
863 1 move 19 29
863 2 pick 17 32
863 3 move 40 13
863 4 move 40 33
864 0 pick 46 12
864 1 move 20 29
864 2 pick 17 32
864 3 move 40 14
864 4 pick 39 33
865 0 move 47 13
865 1 move 21 29
865 2 pick 17 32
865 3 move 40 15
865 4 move 40 32
866 0 move 47 14
866 1 move 22 29
866 2 pick 17 32
866 3 move 40 16
866 4 pick 39 32
867 0 move 47 15
867 1 move 23 29
867 2 pick 17 32
867 3 move 39 16
867 4 move 40 31
868 0 move 47 16
868 1 pick 24 29
868 2 move 16 31
868 3 move 38 16
868 4 move 40 30
869 0 move 46 16
869 1 move 23 30
869 2 move 16 30
869 3 move 37 16
869 4 pick 39 30
870 0 move 45 16
870 1 move 23 31
870 2 move 16 29
870 3 move 37 15
870 4 move 40 29
871 0 move 44 16
871 1 move 23 32
871 2 move 16 28
871 3 move 37 14
871 4 move 40 28
872 0 move 43 16
872 1 move 23 33
872 2 move 16 27
872 3 move 37 13
872 4 move 40 27
873 0 move 42 16
873 1 move 23 34
873 2 move 16 26
873 3 move 37 12
873 4 move 40 26
874 0 move 41 16
874 1 move 23 35
874 2 move 16 25
874 3 move 37 11
874 4 move 40 25
875 0 move 40 16
875 1 move 23 36
875 2 move 16 24
875 3 move 37 10
875 4 move 40 24
876 0 move 40 15
876 1 move 23 37
876 2 move 16 23
876 3 move 37 9
876 4 move 40 23
877 0 move 40 14
877 1 move 23 38
877 2 move 16 22
877 3 move 37 8
877 4 move 40 22
878 0 move 40 13
878 1 move 23 39
878 2 move 16 21
878 3 move 37 7
878 4 move 40 21
879 0 move 40 12
879 1 fulfill 23 39
879 2 move 17 21
879 3 move 37 6
879 4 move 39 21
880 0 pick 39 12
880 1 move 22 39
880 2 move 18 21
880 3 move 37 5
880 4 move 38 21
881 0 move 40 13
881 1 move 21 39
881 2 move 19 21
881 3 pick 38 5
881 4 move 37 21
882 0 move 40 14
882 1 move 20 39
882 2 move 19 22
882 3 pick 38 5
882 4 move 37 22
883 0 move 40 15
883 1 move 20 38
883 2 move 19 23
883 3 pick 38 5
883 4 move 37 23
884 0 move 40 16
884 1 move 20 37
884 2 move 19 24
884 3 pick 38 5
884 4 move 37 24
885 0 move 39 16
885 1 move 20 36
885 2 move 19 25
885 3 pick 38 5
885 4 move 37 25
886 0 move 38 16
886 1 move 20 35
886 2 move 19 26
886 3 move 37 4
886 4 move 37 26
887 0 move 37 16
887 1 move 20 34
887 2 move 19 27
887 3 pick 38 4
887 4 move 37 27
888 0 move 37 15
888 1 move 20 33
888 2 move 19 28
888 3 move 37 3
888 4 move 37 28
889 0 move 37 14
889 1 move 20 32
889 2 move 19 29
889 3 pick 38 3
889 4 move 37 29
890 0 move 37 13
890 1 move 20 31
890 2 move 19 30
890 3 move 37 2
890 4 move 37 30
891 0 pick 38 13
891 1 move 20 30
891 2 move 19 31
891 3 pick 38 2
891 4 move 37 31
892 0 move 36 13
892 1 move 19 30
892 2 move 19 32
892 3 move 37 1
892 4 move 37 32
893 0 move 35 13
893 1 move 19 29
893 2 pick 18 32
893 3 move 37 0
893 4 pick 38 32
894 0 move 34 13
894 1 move 19 28
894 2 move 19 33
894 3 fulfill 37 0
894 4 pick 38 32
895 0 move 33 13
895 1 move 19 27
895 2 move 19 34
895 3 pick 38 0
895 4 pick 38 32
896 0 move 33 14
896 1 move 19 26
896 2 move 19 35
896 3 move 37 1
896 4 pick 38 32
897 0 move 33 15
897 1 move 19 25
897 2 move 19 36
897 3 move 37 2
897 4 pick 38 32
898 0 move 33 16
898 1 move 19 24
898 2 move 19 37
898 3 move 37 3
898 4 pick 38 32
899 0 move 32 16
899 1 move 19 23
899 2 move 19 38
899 3 move 37 4
899 4 pick 38 32
900 0 move 31 16
900 1 move 19 22
900 2 move 19 39
900 3 move 37 5
900 4 move 37 33
901 0 move 30 16
901 1 move 19 21
901 2 fulfill 19 39
901 3 move 37 6
901 4 pick 38 33
902 0 move 29 16
902 1 move 18 21
902 2 move 19 38
902 3 move 37 7
902 4 move 37 34
903 0 move 28 16
903 1 move 17 21
903 2 move 19 37
903 3 move 37 8
903 4 move 37 35
904 0 move 27 16
904 1 move 16 21
904 2 pick 18 37
904 3 move 37 9
904 4 pick 38 35
905 0 move 26 16
905 1 move 16 22
905 2 move 19 36
905 3 move 37 10
905 4 move 37 36
906 0 move 25 16
906 1 move 16 23
906 2 move 19 35
906 3 move 37 11
906 4 pick 38 36
907 0 move 24 16
907 1 move 16 24
907 2 pick 18 35
907 3 move 37 12
907 4 move 37 37
908 0 move 23 16
908 1 move 16 25
908 2 move 19 34
908 3 move 37 13
908 4 move 37 38
909 0 move 23 15
909 1 move 16 26
909 2 move 19 33
909 3 move 37 14
909 4 move 37 39
910 0 move 23 14
910 1 move 16 27
910 2 move 19 32
910 3 move 37 15
910 4 fulfill 37 39
911 0 pick 24 14
911 1 move 16 28
911 2 pick 18 32
911 3 move 37 16
911 4 move 37 38
912 0 move 23 13
912 1 move 16 29
912 2 pick 18 32
912 3 move 38 16
912 4 move 37 37
913 0 move 23 12
913 1 move 16 30
913 2 pick 18 32
913 3 move 39 16
913 4 pick 38 37
914 0 move 23 11
914 1 move 16 31
914 2 pick 18 32
914 3 move 40 16
914 4 move 37 36
915 0 move 23 10
915 1 move 16 32
915 2 move 19 31
915 3 move 40 15
915 4 move 37 35
916 0 move 23 9
916 1 move 16 33
916 2 move 19 30
916 3 move 40 14
916 4 pick 38 35
917 0 move 23 8
917 1 move 16 34
917 2 move 19 29
917 3 move 40 13
917 4 move 37 34
918 0 move 23 7
918 1 move 16 35
918 2 move 19 28
918 3 move 40 12
918 4 move 37 33
919 0 move 23 6
919 1 move 16 36
919 2 move 19 27
919 3 move 40 11
919 4 move 37 32
920 0 move 23 5
920 1 move 16 37
920 2 move 19 26
920 3 move 40 10
920 4 pick 38 32
921 0 move 23 4
921 1 pick 17 37
921 2 move 19 25
921 3 move 40 9
921 4 pick 38 32
922 0 move 23 3
922 1 move 16 36
922 2 move 19 24
922 3 move 40 8
922 4 pick 38 32
923 0 move 23 2
923 1 pick 17 36
923 2 move 19 23
923 3 move 40 7
923 4 move 37 31
924 0 move 23 1
924 1 pick 17 36
924 2 move 19 22
924 3 move 40 6
924 4 move 37 30
925 0 move 23 0
925 1 move 16 35
925 2 move 19 21
925 3 move 40 5
925 4 move 37 29
926 0 fulfill 23 0
926 1 move 16 34
926 2 move 18 21
926 3 move 40 4
926 4 move 37 28
927 0 move 23 1
927 1 move 16 33
927 2 move 17 21
927 3 move 40 3
927 4 move 37 27
928 0 move 23 2
928 1 move 16 32
928 2 move 16 21
928 3 move 40 2
928 4 move 37 26
929 0 move 23 3
929 1 pick 17 32
929 2 move 16 22
929 3 pick 39 2
929 4 move 37 25
930 0 move 23 4
930 1 pick 17 32
930 2 move 16 23
930 3 move 40 3
930 4 move 37 24
931 0 move 23 5
931 1 pick 17 32
931 2 move 16 24
931 3 move 40 4
931 4 move 37 23
932 0 move 23 6
932 2 move 16 25
932 3 pick 39 4
932 4 move 37 22
933 0 move 23 7
933 1 move 16 31
933 2 move 16 26
933 3 move 40 5
933 4 move 37 21
934 0 move 23 8
934 1 move 16 30
934 2 move 16 27
934 3 pick 39 5
934 4 move 38 21
935 0 move 23 9
935 1 move 16 29
935 2 move 16 28
935 3 move 40 6
935 4 move 39 21
936 0 pick 24 9
936 1 move 16 28
936 2 move 16 29
936 3 move 40 7
936 4 move 40 21
937 0 move 23 10
937 1 move 16 27
937 2 move 16 30
937 3 move 40 8
937 4 move 40 22
938 0 move 23 11
938 1 move 16 26
938 2 move 16 31
938 3 move 40 9
938 4 move 40 23
939 0 move 23 12
939 1 move 16 25
939 2 move 16 32
939 3 move 40 10
939 4 move 40 24
940 0 pick 24 12
940 1 move 16 24
940 2 pick 17 32
940 3 move 40 11
940 4 move 40 25
941 0 pick 24 12
941 1 move 16 23
941 2 pick 17 32
941 3 move 40 12
941 4 move 40 26
942 0 pick 24 12
942 1 move 16 22
942 2 pick 17 32
942 3 move 40 13
942 4 move 40 27
943 0 pick 24 12
943 1 move 16 21
943 2 pick 17 32
943 3 move 40 14
943 4 move 40 28
944 0 move 22 12
944 1 move 17 21
944 2 pick 17 32
944 3 move 40 15
944 4 move 40 29
945 0 move 21 12
945 1 move 18 21
945 2 move 16 33
945 3 move 40 16
945 4 move 40 30
946 0 move 20 12
946 1 move 19 21
946 2 pick 17 33
946 3 move 39 16
946 4 move 40 31
947 0 move 19 12
947 1 move 19 22
947 2 move 16 34
947 3 move 38 16
947 4 move 40 32
948 0 move 19 13
948 1 move 19 23
948 2 move 16 35
948 3 move 37 16
948 4 move 40 33
949 0 move 19 14
949 1 move 19 24
949 2 pick 17 35
949 3 move 37 15
949 4 move 40 34
950 0 move 19 15
950 1 move 19 25
950 2 move 16 36
950 3 move 37 14
950 4 move 40 35
951 0 pick 18 15
951 1 move 19 26
951 2 move 16 37
951 3 move 37 13
951 4 pick 39 35
952 0 move 19 16
952 1 move 19 27
952 2 move 16 38
952 3 move 37 12
952 4 move 40 36
953 0 move 18 16
953 1 move 19 28
953 2 move 16 39
953 3 move 37 11
953 4 pick 39 36
954 0 move 17 16
954 1 move 19 29
954 2 fulfill 16 39
954 3 move 37 10
954 4 move 40 37
955 0 move 16 16
955 1 move 19 30
955 2 move 16 38
955 3 move 37 9
955 4 move 40 38
956 0 move 16 15
956 1 move 19 31
956 2 pick 17 38
956 3 move 37 8
956 4 move 40 39
957 0 move 16 14
957 1 move 19 32
957 2 move 16 37
957 3 move 37 7
957 4 fulfill 40 39
958 0 move 16 13
958 1 pick 18 32
958 2 move 16 36
958 3 move 37 6
958 4 move 40 38
959 0 move 16 12
959 1 move 19 33
959 2 move 16 35
959 3 move 37 5
959 4 move 40 37
960 0 move 16 11
960 1 pick 18 33
960 2 move 16 34
960 3 pick 38 5
960 4 move 40 36
961 0 pick 17 11
961 1 move 19 32
961 2 move 16 33
961 3 pick 38 5
961 4 pick 39 36
962 0 move 16 10
962 1 move 19 31
962 2 pick 17 33
962 3 move 37 4
962 4 pick 39 36
963 0 move 16 9
963 1 move 19 30
963 2 pick 17 33
963 3 move 37 3
963 4 move 40 35
964 0 move 16 8
964 1 move 19 29
964 2 pick 17 33
964 3 move 37 2
964 4 move 40 34
965 0 move 16 7
965 1 move 20 29
965 2 move 16 32
965 3 move 37 1
965 4 pick 39 34
966 0 move 16 6
966 1 move 21 29
966 2 pick 17 32
966 3 move 37 0
966 4 move 40 33
967 0 move 16 5
967 1 move 22 29
967 2 pick 17 32
967 3 fulfill 37 0
967 4 pick 39 33
968 0 move 16 4
968 1 move 23 29
968 2 pick 17 32
968 3 move 37 1
968 4 move 40 32
969 0 move 16 3
969 1 pick 24 29
969 2 pick 17 32
969 3 move 37 2
969 4 pick 39 32
970 0 move 16 2
970 1 move 23 30
970 2 pick 17 32
970 3 pick 38 2
970 4 move 40 31
971 0 move 16 1
971 1 move 23 31
971 2 move 16 31
971 3 move 37 3
971 4 move 40 30
972 0 move 16 0
972 1 move 23 32
972 2 move 16 30
972 3 move 37 4
972 4 pick 39 30
973 0 fulfill 16 0
973 1 move 23 33
973 2 move 16 29
973 3 move 37 5
973 4 move 40 29
974 0 move 16 1
974 1 move 23 34
974 2 move 16 28
974 3 pick 38 5
974 4 move 40 28
975 0 move 16 2
975 1 move 23 35
975 2 move 16 27
975 3 pick 38 5
975 4 move 40 27
976 0 move 16 3
976 1 move 23 36
976 2 move 16 26
976 3 pick 38 5
976 4 move 40 26
977 0 move 16 4
977 1 move 23 37
977 2 move 16 25
977 3 move 37 6
977 4 move 40 25
978 0 move 16 5
978 1 move 23 38
978 2 move 16 24
978 3 move 37 7
978 4 move 40 24
979 0 move 17 5
979 1 move 23 39
979 2 move 16 23
979 3 move 37 8
979 4 move 40 23
980 0 move 18 5
980 1 fulfill 23 39
980 2 move 16 22
980 3 move 37 9
980 4 move 40 22
981 0 move 19 5
981 1 move 22 39
981 2 move 16 21
981 3 move 37 10
981 4 move 40 21
982 0 move 19 6
982 1 move 21 39
982 2 move 17 21
982 3 move 37 11
982 4 move 39 21
983 0 move 19 7
983 1 move 20 39
983 2 move 18 21
983 3 move 37 12
983 4 move 38 21
984 0 pick 18 7
984 1 move 19 39
984 2 move 19 21
984 3 move 37 13
984 4 move 37 21
985 0 move 19 6
985 1 move 19 38
985 2 move 19 22
985 3 move 37 14
985 4 move 37 22
986 0 move 19 5
986 1 move 19 37
986 2 move 19 23
986 3 move 37 15
986 4 move 37 23
987 0 move 18 5
987 1 pick 18 37
987 2 move 19 24
987 3 move 37 16
987 4 move 37 24
988 0 move 17 5
988 1 move 19 36
988 2 move 19 25
988 3 move 38 16
988 4 move 37 25
989 0 move 16 5
989 1 move 19 35
989 2 move 19 26
989 3 move 39 16
989 4 move 37 26
990 0 move 16 6
990 1 move 19 34
990 2 move 19 27
990 3 move 40 16
990 4 move 37 27
991 0 move 16 7
991 1 move 19 33
991 2 move 19 28
991 3 move 40 15
991 4 move 37 28
992 0 move 16 8
992 1 move 19 32
992 2 move 19 29
992 3 move 40 14
992 4 move 37 29
993 0 move 16 9
993 1 move 19 31
993 2 move 19 30
993 3 move 40 13
993 4 move 37 30
994 0 move 16 10
994 1 move 19 30
994 2 move 19 31
994 3 move 40 12
994 4 move 37 31
995 0 move 16 11
995 1 move 19 29
995 2 move 19 32
995 3 move 40 11
995 4 move 37 32
996 0 pick 17 11
996 1 move 19 28
996 2 pick 18 32
996 3 move 40 10
996 4 pick 38 32
997 0 move 16 12
997 1 move 19 27
997 2 pick 18 32
997 3 move 40 9
997 4 pick 38 32
998 0 move 16 13
998 1 move 19 26
998 2 move 19 33
998 3 move 40 8
998 4 pick 38 32
999 0 move 16 14
999 1 move 19 25
999 2 pick 18 33
999 3 move 40 7
999 4 move 37 33
1000 0 move 16 15
1000 1 move 19 24
1000 2 pick 18 33
1000 3 move 40 6
1000 4 move 37 34
1001 0 move 16 16
1001 1 move 19 23
1001 2 move 19 34
1001 3 move 40 5
1001 4 move 37 35
1002 0 move 17 16
1002 1 move 19 22
1002 2 move 19 35
1002 3 pick 39 5
1002 4 pick 38 35
1003 0 move 18 16
1003 1 move 19 21
1003 2 pick 18 35
1003 3 pick 39 5
1003 4 move 37 36
1004 0 move 19 16
1004 1 move 18 21
1004 2 move 19 36
1004 3 pick 39 5
1004 4 move 37 37
1005 0 move 19 15
1005 1 move 17 21
1005 2 pick 18 36
1005 3 pick 39 5
1005 4 pick 38 37
1006 0 move 19 14
1006 1 move 16 21
1006 2 move 19 37
1006 3 move 40 4
1006 4 move 37 38
1007 0 move 19 13
1007 1 move 16 22
1007 2 move 19 38
1007 3 pick 39 4
1007 4 pick 38 38
1008 0 move 19 12
1008 1 move 16 23
1008 2 move 19 39
1008 3 pick 39 4
1008 4 move 37 39
1009 0 move 20 12
1009 1 move 16 24
1009 2 fulfill 19 39
1009 3 move 40 3
1009 4 fulfill 37 39
1010 0 move 21 12
1010 1 move 16 25
1010 2 move 19 38
1010 3 move 40 2
1010 4 move 37 38
1011 0 move 22 12
1011 1 move 16 26
1011 2 move 19 37
1011 3 pick 39 2
1011 4 pick 38 38
1012 0 move 23 12
1012 1 move 16 27
1012 2 move 19 36
1012 3 move 40 1
1012 4 move 37 37
1013 0 pick 24 12
1013 1 move 16 28
1013 2 pick 18 36
1013 3 pick 39 1
1013 4 pick 38 37
1014 0 pick 24 12
1014 1 move 16 29
1014 2 move 19 35
1014 3 move 40 2
1014 4 move 37 36
1015 0 pick 24 12
1015 1 move 16 30
1015 2 move 19 34
1015 3 move 40 3
1015 4 move 37 35
1016 0 move 23 13
1016 1 move 16 31
1016 2 pick 18 34
1016 3 move 40 4
1016 4 move 37 34
1017 0 move 23 14
1017 1 move 16 32
1017 2 move 19 33
1017 3 move 40 5
1017 4 pick 38 34
1018 0 move 23 15
1018 1 move 16 33
1018 2 move 19 32
1018 3 move 40 6
1018 4 move 37 33
1019 0 move 23 16
1019 1 move 16 34
1019 2 move 19 31
1019 3 move 40 7
1019 4 pick 38 33
1020 0 move 24 16
1020 1 move 16 35
1020 2 move 19 30
1020 3 move 40 8
1020 4 move 37 32
1021 0 move 25 16
1021 1 move 16 36
1021 2 move 19 29
1021 3 move 40 9
1021 4 pick 38 32
1022 0 move 26 16
1022 1 pick 17 36
1022 2 move 19 28
1022 3 move 40 10
1022 4 pick 38 32
1023 0 move 26 15
1023 1 move 16 35
1023 2 move 19 27
1023 3 move 40 11
1023 4 pick 38 32
1024 0 move 26 14
1024 1 pick 17 35
1024 2 move 19 26
1024 3 move 41 11
1024 4 move 37 31
1025 0 move 26 13
1025 1 pick 17 35
1025 2 move 19 25
1025 3 move 42 11
1025 4 move 37 30
1026 0 move 27 13
1026 1 move 16 34
1026 2 move 19 24
1026 3 move 43 11
1026 4 move 37 29
1027 0 move 28 13
1027 1 move 16 33
1027 2 move 19 23
1027 3 move 44 11
1027 4 move 37 28
1028 0 move 29 13
1028 1 pick 17 33
1028 2 move 19 22
1028 3 pick 45 11
1028 4 move 37 27
1029 0 move 30 13
1029 1 move 16 32
1029 2 move 19 21
1029 3 move 44 10
1029 4 move 37 26
1030 0 pick 31 13
1030 1 pick 17 32
1030 2 move 18 21
1030 3 move 44 9
1030 4 move 37 25
1031 0 move 30 12
1031 1 pick 17 32
1031 2 move 17 21
1031 3 move 44 8
1031 4 move 37 24
1032 0 move 30 11
1032 1 move 16 31
1032 2 move 16 21
1032 3 move 44 7
1032 4 move 37 23
1033 0 move 30 10
1033 1 move 16 30
1033 2 move 16 22
1033 3 move 44 6
1033 4 move 37 22
1034 0 move 30 9
1034 1 pick 17 30
1034 2 move 16 23
1034 3 move 44 5
1034 4 move 37 21
1035 0 move 30 8
1035 1 move 16 29
1035 2 move 16 24
1035 3 move 44 4
1035 4 move 38 21
1036 0 move 30 7
1036 1 move 16 28
1036 2 move 16 25
1036 3 move 44 3
1036 4 move 39 21
1037 0 move 30 6
1037 1 pick 17 28
1037 2 move 16 26
1037 3 move 44 2
1037 4 move 40 21
1038 0 move 30 5
1038 1 pick 17 28
1038 2 move 16 27
1038 3 move 44 1
1038 4 move 40 22
1039 0 move 30 4
1039 1 move 16 27
1039 2 move 16 28
1039 3 move 44 0
1039 4 move 40 23
1040 0 move 30 3
1040 1 move 16 26
1040 2 move 16 29
1040 3 fulfill 44 0
1040 4 move 40 24
1041 0 move 30 2
1041 1 move 16 25
1041 2 move 16 30
1041 3 move 43 0
1041 4 move 40 25
1042 0 move 30 1
1042 1 move 16 24
1042 2 move 16 31
1042 3 move 42 0
1042 4 move 40 26
1043 0 move 30 0
1043 1 move 16 23
1043 2 move 16 32
1043 3 move 41 0
1043 4 move 40 27
1044 0 fulfill 30 0
1044 1 move 16 22
1044 2 move 16 33
1044 3 move 40 0
1044 4 move 40 28
1045 0 move 31 0
1045 1 move 16 21
1045 2 move 16 34
1045 3 move 40 1
1045 4 move 40 29
1046 0 move 32 0
1046 1 move 17 21
1046 2 pick 17 34
1046 3 move 40 2
1046 4 move 40 30
1047 0 move 33 0
1047 1 move 18 21
1047 2 move 16 35
1047 3 pick 39 2
1047 4 move 40 31
1048 0 move 34 0
1048 1 move 19 21
1048 2 move 16 36
1048 3 move 40 3
1048 4 move 40 32
1049 0 move 35 0
1049 1 move 19 22
1049 2 pick 17 36
1049 3 move 40 4
1049 4 pick 39 32
1050 0 move 36 0
1050 1 move 19 23
1050 2 move 16 37
1050 3 move 40 5
1050 4 pick 39 32
1051 0 move 37 0
1051 1 move 19 24
1051 2 move 16 38
1051 3 pick 39 5
1051 4 move 40 33
1052 0 pick 38 0
1052 1 move 19 25
1052 2 pick 17 38
1052 3 pick 39 5
1052 4 move 40 34
1053 0 move 37 1
1053 1 move 19 26
1053 2 move 16 37
1053 3 pick 39 5
1053 4 pick 39 34
1054 0 pick 38 1
1054 1 move 19 27
1054 2 move 16 36
1054 3 move 40 6
1054 4 move 40 35
1055 0 move 37 2
1055 1 move 19 28
1055 2 move 16 35
1055 3 move 40 7
1055 4 pick 39 35
1056 0 move 37 3
1056 1 pick 18 28
1056 2 move 16 34
1056 3 move 40 8
1056 4 move 40 36
1057 0 move 37 4
1057 1 move 19 27
1057 2 move 16 33
1057 3 move 40 9
1057 4 move 40 37
1058 0 pick 38 4
1058 1 move 19 26
1058 2 move 16 32
1058 3 move 40 10
1058 4 move 40 38
1059 0 move 37 5
1059 1 move 19 25
1059 2 pick 17 32
1059 3 move 40 11
1059 4 move 40 39
1060 0 pick 38 5
1060 1 move 20 25
1060 2 pick 17 32
1060 3 move 40 12
1060 4 fulfill 40 39
1061 0 pick 38 5
1061 1 move 21 25
1061 2 pick 17 32
1061 3 move 40 13
1061 4 move 40 38
1062 0 pick 38 5
1062 1 move 22 25
1062 2 pick 17 32
1062 3 move 40 14
1062 4 move 40 37
1063 0 pick 38 5
1063 1 move 23 25
1063 2 pick 17 32
1063 3 move 40 15
1063 4 pick 39 37
1064 0 pick 38 5
1064 1 move 23 24
1064 2 pick 17 32
1064 3 move 40 16
1064 4 move 40 36
1065 0 move 37 6
1065 1 move 23 23
1065 2 move 16 33
1065 3 move 39 16
1065 4 move 40 35
1066 0 pick 38 6
1066 1 move 23 22
1066 2 move 16 34
1066 3 move 38 16
1066 4 move 40 34
1067 0 move 37 7
1067 1 move 23 21
1067 2 move 16 35
1067 3 move 37 16
1067 4 move 40 33
1068 0 move 37 8
1068 1 move 24 21
1068 2 move 16 36
1068 3 move 37 15
1068 4 pick 39 33
1069 0 pick 38 8
1069 1 move 25 21
1069 2 move 16 37
1069 3 move 37 14
1069 4 pick 39 33
1070 0 pick 38 8
1070 1 move 26 21
1070 2 move 16 38
1070 3 move 37 13
1070 4 move 40 32
1071 0 move 37 9
1071 1 move 26 22
1071 2 move 16 39
1071 3 move 37 12
1071 4 move 40 31
1072 0 move 37 10
1072 1 move 26 23
1072 2 fulfill 16 39
1072 3 move 37 11
1072 4 move 40 30
1073 0 move 37 11
1073 1 move 26 24
1073 2 move 16 38
1073 3 move 37 10
1073 4 pick 39 30
1074 0 move 37 12
1074 1 move 26 25
1074 2 move 16 37
1074 3 move 37 9
1074 4 move 41 30
1075 0 move 37 13
1075 1 move 27 25
1075 2 move 16 36
1075 3 move 37 8
1075 4 move 42 30
1076 0 move 37 14
1076 1 move 28 25
1076 2 move 16 35
1076 3 move 37 7
1076 4 move 43 30
1077 0 pick 38 14
1077 1 move 29 25
1077 2 move 16 34
1077 3 move 37 6
1077 4 move 44 30
1078 0 move 37 15
1078 1 move 30 25
1078 2 move 16 33
1078 3 move 37 5
1078 4 pick 45 30
1079 0 move 37 16
1079 1 pick 31 25
1079 2 move 16 32
1079 3 pick 38 5
1079 4 move 44 29
1080 0 move 38 16
1080 1 move 30 26
1080 2 move 16 31
1080 3 pick 38 5
1080 4 move 44 28
1081 0 move 39 16
1081 1 move 30 27
1081 2 move 16 30
1081 3 pick 38 5
1081 4 pick 45 28
1082 0 move 40 16
1082 1 move 30 28
1082 2 move 16 29
1082 3 move 37 4
1082 4 move 44 27
1083 0 move 40 15
1083 1 move 30 29
1083 2 move 16 28
1083 3 pick 38 4
1083 4 move 44 26
1084 0 pick 39 15
1084 1 move 30 30
1084 2 move 16 27
1084 3 move 37 3
1084 4 move 44 25
1085 0 move 40 16
1085 1 move 30 31
1085 2 move 16 26
1085 3 move 37 2
1085 4 move 44 24
1086 0 move 39 16
1086 1 move 30 32
1086 2 move 16 25
1086 3 pick 38 2
1086 4 move 44 23
1087 0 move 38 16
1087 1 move 30 33
1087 2 move 16 24
1087 3 move 37 3
1087 4 move 44 22
1088 0 move 37 16
1088 1 move 30 34
1088 2 move 16 23
1088 3 move 37 4
1088 4 move 44 21
1089 0 move 36 16
1089 1 move 30 35
1089 2 move 16 22
1089 3 move 37 5
1089 4 move 45 21
1090 0 move 35 16
1090 1 move 30 36
1090 2 move 16 21
1090 3 move 37 6
1090 4 move 46 21
1091 0 move 34 16
1091 1 move 30 37
1091 2 move 17 21
1091 3 move 37 7
1091 4 move 47 21
1092 0 move 33 16
1092 1 move 30 38
1092 2 move 18 21
1092 3 move 37 8
1092 4 move 47 22
1093 0 move 33 15
1093 1 move 30 39
1093 2 move 19 21
1093 3 pick 38 8
1093 4 move 47 23
1094 0 move 33 14
1094 1 fulfill 30 39
1094 2 move 19 22
1094 3 move 37 7
1094 4 pick 46 23
1095 0 move 33 13
1095 1 move 31 39
1095 2 move 19 23
1095 3 move 37 6
1095 4 move 47 22
1096 0 pick 32 13
1096 1 move 32 39
1096 2 move 19 24
1096 3 move 37 5
1096 4 move 47 21
1097 0 move 33 14
1097 1 move 33 39
1097 2 move 19 25
1097 3 move 37 4
1097 4 move 46 21
1098 0 move 33 15
1098 1 move 34 39
1098 2 move 19 26
1098 3 move 37 3
1098 4 move 45 21
1099 0 move 33 16
1099 1 move 35 39
1099 2 move 19 27
1099 3 move 37 2
1099 4 move 44 21
1100 0 move 32 16
1100 1 move 36 39
1100 2 move 19 28
1100 3 move 37 1
1100 4 move 44 20
1101 0 move 31 16
1101 1 move 37 39
1101 2 move 19 29
1101 3 move 37 0
1101 4 move 44 19
1102 0 move 30 16
1102 1 pick 38 39
1102 2 move 19 30
1102 3 fulfill 37 0
1102 4 move 44 18
1103 0 move 29 16
1103 1 move 37 38
1103 2 move 19 31
1103 3 move 37 1
1103 4 move 44 17
1104 0 move 28 16
1104 1 move 37 37
1104 2 move 19 32
1104 3 pick 38 1
1104 4 move 44 16
1105 0 move 27 16
1105 1 move 37 36
1105 2 move 19 33
1105 3 move 37 2
1105 4 move 44 15
1106 0 move 26 16
1106 1 move 37 35
1106 2 move 19 34
1106 3 move 37 3
1106 4 move 44 14
1107 0 move 25 16
1107 1 move 37 34
1107 2 move 19 35
1107 3 pick 38 3
1107 4 move 44 13
1108 0 move 24 16
1108 1 pick 38 34
1108 2 move 19 36
1108 3 move 37 4
1108 4 move 44 12
1109 0 move 23 16
1109 1 move 37 33
1109 2 move 19 37
1109 3 pick 38 4
1109 4 move 44 11
1110 0 move 23 15
1110 1 move 37 32
1110 2 move 19 38
1110 3 pick 38 4
1110 4 move 44 10
1111 0 move 23 14
1111 1 pick 38 32
1111 2 move 19 39
1111 3 move 37 5
1111 4 pick 45 10
1112 0 pick 24 14
1112 1 pick 38 32
1112 2 pick 18 39
1112 3 pick 38 5
1112 4 pick 45 10
1113 0 move 23 13
1113 1 pick 38 32
1113 2 move 19 38
1113 3 pick 38 5
1113 4 pick 45 10
1114 0 move 23 12
1114 1 pick 38 32
1114 2 move 19 37
1114 3 pick 38 5
1114 4 move 44 9
1115 0 move 23 11
1115 1 move 37 31
1115 2 move 19 36
1115 3 pick 38 5
1115 4 move 44 8
1116 0 move 23 10
1116 1 move 37 30
1116 2 move 19 35
1116 3 move 37 6
1116 4 move 44 7
1117 0 move 23 9
1117 1 move 37 29
1117 2 move 19 34
1117 3 move 37 7
1117 4 move 44 6
1118 0 move 23 8
1118 1 move 37 28
1118 2 move 19 33
1118 3 move 37 8
1118 4 move 44 5
1119 0 move 23 7
1119 1 move 37 27
1119 2 move 19 32
1119 3 move 37 9
1119 4 move 44 4
1120 0 move 23 6
1120 1 move 37 26
1120 2 pick 18 32
1120 3 move 37 10
1120 4 move 44 3
1121 0 move 23 5
1121 1 move 37 25
1121 2 pick 18 32
1121 3 move 37 11
1121 4 move 44 2
1122 0 move 23 4
1122 1 move 37 24
1122 2 move 19 31
1122 3 move 37 12
1122 4 move 44 1
1123 0 move 23 3
1123 1 move 37 23
1123 2 move 19 30
1123 3 move 37 13
1123 4 move 44 0
1124 0 move 23 2
1124 1 move 37 22
1124 2 move 19 29
1124 3 move 37 14
1124 4 fulfill 44 0
1125 0 move 23 1
1125 1 move 37 21
1125 2 move 19 28
1125 3 move 37 15
1125 4 move 44 1
1126 0 move 23 0
1126 1 move 38 21
1126 2 move 19 27
1126 3 move 37 16
1126 4 move 44 2
1127 0 fulfill 23 0
1127 1 move 39 21
1127 2 move 19 26
1127 3 move 38 16
1127 4 move 44 3
1128 0 move 23 1
1128 1 move 40 21
1128 2 move 19 25
1128 3 move 39 16
1128 4 move 44 4
1129 0 move 23 2
1129 1 move 40 22
1129 2 move 19 24
1129 3 move 40 16
1129 4 move 44 5
1130 0 move 23 3
1130 1 move 40 23
1130 2 move 19 23
1130 3 move 40 15
1130 4 move 45 5
1131 0 move 23 4
1131 1 move 40 24
1131 2 move 19 22
1131 3 move 40 14
1131 4 move 46 5
1132 0 move 23 5
1132 1 move 40 25
1132 2 move 19 21
1132 3 move 40 13
1132 4 pick 46 6
1133 0 move 23 6
1133 1 move 40 26
1133 2 move 18 21
1133 3 move 40 12
1133 4 pick 46 6
1134 0 pick 24 6
1134 1 move 40 27
1134 2 move 17 21
1134 3 move 40 11
1134 4 pick 46 6
1135 0 move 23 5
1135 1 move 40 28
1135 2 move 16 21
1135 3 move 40 10
1135 4 pick 46 6
1136 0 move 24 5
1136 1 move 40 29
1136 2 move 16 22
1136 3 move 40 9
1136 4 pick 46 6
1137 0 move 25 5
1137 1 move 40 30
1137 2 move 16 23
1137 3 move 40 8
1137 4 pick 46 6
1138 0 move 26 5
1138 1 move 40 31
1138 2 move 16 24
1138 3 move 40 7
1138 4 move 47 5
1139 0 move 26 6
1139 1 move 40 32
1139 2 move 16 25
1139 3 move 40 6
1139 4 move 47 6
1140 0 move 26 7
1140 1 pick 39 32
1140 2 move 16 26
1140 3 move 40 5
1140 4 move 47 7
1141 0 move 26 8
1141 1 pick 39 32
1141 2 move 16 27
1141 3 pick 39 5
1141 4 move 47 8
1142 0 pick 25 8
1142 1 move 40 33
1142 2 move 16 28
1142 3 pick 39 5
1142 4 move 47 9
1143 0 pick 25 8
1143 1 move 40 34
1143 2 move 16 29
1143 3 move 40 4
1143 4 move 47 10
1144 0 pick 25 8
1144 1 pick 39 34
1144 2 move 16 30
1144 3 pick 39 4
1144 4 pick 46 10
1145 0 move 26 9
1145 1 move 40 35
1145 2 move 16 31
1145 3 pick 39 4
1145 4 pick 46 10
1146 0 move 27 9
1146 1 pick 39 35
1146 2 move 16 32
1146 3 move 40 3
1146 4 pick 46 10
1147 0 move 28 9
1147 1 move 40 36
1147 2 pick 17 32
1147 3 pick 39 3
1147 4 move 47 11
1148 0 move 29 9
1148 1 pick 39 36
1148 2 pick 17 32
1148 3 pick 39 3
1148 4 move 47 12
1149 0 move 30 9
1149 1 pick 39 36
1149 2 move 16 33
1149 3 move 40 4
1149 4 move 47 13
1150 0 pick 31 9
1150 1 move 40 35
1150 2 pick 17 33
1150 3 move 40 5
1150 4 move 47 14
1151 0 move 30 10
1151 1 move 40 34
1151 2 move 16 34
1151 3 move 40 6
1151 4 pick 46 14
1152 0 move 30 11
1152 1 move 40 33
1152 2 pick 17 34
1152 3 move 40 7
1152 4 move 47 15
1153 0 move 30 12
1153 1 move 40 32
1153 2 move 16 35
1153 3 move 40 8
1153 4 move 47 16
1154 0 move 30 13
1154 1 move 40 31
1154 2 pick 17 35
1154 3 move 40 9
1154 4 move 46 16
1155 0 move 30 14
1155 1 move 40 30
1155 2 move 16 36
1155 3 move 40 10
1155 4 move 45 16
1156 0 move 30 15
1156 1 move 40 29
1156 2 move 16 37
1156 3 move 40 11
1156 4 move 45 17
1157 0 pick 31 15
1157 1 move 40 28
1157 2 move 16 38
1157 3 move 40 12
1157 4 move 45 18
1158 0 move 29 15
1158 1 move 40 27
1158 2 move 16 39
1158 3 move 40 13
1158 4 move 45 19
1159 0 move 28 15
1159 1 move 40 26
1159 2 fulfill 16 39
1159 3 move 40 14
1159 4 move 45 20
1160 0 move 27 15
1160 1 move 40 25
1160 2 pick 17 39
1160 3 move 40 15
1160 4 move 45 21
1161 0 move 26 15
1161 1 move 40 24
1161 2 move 16 38
1161 3 move 40 16
1161 4 pick 45 22
1162 0 move 26 16
1162 1 move 40 23
1162 2 pick 17 38
1162 3 move 39 16
1162 4 move 44 21
1163 0 move 25 16
1163 1 move 40 22
1163 2 move 16 37
1163 3 move 38 16
1163 4 move 43 21
1164 0 move 24 16
1164 1 move 40 21
1164 2 move 16 36
1164 3 move 37 16
1164 4 move 42 21
1165 0 move 23 16
1165 1 move 39 21
1165 2 pick 17 36
1165 3 move 37 15
1165 4 move 41 21
1166 0 move 22 16
1166 1 move 38 21
1166 2 move 16 35
1166 3 move 37 14
1166 4 move 40 21
1167 0 move 21 16
1167 1 move 37 21
1167 2 pick 17 35
1167 3 move 37 13
1167 4 move 40 22
1168 0 move 20 16
1168 1 move 37 22
1168 2 move 16 34
1168 3 move 37 12
1168 4 move 40 23
1169 0 move 19 16
1169 1 move 37 23
1169 2 pick 17 34
1169 3 move 37 11
1169 4 move 40 24
1170 0 move 19 15
1170 1 move 37 24
1170 2 pick 17 34
1170 3 move 37 10
1170 4 move 40 25
1171 0 pick 18 15
1171 1 move 37 25
1171 2 move 16 33
1171 3 move 37 9
1171 4 move 40 26
1172 0 move 19 14
1172 1 move 37 26
1172 2 move 16 32
1172 3 move 37 8
1172 4 move 40 27
1173 0 move 19 13
1173 1 pick 38 26
1173 2 pick 17 32
1173 3 pick 38 8
1173 4 move 40 28
1174 0 move 19 12
1174 1 move 37 25
1174 2 pick 17 32
1174 3 move 37 7
1174 4 move 40 29
1175 0 move 19 11
1175 1 move 37 24
1175 2 pick 17 32
1175 3 move 37 6
1175 4 move 40 30
1176 0 move 19 10
1176 1 move 37 23
1176 2 move 16 31
1176 3 move 37 5
1176 4 move 40 31
1177 0 move 19 9
1177 1 move 37 22
1177 2 move 16 30
1177 3 move 37 4
1177 4 move 40 32
1178 0 move 19 8
1178 1 move 37 21
1178 2 move 16 29
1178 3 move 37 3
1178 4 move 40 33
1179 0 move 19 7
1179 1 move 38 21
1179 2 move 16 28
1179 3 move 37 2
1179 4 move 40 34
1180 0 move 19 6
1180 1 move 39 21
1180 2 move 16 27
1180 3 move 37 1
1180 4 pick 39 34
1181 0 move 19 5
1181 1 move 40 21
1181 2 move 16 26
1181 3 move 37 0
1181 4 move 40 35
1182 0 move 19 4
1182 1 move 41 21
1182 2 move 16 25
1182 3 fulfill 37 0
1182 4 move 40 36
1183 0 move 19 3
1183 1 move 42 21
1183 2 move 16 24
1183 3 move 37 1
1183 4 move 40 37
1184 0 move 19 2
1184 1 move 43 21
1184 2 move 16 23
1184 3 pick 38 1
1184 4 move 40 38
1185 0 move 19 1
1185 1 move 44 21
1185 2 move 16 22
1185 3 move 37 2
1185 4 move 40 39
1186 0 move 19 0
1186 1 move 45 21
1186 2 move 16 21
1186 3 pick 38 2
1186 4 fulfill 40 39
1187 0 fulfill 19 0
1187 1 move 46 21
1187 2 move 17 21
1187 3 move 37 3
1187 4 move 40 38
1188 0 move 19 1
1188 1 move 47 21
1188 2 move 18 21
1188 3 move 37 4
1188 4 move 40 37
1189 0 move 19 2
1189 1 move 47 22
1189 2 move 19 21
1189 3 pick 38 4
1189 4 move 40 36
1190 0 move 19 3
1190 1 move 47 23
1190 2 move 19 22
1190 3 move 37 5
1190 4 move 40 35
1191 0 move 19 4
1191 1 move 47 24
1191 2 move 19 23
1191 3 pick 38 5
1191 4 move 40 34
1192 0 move 19 5
1192 1 move 47 25
1192 2 move 19 24
1192 3 pick 38 5
1192 4 move 40 33
1193 0 move 19 6
1193 1 move 47 26
1193 2 move 19 25
1193 3 pick 38 5
1193 4 move 40 32
1194 0 move 19 7
1194 1 move 47 27
1194 2 move 19 26
1194 3 pick 38 5
1194 4 move 40 31
1195 0 pick 18 7
1195 1 move 47 28
1195 2 move 19 27
1195 3 move 37 6
1195 4 move 40 30
1196 0 move 19 8
1196 1 pick 46 28
1196 2 move 19 28
1196 3 move 37 7
1196 4 move 40 29
1197 0 pick 18 8
1197 1 move 47 29
1197 2 move 19 29
1197 3 move 37 8
1197 4 move 40 28
1198 0 move 19 9
1198 1 move 47 30
1198 2 move 19 30
1198 3 move 37 9
1198 4 move 40 27
1199 0 move 19 10
1199 1 move 47 31
1199 2 move 19 31
1199 3 move 37 10
1199 4 move 40 26
1200 0 move 20 10
1200 1 move 47 32
1200 2 move 19 32
1200 3 move 37 11
1200 4 move 40 25
1201 0 move 21 10
1201 1 move 47 33
1201 2 pick 18 32
1201 3 move 37 12
1201 4 move 40 24
1202 0 move 22 10
1202 1 move 47 34
1202 2 pick 18 32
1202 3 move 37 13
1202 4 move 40 23
1203 0 move 23 10
1203 1 move 47 35
1203 2 move 19 33
1203 3 move 37 14
1203 4 move 40 22
1204 0 pick 24 10
1204 1 move 47 36
1204 2 move 19 34
1204 3 move 37 15
1204 4 move 40 21
1205 0 move 23 11
1205 1 move 47 37
1205 2 move 19 35
1205 3 move 37 16
1205 4 move 39 21
1206 0 move 23 12
1206 1 move 47 38
1206 2 move 19 36
1206 3 move 38 16
1206 4 move 38 21
1207 0 pick 24 12
1207 1 move 47 39
1207 2 pick 18 36
1207 3 move 39 16
1207 4 move 37 21
1208 0 pick 24 12
1208 1 fulfill 47 39
1208 2 move 19 37
1208 3 move 40 16
1208 4 move 37 22
1209 0 pick 24 12
1209 2 move 19 38
1209 3 move 40 15
1209 4 move 37 23
1210 0 pick 24 12
1210 2 move 19 39
1210 3 move 40 14
1210 4 move 37 24
1211 0 move 23 13
1211 2 fulfill 19 39
1211 3 move 40 13
1211 4 move 37 25
1212 0 pick 24 13
1212 2 move 19 38
1212 3 move 40 12
1212 4 move 37 26
1213 0 move 22 13
1213 2 move 19 37
1213 3 move 40 11
1213 4 move 37 27
1214 0 move 21 13
1214 2 move 19 36
1214 3 move 40 10
1214 4 move 37 28
1215 0 move 20 13
1215 2 move 19 35
1215 3 move 40 9
1215 4 move 37 29
1216 0 move 19 13
1216 2 move 19 34
1216 3 move 40 8
1216 4 move 37 30
1217 0 move 19 14
1217 2 move 19 33
1217 3 move 40 7
1217 4 move 37 31
1218 0 move 19 15
1218 2 move 19 32
1218 3 move 40 6
1218 4 move 37 32
1219 0 move 19 16
1219 2 move 19 31
1219 3 move 40 5
1219 4 move 37 33
1220 0 move 18 16
1220 2 move 19 30
1220 3 pick 39 5
1220 4 move 37 34
1221 0 move 17 16
1221 2 move 19 29
1221 3 pick 39 5
1221 4 move 37 35
1222 0 move 16 16
1222 2 move 19 28
1222 3 pick 39 5
1222 4 move 37 36
1223 0 move 16 15
1223 2 move 19 27
1223 3 pick 39 5
1223 4 move 37 37
1224 0 move 16 14
1224 2 move 19 26
1224 3 move 40 4
1224 4 move 37 38
1225 0 move 16 13
1225 2 move 19 25
1225 3 move 40 3
1225 4 move 37 39
1226 0 pick 17 13
1226 2 move 19 24
1226 3 move 40 2
1226 4 pick 38 39
1227 0 pick 17 13
1227 2 move 19 23
1227 3 pick 39 2
1227 4 move 37 38
1228 0 move 15 13
1228 2 move 19 22
1228 3 move 40 1
1228 4 move 37 37
1229 0 move 14 13
1229 2 move 19 21
1229 3 move 40 0
1229 4 pick 38 37
1230 0 move 13 13
1230 2 move 18 21
1230 3 pick 39 0
1230 4 move 37 36
1231 0 move 12 13
1231 2 move 17 21
1231 3 move 40 1
1231 4 move 37 35
1232 0 move 12 12
1232 2 move 16 21
1232 3 move 40 2
1232 4 move 37 34
1233 0 move 12 11
1233 2 move 16 22
1233 3 move 40 3
1233 4 move 37 33
1234 0 move 12 10
1234 2 move 16 23
1234 3 move 40 4
1234 4 pick 38 33
1235 0 move 12 9
1235 2 move 16 24
1235 3 move 40 5
1235 4 move 37 32
1236 0 move 12 8
1236 2 move 16 25
1236 3 move 40 6
1236 4 pick 38 32
1237 0 pick 11 8
1237 2 move 16 26
1237 3 move 40 7
1237 4 pick 38 32
1238 0 move 12 7
1238 2 move 16 27
1238 3 move 40 8
1238 4 pick 38 32
1239 0 move 12 6
1239 2 move 16 28
1239 3 move 40 9
1239 4 move 37 31
1240 0 move 13 6
1240 2 move 16 29
1240 3 move 40 10
1240 4 move 37 30
1241 0 move 14 6
1241 2 move 16 30
1241 3 move 40 11
1241 4 move 37 29
1242 0 move 15 6
1242 2 move 16 31
1242 3 move 40 12
1242 4 move 37 28
1243 0 move 16 6
1243 2 move 16 32
1243 3 move 40 13
1243 4 move 37 27
1244 0 move 16 5
1244 2 move 16 33
1244 3 move 40 14
1244 4 move 37 26
1245 0 move 17 5
1245 2 move 16 34
1245 3 move 40 15
1245 4 move 37 25
1246 0 move 18 5
1246 2 move 16 35
1246 3 move 40 16
1246 4 move 37 24
1247 0 move 19 5
1247 2 move 16 36
1247 3 move 39 16
1247 4 move 37 23
1248 0 move 19 6
1248 2 move 16 37
1248 3 move 38 16
1248 4 move 37 22
1249 0 move 20 6
1249 2 move 16 38
1249 3 move 37 16
1249 4 move 37 21
1250 0 move 21 6
1250 2 move 16 39
1250 3 move 37 15
1250 4 move 38 21
1251 0 move 22 6
1251 2 pick 17 39
1251 3 move 37 14
1251 4 move 39 21
1252 0 move 23 6
1252 2 move 16 38
1252 3 move 37 13
1252 4 move 40 21
1253 0 pick 24 6
1253 2 pick 17 38
1253 3 move 37 12
1253 4 move 40 22
1254 0 move 23 7
1254 2 move 16 37
1254 3 move 37 11
1254 4 move 40 23
1255 0 move 23 8
1255 2 move 16 36
1255 3 move 37 10
1255 4 move 40 24
1256 0 move 23 9
1256 2 pick 17 36
1256 3 move 37 9
1256 4 move 40 25
1257 0 move 23 10
1257 2 move 16 35
1257 3 move 37 8
1257 4 move 40 26
1258 0 move 23 11
1258 2 move 16 34
1258 3 pick 38 8
1258 4 move 40 27
1259 0 move 23 12
1259 2 pick 17 34
1259 3 move 37 7
1259 4 move 40 28
1260 0 move 23 13
1260 2 move 16 33
1260 3 move 37 6
1260 4 move 40 29
1261 0 move 23 14
1261 2 pick 17 33
1261 3 move 37 5
1261 4 move 40 30
1262 0 move 23 15
1262 2 move 16 32
1262 3 move 37 4
1262 4 move 40 31
1263 0 move 23 16
1263 2 pick 17 32
1263 3 move 37 3
1263 4 move 40 32
1264 0 move 23 17
1264 2 pick 17 32
1264 3 move 37 2
1264 4 pick 39 32
1265 0 move 23 18
1265 2 pick 17 32
1265 3 move 37 1
1265 4 move 40 33
1266 0 move 23 19
1266 2 move 16 31
1266 3 move 37 0
1266 4 pick 39 33
1267 0 move 23 20
1267 2 move 16 30
1267 3 fulfill 37 0
1267 4 pick 39 33
1268 0 move 23 21
1268 2 move 16 29
1268 3 move 37 1
1268 4 move 40 34
1269 0 move 23 22
1269 2 move 16 28
1269 3 pick 38 1
1269 4 pick 39 34
1270 0 pick 24 22
1270 2 move 16 27
1270 3 move 37 2
1270 4 move 40 35
1271 0 pick 24 22
1271 2 move 16 26
1271 3 move 37 3
1271 4 move 40 36
1272 0 pick 24 22
1272 2 move 16 25
1272 3 move 37 4
1272 4 move 40 37
1273 0 move 23 23
1273 2 move 16 24
1273 3 move 37 5
1273 4 move 40 38
1274 0 move 23 24
1274 2 move 16 23
1274 3 move 37 6
1274 4 move 40 39
1275 0 move 23 25
1275 2 move 16 22
1275 3 move 37 7
1275 4 fulfill 40 39
1276 0 move 23 26
1276 2 move 16 21
1276 3 move 37 8
1276 4 move 40 38
1277 0 move 23 27
1277 2 move 17 21
1277 3 move 37 9
1277 4 move 40 37
1278 0 move 23 28
1278 2 move 18 21
1278 3 move 37 10
1278 4 move 40 36
1279 0 move 23 29
1279 2 move 19 21
1279 3 move 37 11
1279 4 move 40 35
1280 0 move 23 30
1280 2 move 19 22
1280 3 move 37 12
1280 4 move 40 34
1281 0 move 23 31
1281 2 move 19 23
1281 3 move 37 13
1281 4 move 40 33
1282 0 move 23 32
1282 2 move 19 24
1282 3 move 37 14
1282 4 move 40 32
1283 0 move 23 33
1283 2 move 19 25
1283 3 move 37 15
1283 4 move 40 31
1284 0 move 23 34
1284 2 move 19 26
1284 3 move 37 16
1284 4 move 40 30
1285 0 move 23 35
1285 2 move 19 27
1285 3 move 38 16
1285 4 move 40 29
1286 0 move 23 36
1286 2 move 19 28
1286 3 move 39 16
1286 4 move 40 28
1287 0 move 23 37
1287 2 move 19 29
1287 3 move 40 16
1287 4 move 40 27
1288 0 move 23 38
1288 2 move 19 30
1288 3 move 40 15
1288 4 move 40 26
1289 0 move 23 39
1289 2 move 19 31
1289 3 move 40 14
1289 4 move 40 25
1290 0 fulfill 23 39
1290 2 move 19 32
1290 3 move 40 13
1290 4 move 40 24
1291 2 pick 18 32
1291 3 move 40 12
1291 4 move 40 23
1292 2 pick 18 32
1292 3 move 40 11
1292 4 move 40 22
1293 2 move 19 33
1293 3 move 40 10
1293 4 move 40 21
1294 2 move 19 34
1294 3 move 40 9
1294 4 move 39 21
1295 2 move 19 35
1295 3 move 40 8
1295 4 move 38 21
1296 2 pick 18 35
1296 3 move 40 7
1296 4 move 37 21
1297 2 move 19 36
1297 3 move 40 6
1297 4 move 37 22
1298 2 move 19 37
1298 3 move 40 5
1298 4 move 37 23
1299 2 move 19 38
1299 3 move 40 4
1299 4 move 37 24
1300 2 move 19 39
1300 3 move 40 3
1300 4 move 37 25
1301 2 fulfill 19 39
1301 3 move 40 2
1301 4 move 37 26
1302 2 move 19 38
1302 3 move 40 1
1302 4 move 37 27
1303 2 pick 18 38
1303 3 pick 39 1
1303 4 move 37 28
1304 2 move 19 37
1304 3 move 40 2
1304 4 move 37 29
1305 2 move 19 36
1305 3 pick 39 2
1305 4 move 37 30
1306 2 move 19 35
1306 3 move 40 3
1306 4 move 37 31
1307 2 move 19 34
1307 3 pick 39 3
1307 4 move 37 32
1308 2 move 19 33
1308 3 move 40 4
1308 4 move 37 33
1309 2 move 19 32
1309 3 move 40 5
1309 4 move 37 34
1310 2 move 19 31
1310 3 pick 39 5
1310 4 move 37 35
1311 2 move 19 30
1311 3 pick 39 5
1311 4 move 37 36
1312 2 move 19 29
1312 3 move 40 6
1312 4 move 37 37
1313 2 move 19 28
1313 3 move 40 7
1313 4 move 37 38
1314 2 move 19 27
1314 3 move 40 8
1314 4 move 37 39
1315 2 move 19 26
1315 3 move 40 9
1315 4 pick 38 39
1316 2 move 19 25
1316 3 move 40 10
1316 4 move 37 38
1317 2 move 19 24
1317 3 move 40 11
1317 4 move 37 37
1318 2 move 19 23
1318 3 move 40 12
1318 4 move 37 36
1319 2 move 19 22
1319 3 move 40 13
1319 4 move 37 35
1320 2 move 19 21
1320 3 move 40 14
1320 4 pick 38 35
1321 2 move 18 21
1321 3 move 40 15
1321 4 move 37 34
1322 2 move 17 21
1322 3 move 40 16
1322 4 move 37 33
1323 2 move 16 21
1323 3 move 39 16
1323 4 pick 38 33
1324 2 move 16 22
1324 3 move 38 16
1324 4 move 37 32
1325 2 move 16 23
1325 3 move 37 16
1325 4 pick 38 32
1326 2 move 16 24
1326 3 move 37 15
1326 4 pick 38 32
1327 2 move 16 25
1327 3 move 37 14
1327 4 pick 38 32
1328 2 move 16 26
1328 3 move 37 13
1328 4 move 37 31
1329 2 move 16 27
1329 3 move 37 12
1329 4 move 37 30
1330 2 move 16 28
1330 3 move 37 11
1330 4 move 37 29
1331 2 move 16 29
1331 3 move 37 10
1331 4 move 37 28
1332 2 move 16 30
1332 3 move 37 9
1332 4 move 37 27
1333 2 move 16 31
1333 3 move 37 8
1333 4 move 37 26
1334 2 move 16 32
1334 3 move 37 7
1334 4 move 37 25
1335 2 move 16 33
1335 3 move 37 6
1335 4 move 37 24
1336 2 move 16 34
1336 3 move 37 5
1336 4 move 37 23
1337 2 move 16 35
1337 3 pick 38 5
1337 4 move 37 22
1338 2 move 16 36
1338 3 pick 38 5
1338 4 move 37 21
1339 2 move 16 37
1339 3 pick 38 5
1339 4 move 38 21
1340 2 move 16 38
1340 3 move 37 6
1340 4 move 39 21
1341 2 move 16 39
1341 3 move 37 7
1341 4 move 40 21
1342 2 pick 17 39
1342 3 move 37 8
1342 4 move 40 22
1343 2 move 16 38
1343 3 move 37 9
1343 4 move 40 23
1344 2 move 16 37
1344 3 move 37 10
1344 4 move 40 24
1345 2 move 16 36
1345 3 move 37 11
1345 4 move 40 25
1346 2 move 16 35
1346 3 pick 38 11
1346 4 move 40 26
1347 2 move 16 34
1347 3 move 37 10
1347 4 move 40 27
1348 2 pick 17 34
1348 3 move 37 9
1348 4 move 40 28
1349 2 move 16 33
1349 3 move 37 8
1349 4 move 40 29
1350 2 pick 17 33
1350 3 move 37 7
1350 4 move 40 30
1351 2 move 16 32
1351 3 move 37 6
1351 4 move 40 31
1352 2 pick 17 32
1352 3 move 37 5
1352 4 move 40 32
1353 2 pick 17 32
1353 3 move 37 4
1353 4 pick 39 32
1354 2 move 16 31
1354 3 move 37 3
1354 4 pick 39 32
1355 2 move 16 30
1355 3 move 37 2
1355 4 move 40 33
1356 2 move 16 29
1356 3 move 37 1
1356 4 pick 39 33
1357 2 move 16 28
1357 3 move 37 0
1357 4 move 40 34
1358 2 move 16 27
1358 3 fulfill 37 0
1358 4 pick 39 34
1359 2 move 16 26
1359 3 move 37 1
1359 4 move 40 35
1360 2 move 16 25
1360 3 move 37 2
1360 4 pick 39 35
1361 2 move 16 24
1361 3 move 37 3
1361 4 move 40 36
1362 2 move 16 23
1362 3 move 37 4
1362 4 move 40 37
1363 2 move 16 22
1363 3 pick 38 4
1363 4 move 40 38
1364 2 move 16 21
1364 3 move 37 5
1364 4 move 40 39
1365 2 move 17 21
1365 3 pick 38 5
1365 4 fulfill 40 39
1366 2 move 18 21
1366 3 pick 38 5
1366 4 move 40 38
1367 2 move 19 21
1367 3 move 37 6
1367 4 move 40 37
1368 2 move 19 22
1368 3 move 37 7
1368 4 pick 39 37
1369 2 move 19 23
1369 3 move 37 8
1369 4 move 40 36
1370 2 move 19 24
1370 3 move 37 9
1370 4 move 40 35
1371 2 move 19 25
1371 3 move 37 10
1371 4 move 40 34
1372 2 move 19 26
1372 3 move 37 11
1372 4 pick 39 34
1373 2 move 19 27
1373 3 move 37 12
1373 4 move 40 33
1374 2 move 19 28
1374 3 move 37 13
1374 4 move 40 32
1375 2 move 19 29
1375 3 move 37 14
1375 4 pick 39 32
1376 2 move 19 30
1376 3 move 37 15
1376 4 pick 39 32
1377 2 move 19 31
1377 3 move 37 16
1377 4 pick 39 32
1378 2 move 19 32
1378 3 move 38 16
1378 4 pick 39 32
1379 2 move 19 33
1379 3 move 39 16
1379 4 move 40 31
1380 2 pick 18 33
1380 3 move 40 16
1380 4 move 40 30
1381 2 move 19 34
1381 3 move 40 15
1381 4 move 40 29
1382 2 move 19 35
1382 3 move 40 14
1382 4 move 40 28
1383 2 move 19 36
1383 3 move 40 13
1383 4 move 40 27
1384 2 move 19 37
1384 3 move 40 12
1384 4 move 40 26
1385 2 move 19 38
1385 3 move 40 11
1385 4 move 40 25
1386 2 move 19 39
1386 3 move 40 10
1386 4 move 40 24
1387 2 fulfill 19 39
1387 3 move 40 9
1387 4 move 40 23
1388 2 move 19 38
1388 3 move 40 8
1388 4 move 40 22
1389 2 move 19 37
1389 3 move 40 7
1389 4 move 40 21
1390 2 move 19 36
1390 3 move 40 6
1390 4 move 39 21
1391 2 move 19 35
1391 3 move 40 5
1391 4 move 38 21
1392 2 pick 18 35
1392 3 pick 39 5
1392 4 move 37 21
1393 2 move 19 34
1393 3 pick 39 5
1393 4 move 37 22
1394 2 move 19 33
1394 3 move 40 6
1394 4 move 37 23
1395 2 pick 18 33
1395 3 move 40 7
1395 4 move 37 24
1396 2 pick 18 33
1396 3 move 40 8
1396 4 move 37 25
1397 2 move 19 32
1397 3 move 40 9
1397 4 move 37 26
1398 2 pick 18 32
1398 3 move 40 10
1398 4 move 37 27
1399 2 pick 18 32
1399 3 move 40 11
1399 4 move 37 28
1400 2 pick 18 32
1400 3 move 41 11
1400 4 move 37 29
1401 2 pick 18 32
1401 3 move 42 11
1401 4 move 37 30
1402 2 pick 18 32
1402 3 move 43 11
1402 4 move 37 31
1403 2 pick 18 32
1403 3 move 44 11
1403 4 move 37 32
1404 2 pick 18 32
1404 3 pick 45 11
1404 4 pick 38 32
1405 2 move 19 31
1405 3 move 44 10
1405 4 pick 38 32
1406 2 move 19 30
1406 3 move 44 9
1406 4 pick 38 32
1407 2 move 19 29
1407 3 move 44 8
1407 4 move 36 32
1408 2 move 19 28
1408 3 move 44 7
1408 4 move 35 32
1409 2 move 19 27
1409 3 move 44 6
1409 4 move 34 32
1410 2 move 19 26
1410 3 move 44 5
1410 4 move 33 32
1411 2 move 19 25
1411 3 move 44 4
1411 4 move 33 31
1412 2 move 19 24
1412 3 move 44 3
1412 4 move 33 30
1413 2 move 19 23
1413 3 move 44 2
1413 4 move 33 29
1414 2 move 19 22
1414 3 move 44 1
1414 4 pick 32 29
1415 2 move 19 21
1415 3 move 44 0
1415 4 pick 32 29
1416 2 move 18 21
1416 3 fulfill 44 0
1416 4 move 33 30
1417 2 move 17 21
1417 3 move 43 0
1417 4 move 33 31
1418 2 move 16 21
1418 3 move 42 0
1418 4 move 33 32
1419 2 move 16 22
1419 3 move 41 0
1419 4 move 33 33
1420 2 move 16 23
1420 3 move 40 0
1420 4 move 33 34
1421 2 move 16 24
1421 3 move 40 1
1421 4 move 33 35
1422 2 move 16 25
1422 3 move 40 2
1422 4 move 33 36
1423 2 move 16 26
1423 3 pick 39 2
1423 4 move 33 37
1424 2 move 16 27
1424 3 pick 39 2
1424 4 move 33 38
1425 2 move 16 28
1425 3 move 40 3
1425 4 move 33 39
1426 2 move 16 29
1426 3 move 40 4
1426 4 fulfill 33 39
1427 2 move 16 30
1427 3 move 40 5
1427 4 move 33 38
1428 2 move 16 31
1428 3 pick 39 5
1428 4 move 34 38
1429 2 move 16 32
1429 3 pick 39 5
1429 4 move 35 38
1430 2 pick 17 32
1430 3 move 40 6
1430 4 move 36 38
1431 2 move 16 33
1431 3 move 40 7
1431 4 move 37 38
1432 2 pick 17 33
1432 3 move 40 8
1432 4 pick 38 38
1433 2 move 16 34
1433 3 move 40 9
1433 4 move 37 37
1434 2 pick 17 34
1434 3 move 40 10
1434 4 pick 38 37
1435 2 move 16 33
1435 3 move 40 11
1435 4 move 37 36
1436 2 move 16 32
1436 3 move 40 12
1436 4 pick 38 36
1437 2 move 16 31
1437 3 move 40 13
1437 4 move 37 35
1438 2 move 16 30
1438 3 move 40 14
1438 4 move 37 34
1439 2 pick 17 30
1439 3 move 40 15
1439 4 move 37 33
1440 2 move 16 31
1440 3 move 40 16
1440 4 pick 38 33
1441 2 move 16 32
1441 3 move 39 16
1441 4 pick 38 33
1442 2 move 16 33
1442 3 move 38 16
1442 4 move 37 32
1443 2 move 16 34
1443 3 move 37 16
1443 4 pick 38 32
1444 2 move 16 35
1444 3 move 37 15
1444 4 pick 38 32
1445 2 move 16 36
1445 3 move 37 14
1445 4 move 37 31
1446 2 move 16 37
1446 3 move 37 13
1446 4 move 37 30
1447 2 move 16 38
1447 3 move 37 12
1447 4 move 37 29
1448 2 move 16 39
1448 3 move 37 11
1448 4 move 37 28
1449 2 fulfill 16 39
1449 3 move 37 10
1449 4 move 37 27
1450 2 move 16 38
1450 3 move 37 9
1450 4 move 37 26
1451 2 move 16 37
1451 3 move 37 8
1451 4 move 37 25
1452 2 move 16 36
1452 3 move 37 7
1452 4 move 37 24
1453 2 move 16 35
1453 3 move 37 6
1453 4 move 37 23
1454 2 move 16 34
1454 3 move 37 5
1454 4 move 37 22
1455 2 move 16 33
1455 3 pick 38 5
1455 4 move 37 21
1456 2 move 16 32
1456 3 pick 38 5
1456 4 move 38 21
1457 2 move 16 31
1457 3 pick 38 5
1457 4 move 39 21
1458 2 move 16 30
1458 3 pick 38 5
1458 4 move 40 21
1459 2 move 16 29
1459 3 pick 38 5
1459 4 move 40 22
1460 2 move 16 28
1460 3 move 37 4
1460 4 move 40 23
1461 2 move 16 27
1461 3 pick 38 4
1461 4 move 40 24
1462 2 move 16 26
1462 3 pick 38 4
1462 4 move 40 25
1463 2 move 16 25
1463 3 move 37 5
1463 4 move 40 26
1464 2 move 16 24
1464 3 move 37 6
1464 4 move 40 27
1465 2 move 16 23
1465 3 move 37 7
1465 4 move 40 28
1466 2 move 16 22
1466 3 pick 38 7
1466 4 move 40 29
1467 2 move 16 21
1467 3 move 37 6
1467 4 move 40 30
1468 2 move 17 21
1468 3 move 37 5
1468 4 move 40 31
1469 2 move 18 21
1469 3 move 37 4
1469 4 move 40 32
1470 2 move 19 21
1470 3 move 37 3
1470 4 move 40 33
1471 2 move 19 22
1471 3 move 37 2
1471 4 pick 39 33
1472 2 move 19 23
1472 3 move 37 1
1472 4 move 40 34
1473 2 move 19 24
1473 3 pick 38 1
1473 4 move 40 35
1474 2 move 19 25
1474 3 move 37 0
1474 4 move 40 36
1475 2 move 19 26
1475 3 fulfill 37 0
1475 4 move 40 37
1476 2 move 19 27
1476 3 move 37 1
1476 4 move 40 38
1477 2 move 19 28
1477 3 move 37 2
1477 4 move 40 39
1478 2 move 19 29
1478 3 move 37 3
1478 4 pick 39 39
1479 2 move 19 30
1479 3 move 37 4
1479 4 move 40 38
1480 2 move 19 31
1480 3 move 37 5
1480 4 move 40 37
1481 2 move 19 32
1481 3 pick 38 5
1481 4 move 40 36
1482 2 move 19 33
1482 3 pick 38 5
1482 4 move 40 35
1483 2 move 19 34
1483 3 pick 38 5
1483 4 move 40 34
1484 2 move 19 35
1484 3 pick 38 5
1484 4 move 40 33
1485 2 move 19 36
1485 3 pick 38 5
1485 4 move 40 32
1486 2 move 19 37
1486 3 pick 38 5
1486 4 move 40 31
1487 2 move 19 38
1487 3 move 37 6
1487 4 move 40 30
1488 2 move 19 39
1488 3 move 37 7
1488 4 move 41 30
1489 2 pick 18 39
1489 3 pick 38 7
1489 4 move 42 30
1490 2 move 19 38
1490 3 move 37 8
1490 4 move 43 30
1491 2 move 19 37
1491 3 pick 38 8
1491 4 move 44 30
1492 2 move 19 36
1492 3 pick 38 8
1492 4 pick 45 30
1493 2 move 19 35
1493 3 move 36 8
1493 4 move 44 31
1494 2 move 19 34
1494 3 move 35 8
1494 4 move 44 32
1495 2 move 19 33
1495 3 move 34 8
1495 4 move 44 33
1496 2 move 19 32
1496 3 move 33 8
1496 4 move 44 34
1497 2 pick 18 32
1497 3 move 33 9
1497 4 move 44 35
1498 2 pick 18 32
1498 3 pick 32 9
1498 4 move 44 36
1499 2 pick 18 32
1499 3 pick 32 9
1499 4 move 44 37
1500 2 move 19 31
1500 3 pick 32 9
1500 4 move 44 38
1501 2 move 19 30
1501 3 move 34 9
1501 4 move 44 39
1502 2 move 19 29
1502 3 move 35 9
1502 4 fulfill 44 39
1503 2 move 19 28
1503 3 move 36 9
1503 4 move 43 39
1504 2 move 19 27
1504 3 move 37 9
1504 4 move 42 39
1505 2 move 19 26
1505 3 move 37 10
1505 4 move 41 39
1506 2 move 19 25
1506 3 move 37 11
1506 4 move 40 39
1507 2 move 19 24
1507 3 move 37 12
1507 4 move 40 38
1508 2 move 19 23
1508 3 move 37 13
1508 4 pick 39 38
1509 2 move 19 22
1509 3 move 37 14
1509 4 move 40 37
1510 2 move 19 21
1510 3 move 37 15
1510 4 move 40 36
1511 2 move 18 21
1511 3 move 37 16
1511 4 move 40 35
1512 2 move 17 21
1512 3 move 38 16
1512 4 move 40 34
1513 2 move 16 21
1513 3 move 39 16
1513 4 pick 39 34
1514 2 move 16 22
1514 3 move 40 16
1514 4 move 40 33
1515 2 move 16 23
1515 3 move 40 15
1515 4 move 40 32
1516 2 move 16 24
1516 3 move 40 14
1516 4 move 40 31
1517 2 move 16 25
1517 3 move 40 13
1517 4 move 40 30
1518 2 move 16 26
1518 3 move 40 12
1518 4 move 40 29
1519 2 move 16 27
1519 3 move 40 11
1519 4 move 40 28
1520 2 move 16 28
1520 3 move 40 10
1520 4 move 40 27
1521 2 move 16 29
1521 3 move 40 9
1521 4 move 40 26
1522 2 move 16 30
1522 3 move 40 8
1522 4 move 40 25
1523 2 move 16 31
1523 3 move 40 7
1523 4 move 40 24
1524 2 move 16 32
1524 3 move 40 6
1524 4 move 40 23
1525 2 pick 17 32
1525 3 pick 39 6
1525 4 move 40 22
1526 2 pick 17 32
1526 3 move 40 7
1526 4 move 40 21
1527 2 move 16 33
1527 3 move 40 8
1527 4 move 39 21
1528 2 pick 17 33
1528 3 move 40 9
1528 4 move 38 21
1529 2 move 16 34
1529 3 move 40 10
1529 4 move 37 21
1530 2 move 16 35
1530 3 move 40 11
1530 4 move 37 22
1531 2 move 16 36
1531 3 move 41 11
1531 4 move 37 23
1532 2 move 16 37
1532 3 move 42 11
1532 4 move 37 24
1533 2 move 16 38
1533 3 move 43 11
1533 4 move 37 25
1534 2 move 16 39
1534 3 move 44 11
1534 4 move 37 26
1535 2 fulfill 16 39
1535 3 pick 45 11
1535 4 move 37 27
1536 2 move 16 38
1536 3 move 44 10
1536 4 move 37 28
1537 2 pick 17 38
1537 3 move 44 9
1537 4 move 37 29
1538 2 move 16 37
1538 3 move 44 8
1538 4 move 37 30
1539 2 move 16 36
1539 3 move 44 7
1539 4 move 37 31
1540 2 move 16 35
1540 3 move 44 6
1540 4 move 37 32
1541 2 move 16 34
1541 3 move 44 5
1541 4 move 37 33
1542 2 move 16 33
1542 3 move 44 4
1542 4 move 37 34
1543 2 pick 17 33
1543 3 move 44 3
1543 4 pick 38 34
1544 2 pick 17 33
1544 3 move 44 2
1544 4 move 37 33
1545 2 pick 17 33
1545 3 move 44 1
1545 4 move 37 32
1546 2 move 16 32
1546 3 move 44 0
1546 4 pick 38 32
1547 2 pick 17 32
1547 3 fulfill 44 0
1547 4 pick 38 32
1548 2 pick 17 32
1548 3 move 44 1
1548 4 pick 38 32
1549 2 move 16 31
1549 3 move 44 2
1549 4 move 37 33
1550 2 move 16 30
1550 3 move 44 3
1550 4 move 37 34
1551 2 move 16 29
1551 3 move 44 4
1551 4 move 37 35
1552 2 move 16 28
1552 3 move 44 5
1552 4 move 37 36
1553 2 move 16 27
1553 3 move 45 5
1553 4 move 37 37
1554 2 move 16 26
1554 3 move 46 5
1554 4 move 37 38
1555 2 move 16 25
1555 3 pick 46 6
1555 4 move 37 39
1556 2 move 16 24
1556 3 pick 46 6
1556 4 fulfill 37 39
1557 2 move 16 23
1557 3 pick 46 6
1557 4 move 37 38
1558 2 move 16 22
1558 3 move 45 5
1558 4 move 37 37
1559 2 move 16 21
1559 3 move 44 5
1559 4 move 37 36
1560 2 move 17 21
1560 3 move 44 6
1560 4 move 37 35
1561 2 move 18 21
1561 3 move 44 7
1561 4 move 37 34
1562 2 move 19 21
1562 3 move 44 8
1562 4 move 37 33
1563 2 move 19 22
1563 3 move 44 9
1563 4 move 37 32
1564 2 move 19 23
1564 3 pick 45 9
1564 4 move 37 31
1565 2 move 19 24
1565 3 move 44 8
1565 4 move 37 30
1566 2 move 19 25
1566 3 move 44 7
1566 4 move 37 29
1567 2 move 19 26
1567 3 move 44 6
1567 4 move 37 28
1568 2 move 19 27
1568 3 move 44 5
1568 4 move 37 27
1569 2 move 19 28
1569 3 move 45 5
1569 4 move 37 26
1570 2 move 19 29
1570 3 move 46 5
1570 4 move 37 25
1571 2 move 19 30
1571 3 move 47 5
1571 4 move 37 24
1572 2 move 19 31
1572 3 move 47 6
1572 4 move 37 23
1573 2 move 19 32
1573 3 move 47 7
1573 4 move 37 22
1574 2 pick 18 32
1574 3 move 47 8
1574 4 move 37 21
1575 2 pick 18 32
1575 3 move 47 9
1575 4 move 38 21
1576 2 pick 18 32
1576 3 move 47 10
1576 4 move 39 21
1577 2 move 19 33
1577 3 pick 46 10
1577 4 move 40 21
1578 2 pick 18 33
1578 3 pick 46 10
1578 4 move 40 22
1579 2 move 19 34
1579 3 move 47 11
1579 4 move 40 23
1580 2 move 19 35
1580 3 move 47 12
1580 4 move 40 24
1581 2 move 19 36
1581 3 pick 46 12
1581 4 move 40 25
1582 2 move 19 37
1582 3 pick 46 12
1582 4 move 40 26
1583 2 move 19 38
1583 3 move 47 11
1583 4 move 40 27
1584 2 move 19 39
1584 3 move 47 10
1584 4 move 40 28
1585 2 fulfill 19 39
1585 3 move 47 9
1585 4 move 40 29
1586 2 pick 18 39
1586 3 move 47 8
1586 4 move 40 30
1587 2 move 19 38
1587 3 move 47 7
1587 4 move 40 31
1588 2 move 19 37
1588 3 move 47 6
1588 4 move 40 32
1589 2 move 19 36
1589 3 move 47 5
1589 4 move 40 33
1590 2 move 19 35
1590 3 move 46 5
1590 4 move 40 34
1591 2 pick 18 35
1591 3 move 45 5
1591 4 move 40 35
1592 2 move 19 34
1592 3 move 44 5
1592 4 move 40 36
1593 2 pick 18 34
1593 3 move 43 5
1593 4 move 40 37
1594 2 move 19 33
1594 3 move 42 5
1594 4 move 40 38
1595 2 move 19 32
1595 3 move 41 5
1595 4 move 40 39
1596 2 pick 18 32
1596 3 move 40 5
1596 4 pick 39 39
1597 2 move 19 31
1597 3 move 40 4
1597 4 move 40 38
1598 2 move 19 30
1598 3 move 40 3
1598 4 move 40 37
1599 2 move 19 29
1599 3 pick 39 3
1599 4 pick 39 37
1600 2 move 19 28
1600 3 move 40 2
1600 4 move 40 36
1601 2 move 19 27
1601 3 move 40 1
1601 4 move 40 35
1602 2 move 19 26
1602 3 move 40 0
1602 4 move 40 34
1603 2 move 19 25
1603 3 fulfill 40 0
1603 4 move 40 33
1604 2 move 19 24
1604 3 move 40 1
1604 4 move 40 32
1605 2 move 19 23
1605 3 move 40 2
1605 4 pick 39 32
1606 2 move 19 22
1606 3 move 40 3
1606 4 pick 39 32
1607 2 move 19 21
1607 3 move 40 4
1607 4 move 40 31
1608 2 move 18 21
1608 3 move 40 5
1608 4 move 40 30
1609 2 move 17 21
1609 3 move 40 6
1609 4 move 40 29
1610 2 move 16 21
1610 3 move 40 7
1610 4 move 40 28
1611 2 move 16 22
1611 3 move 40 8
1611 4 move 40 27
1612 2 move 16 23
1612 3 move 40 9
1612 4 move 40 26
1613 2 move 16 24
1613 3 move 40 10
1613 4 move 40 25
1614 2 move 16 25
1614 3 move 40 11
1614 4 move 40 24
1615 2 move 16 26
1615 3 move 40 12
1615 4 move 40 23
1616 2 move 16 27
1616 3 move 40 13
1616 4 move 40 22
1617 2 move 16 28
1617 3 move 40 14
1617 4 move 40 21
1618 2 move 16 29
1618 3 move 40 15
1618 4 move 39 21
1619 2 move 16 30
1619 3 move 40 16
1619 4 move 38 21
1620 2 move 16 31
1620 3 move 39 16
1620 4 move 37 21
1621 2 move 16 32
1621 3 move 38 16
1621 4 move 37 22
1622 2 pick 17 32
1622 3 move 37 16
1622 4 move 37 23
1623 2 pick 17 32
1623 3 move 37 15
1623 4 move 37 24
1624 2 pick 17 32
1624 3 move 37 14
1624 4 move 37 25
1625 2 pick 17 32
1625 3 move 37 13
1625 4 move 37 26
1626 2 pick 17 32
1626 3 move 37 12
1626 4 move 37 27
1627 2 move 16 33
1627 3 move 37 11
1627 4 move 37 28
1628 2 move 16 34
1628 3 move 37 10
1628 4 move 37 29
1629 2 move 16 35
1629 3 move 37 9
1629 4 move 37 30
1630 2 move 16 36
1630 3 move 37 8
1630 4 move 37 31
1631 2 move 16 37
1631 3 move 37 7
1631 4 move 37 32
1632 2 move 16 38
1632 3 move 37 6
1632 4 pick 38 32
1633 2 move 16 39
1633 3 move 37 5
1633 4 pick 38 32
1634 2 fulfill 16 39
1634 3 move 37 4
1634 4 pick 38 32
1635 2 move 16 38
1635 3 move 37 3
1635 4 move 37 33
1636 2 move 16 37
1636 3 move 37 2
1636 4 move 37 34
1637 2 move 16 36
1637 3 pick 38 2
1637 4 move 37 35
1638 2 pick 17 36
1638 3 move 37 3
1638 4 pick 38 35
1639 2 move 16 35
1639 3 move 37 4
1639 4 move 37 36
1640 2 move 16 34
1640 3 pick 38 4
1640 4 move 37 37
1641 2 move 16 33
1641 3 pick 38 4
1641 4 move 37 38
1642 2 pick 17 33
1642 3 move 37 5
1642 4 move 37 39
1643 2 move 16 32
1643 3 pick 38 5
1643 4 fulfill 37 39
1644 2 pick 17 32
1644 3 pick 38 5
1644 4 move 37 38
1645 2 pick 17 32
1645 3 pick 38 5
1645 4 move 37 37
1646 2 pick 17 32
1646 3 pick 38 5
1646 4 move 37 36
1647 2 pick 17 32
1647 3 move 37 6
1647 4 move 37 35
1648 2 pick 17 32
1648 3 pick 38 6
1648 4 pick 38 35
1649 2 pick 17 32
1649 3 pick 38 6
1649 4 move 37 34
1650 2 move 16 31
1650 3 move 37 7
1650 4 pick 38 34
1651 2 move 16 30
1651 3 move 37 8
1651 4 move 37 33
1652 2 pick 17 30
1652 3 move 37 9
1652 4 move 37 32
1653 2 move 16 31
1653 3 move 37 10
1653 4 pick 38 32
1654 2 move 16 32
1654 3 move 37 11
1654 4 pick 38 32
1655 2 move 16 33
1655 3 move 37 12
1655 4 pick 38 32
1656 2 move 16 34
1656 3 move 37 13
1656 4 move 37 31
1657 2 move 16 35
1657 3 move 37 14
1657 4 move 37 30
1658 2 move 16 36
1658 3 move 37 15
1658 4 move 37 29
1659 2 move 16 37
1659 3 move 37 16
1659 4 move 37 28
1660 2 move 16 38
1660 3 move 38 16
1660 4 move 37 27
1661 2 move 16 39
1661 3 move 39 16
1661 4 move 37 26
1662 2 fulfill 16 39
1662 3 move 40 16
1662 4 move 37 25
1663 2 move 16 38
1663 3 move 40 15
1663 4 move 37 24
1664 2 move 16 37
1664 3 move 40 14
1664 4 move 37 23
1665 2 move 16 36
1665 3 move 40 13
1665 4 move 37 22
1666 2 move 16 35
1666 3 move 40 12
1666 4 move 37 21
1667 2 move 16 34
1667 3 move 40 11
1667 4 move 38 21
1668 2 move 16 33
1668 3 move 40 10
1668 4 move 39 21
1669 2 move 16 32
1669 3 move 40 9
1669 4 move 40 21
1670 2 move 16 31
1670 3 move 40 8
1670 4 move 40 22
1671 2 move 16 30
1671 3 move 40 7
1671 4 move 40 23
1672 2 move 16 29
1672 3 move 40 6
1672 4 move 40 24
1673 2 move 16 28
1673 3 move 40 5
1673 4 move 40 25
1674 2 move 16 27
1674 3 pick 39 5
1674 4 move 40 26
1675 2 move 16 26
1675 3 pick 39 5
1675 4 move 40 27
1676 2 move 16 25
1676 3 move 40 6
1676 4 move 40 28
1677 2 move 16 24
1677 3 move 40 7
1677 4 move 40 29
1678 2 move 16 23
1678 3 move 40 8
1678 4 move 40 30
1679 2 move 16 22
1679 3 move 40 9
1679 4 move 40 31
1680 2 move 16 21
1680 3 move 40 10
1680 4 move 40 32
1681 2 move 17 21
1681 3 pick 39 10
1681 4 pick 39 32
1682 2 move 18 21
1682 3 move 40 9
1682 4 pick 39 32
1683 2 move 19 21
1683 3 move 40 8
1683 4 move 40 33
1684 2 move 19 22
1684 3 move 40 7
1684 4 pick 39 33
1685 2 move 19 23
1685 3 move 40 6
1685 4 move 40 34
1686 2 move 19 24
1686 3 move 40 5
1686 4 pick 39 34
1687 2 move 19 25
1687 3 move 40 4
1687 4 move 40 33
1688 2 move 19 26
1688 3 move 40 3
1688 4 move 40 32
1689 2 move 19 27
1689 3 move 40 2
1689 4 move 40 31
1690 2 move 19 28
1690 3 move 40 1
1690 4 move 40 30
1691 2 move 19 29
1691 3 move 40 0
1691 4 move 41 30
1692 2 move 19 30
1692 3 fulfill 40 0
1692 4 move 42 30
1693 2 move 19 31
1693 3 move 40 1
1693 4 move 43 30
1694 2 move 19 32
1694 3 pick 39 1
1694 4 move 44 30
1695 2 move 19 33
1695 3 move 40 2
1695 4 pick 45 30
1696 2 move 19 34
1696 3 move 40 3
1696 4 move 44 31
1697 2 move 19 35
1697 3 move 40 4
1697 4 move 44 32
1698 2 move 19 36
1698 3 pick 39 4
1698 4 move 45 32
1699 2 pick 18 36
1699 3 move 40 5
1699 4 move 46 32
1700 2 move 19 35
1700 3 move 40 6
1700 4 move 47 32
1701 2 move 19 34
1701 3 move 40 7
1701 4 move 47 31
1702 2 move 19 33
1702 3 move 40 8
1702 4 move 47 30
1703 2 pick 18 33
1703 3 move 40 9
1703 4 move 47 29
1704 2 move 19 32
1704 3 move 40 10
1704 4 move 47 28
1705 2 move 19 31
1705 3 move 40 11
1705 4 move 47 27
1706 2 move 19 30
1706 3 move 40 12
1706 4 move 47 26
1707 2 move 19 29
1707 3 move 40 13
1707 4 move 47 25
1708 2 move 19 28
1708 3 move 40 14
1708 4 move 47 24
1709 2 move 19 27
1709 3 move 40 15
1709 4 pick 46 24
1710 2 move 19 26
1710 3 move 40 16
1710 4 move 48 24
1711 2 move 19 25
1711 3 move 39 16
1711 4 move 49 24
1712 2 move 19 24
1712 3 move 38 16
1712 4 move 50 24
1713 2 move 19 23
1713 3 move 37 16
1713 4 move 51 24
1714 2 move 19 22
1714 3 move 37 15
1714 4 move 52 24
1715 2 move 19 21
1715 3 move 37 14
1715 4 move 53 24
1716 2 move 18 21
1716 3 move 37 13
1716 4 move 54 24
1717 2 move 17 21
1717 3 move 37 12
1717 4 move 55 24
1718 2 move 16 21
1718 3 move 37 11
1718 4 move 56 24
1719 2 move 16 22
1719 3 move 37 10
1719 4 move 57 24
1720 2 move 16 23
1720 3 move 37 9
1720 4 move 58 24
1721 2 move 16 24
1721 3 move 37 8
1721 4 move 59 24
1722 2 move 16 25
1722 3 move 37 7
1722 4 fulfill 59 24
1723 2 move 16 26
1723 3 move 37 6
1723 4 move 58 24
1724 2 move 16 27
1724 3 move 37 5
1724 4 move 57 24
1725 2 move 16 28
1725 3 pick 38 5
1725 4 move 56 24
1726 2 move 16 29
1726 3 pick 38 5
1726 4 move 55 24
1727 2 move 16 30
1727 3 pick 38 5
1727 4 move 54 24
1728 2 move 16 31
1728 3 move 36 5
1728 4 move 53 24
1729 2 move 16 32
1729 3 move 35 5
1729 4 move 52 24
1730 2 move 16 33
1730 3 move 34 5
1730 4 move 51 24
1731 2 pick 17 33
1731 3 move 33 5
1731 4 move 50 24
1732 2 move 16 32
1732 3 move 32 5
1732 4 move 49 24
1733 2 pick 17 32
1733 3 move 31 5
1733 4 move 48 24
1734 2 move 16 31
1734 3 move 30 5
1734 4 move 47 24
1735 2 move 16 30
1735 3 move 29 5
1735 4 move 47 25
1736 2 move 16 29
1736 3 move 28 5
1736 4 move 47 26
1737 2 move 16 28
1737 3 move 27 5
1737 4 move 47 27
1738 2 move 16 27
1738 3 move 26 5
1738 4 move 47 28
1739 2 move 16 26
1739 3 move 26 6
1739 4 pick 46 28
1740 2 move 16 25
1740 3 pick 25 6
1740 4 move 47 29
1741 2 move 16 24
1741 3 move 26 5
1741 4 pick 46 29
1742 2 move 16 23
1742 3 move 26 4
1742 4 pick 46 29
1743 2 move 16 22
1743 3 move 26 3
1743 4 move 47 30
1744 2 move 16 21
1744 3 move 26 2
1744 4 move 47 31
1745 2 move 17 21
1745 3 move 26 1
1745 4 move 47 32
1746 2 move 18 21
1746 3 move 26 0
1746 4 move 46 32
1747 2 move 19 21
1747 3 fulfill 26 0
1747 4 move 45 32
1748 2 move 19 22
1748 3 move 26 1
1748 4 move 44 32
1749 2 move 19 23
1749 3 move 26 2
1749 4 move 44 31
1750 2 move 19 24
1750 3 move 26 3
1750 4 move 44 30
1751 2 move 19 25
1751 3 move 26 4
1751 4 move 44 29
1752 2 move 19 26
1752 3 move 26 5
1752 4 move 44 28
1753 2 move 19 27
1753 3 move 26 6
1753 4 pick 45 28
1754 2 move 19 28
1754 3 move 26 7
1754 4 move 43 28
1755 2 pick 18 28
1755 3 pick 25 7
1755 4 move 42 28
1756 2 move 19 29
1756 3 move 26 8
1756 4 move 41 28
1757 2 move 19 30
1757 3 pick 25 8
1757 4 move 40 28
1758 2 move 19 31
1758 3 pick 25 8
1758 4 move 40 29
1759 2 move 19 32
1759 3 move 26 9
1759 4 move 40 30
1760 2 move 19 33
1760 3 pick 25 9
1760 4 pick 39 30
1761 2 move 19 34
1761 3 move 27 9
1761 4 move 40 31
1762 2 move 19 35
1762 3 move 28 9
1762 4 move 40 32
1763 2 move 19 36
1763 3 move 29 9
1763 4 pick 39 32
1764 2 move 19 37
1764 3 move 30 9
1764 4 pick 39 32
1765 2 move 19 38
1765 3 pick 31 9
1765 4 pick 39 32
1766 2 move 19 39
1766 3 pick 31 9
1766 4 pick 39 32
1767 2 fulfill 19 39
1767 3 move 30 10
1767 4 pick 39 32
1768 3 move 30 11
1768 4 move 40 31
1769 3 move 30 12
1769 4 move 40 30
1770 3 move 30 13
1770 4 move 40 29
1771 3 move 30 14
1771 4 move 40 28
1772 3 move 30 15
1772 4 move 40 27
1773 3 pick 31 15
1773 4 move 40 26
1774 3 pick 31 15
1774 4 move 40 25
1775 3 pick 31 15
1775 4 move 40 24
1776 3 move 30 16
1776 4 move 40 23
1777 3 move 31 16
1777 4 move 40 22
1778 3 move 32 16
1778 4 move 40 21
1779 3 move 33 16
1779 4 move 39 21
1780 3 move 33 15
1780 4 move 38 21
1781 3 move 33 14
1781 4 move 37 21
1782 3 move 33 13
1782 4 move 37 22
1783 3 pick 32 13
1783 4 move 37 23
1784 3 move 33 14
1784 4 move 37 24
1785 3 move 33 15
1785 4 move 37 25
1786 3 move 33 16
1786 4 move 37 26
1787 3 move 32 16
1787 4 move 37 27
1788 3 move 31 16
1788 4 move 37 28
1789 3 move 30 16
1789 4 move 37 29
1790 3 move 29 16
1790 4 move 37 30
1791 3 move 28 16
1791 4 move 37 31
1792 3 move 27 16
1792 4 move 37 32
1793 3 move 26 16
1793 4 pick 38 32
1794 3 move 25 16
1794 4 pick 38 32
1795 3 move 24 16
1795 4 pick 38 32
1796 3 move 23 16
1796 4 move 37 31
1797 3 move 23 15
1797 4 move 37 30
1798 3 move 23 14
1798 4 move 37 29
1799 3 pick 24 14
1799 4 move 37 28
1800 3 move 23 13
1800 4 move 37 27
1801 3 move 23 12
1801 4 move 37 26
1802 3 move 23 11
1802 4 move 37 25
1803 3 move 23 10
1803 4 move 37 24
1804 3 move 23 9
1804 4 move 37 23
1805 3 move 23 8
1805 4 move 37 22
1806 3 move 23 7
1806 4 move 37 21
1807 3 move 23 6
1807 4 move 38 21
1808 3 move 23 5
1808 4 move 39 21
1809 3 move 23 4
1809 4 move 40 21
1810 3 move 23 3
1810 4 move 40 22
1811 3 move 23 2
1811 4 move 40 23
1812 3 move 23 1
1812 4 move 40 24
1813 3 move 23 0
1813 4 move 40 25
1814 3 fulfill 23 0
1814 4 move 40 26
1815 4 move 40 27
1816 4 move 40 28
1817 4 move 40 29
1818 4 move 40 30
1819 4 move 40 31
1820 4 move 40 32
1821 4 move 40 33
1822 4 move 40 34
1823 4 move 40 35
1824 4 move 40 36
1825 4 pick 39 36
1826 4 move 40 37
1827 4 move 40 38
1828 4 move 40 39
1829 4 fulfill 40 39
